0.8013109429273941 4.728912880179687 32.40993806452906 -20.42597835994438 17.187123897218854 -23.370339868938927 3.150121192047732 1.6724670937654809 13.646628785353208 0.7907544823937784
0.8013109624376769 4.728912890179687 32.40993806452906 -20.42597835994438 17.187123897218854 -23.370339868938927 3.150121192047732 1.6724670937654809 13.646628785353208 0.7907544823937784
0.8013109449230585 4.728912880179687 32.40993807452906 -20.42597835994438 17.187123897218854 -23.370339868938927 3.150121192047732 1.6724670937654809 13.646628785353208 0.7907544823937784
0.8013109435666552 4.728912880179687 32.40993806452906 -20.42597834994438 17.187123897218854 -23.370339868938927 3.150121192047732 1.6724670937654809 13.646628785353208 0.7907544823937784
0.8013109433673847 4.728912880179687 32.40993806452906 -20.42597835994438 17.187123907218854 -23.370339868938927 3.150121192047732 1.6724670937654809 13.646628785353208 0.7907544823937784
0.8013109444209974 4.728912880179687 32.40993806452906 -20.42597835994438 17.187123897218854 -23.370339858938927 3.150121192047732 1.6724670937654809 13.646628785353208 0.7907544823937784
0.8013109542966201 4.728912880179687 32.40993806452906 -20.42597835994438 17.187123897218854 -23.370339868938927 3.150121202047732 1.6724670937654809 13.646628785353208 0.7907544823937784
0.8013109791730757 4.728912880179687 32.40993806452906 -20.42597835994438 17.187123897218854 -23.370339868938927 3.150121192047732 1.6724671037654808 13.646628785353208 0.7907544823937784
0.8013109417091814 4.728912880179687 32.40993806452906 -20.42597835994438 17.187123897218854 -23.370339868938927 3.150121192047732 1.6724670937654809 13.646628795353209 0.7907544823937784
0.8013109526053388 4.728912880179687 32.40993806452906 -20.42597835994438 17.187123897218854 -23.370339868938927 3.150121192047732 1.6724670937654809 13.646628785353208 0.7907544923937785
0.8616981396263004 4.2843041249026435 32.36446000540756 -20.44054611663218 17.177097202158258 -23.404376742127987 2.891034355920296 0.8464848363685016 13.6743899416275 0.570209298820258
0.8616981526302363 4.284304134902643 32.36446000540756 -20.44054611663218 17.177097202158258 -23.404376742127987 2.891034355920296 0.8464848363685016 13.6743899416275 0.570209298820258
0.8616981391887901 4.2843041249026435 32.36446001540756 -20.44054611663218 17.177097202158258 -23.404376742127987 2.891034355920296 0.8464848363685016 13.6743899416275 0.570209298820258
0.8616981394025895 4.2843041249026435 32.36446000540756 -20.44054610663218 17.177097202158258 -23.404376742127987 2.891034355920296 0.8464848363685016 13.6743899416275 0.570209298820258
0.8616981393853415 4.2843041249026435 32.36446000540756 -20.44054611663218 17.17709721215826 -23.404376742127987 2.891034355920296 0.8464848363685016 13.6743899416275 0.570209298820258
0.8616981391441778 4.2843041249026435 32.36446000540756 -20.44054611663218 17.177097202158258 -23.404376732127986 2.891034355920296 0.8464848363685016 13.6743899416275 0.570209298820258
0.8616981356744994 4.2843041249026435 32.36446000540756 -20.44054611663218 17.177097202158258 -23.404376742127987 2.8910343659202957 0.8464848363685016 13.6743899416275 0.570209298820258
0.8616981304776554 4.2843041249026435 32.36446000540756 -20.44054611663218 17.177097202158258 -23.404376742127987 2.891034355920296 0.8464848463685016 13.6743899416275 0.570209298820258
0.8616981404131238 4.2843041249026435 32.36446000540756 -20.44054611663218 17.177097202158258 -23.404376742127987 2.891034355920296 0.8464848363685016 13.6743899516275 0.570209298820258
0.8616981542177364 4.2843041249026435 32.36446000540756 -20.44054611663218 17.177097202158258 -23.404376742127987 2.891034355920296 0.8464848363685016 13.6743899416275 0.570209308820258
0.28777769031333517 4.585254397973968 32.39524355195027 -20.430685378845993 17.18388415041484 -23.38133759555437 3.0664070924134217 1.4055822067313426 13.65559875170521 0.7194936582334197
0.28777769187612895 4.585254407973968 32.39524355195027 -20.430685378845993 17.18388415041484 -23.38133759555437 3.0664070924134217 1.4055822067313426 13.65559875170521 0.7194936582334197
0.2877776887400839 4.585254397973968 32.395243561950274 -20.430685378845993 17.18388415041484 -23.38133759555437 3.0664070924134217 1.4055822067313426 13.65559875170521 0.7194936582334197
0.28777768974428436 4.585254397973968 32.39524355195027 -20.430685368845992 17.18388415041484 -23.38133759555437 3.0664070924134217 1.4055822067313426 13.65559875170521 0.7194936582334197
0.2877776898815242 4.585254397973968 32.39524355195027 -20.430685378845993 17.18388416041484 -23.38133759555437 3.0664070924134217 1.4055822067313426 13.65559875170521 0.7194936582334197
0.2877776890534623 4.585254397973968 32.39524355195027 -20.430685378845993 17.18388415041484 -23.38133758555437 3.0664070924134217 1.4055822067313426 13.65559875170521 0.7194936582334197
0.2877776801445123 4.585254397973968 32.39524355195027 -20.430685378845993 17.18388415041484 -23.38133759555437 3.0664071024134216 1.4055822067313426 13.65559875170521 0.7194936582334197
0.2877776600236069 4.585254397973968 32.39524355195027 -20.430685378845993 17.18388415041484 -23.38133759555437 3.0664070924134217 1.4055822167313425 13.65559875170521 0.7194936582334197
0.28777769176176593 4.585254397973968 32.39524355195027 -20.430685378845993 17.18388415041484 -23.38133759555437 3.0664070924134217 1.4055822067313426 13.65559876170521 0.7194936582334197
0.2877776937563305 4.585254397973968 32.39524355195027 -20.430685378845993 17.18388415041484 -23.38133759555437 3.0664070924134217 1.4055822067313426 13.65559875170521 0.7194936682334198
0.15709762540926445 4.5976173850502855 32.40116086492402 -20.428615149361818 17.185416821148646 -23.37668768653189 3.1033556438108993 1.5176605322660726 13.650676362053229 0.7184642551348412
0.15709762941235678 4.597617395050285 32.40116086492402 -20.428615149361818 17.185416821148646 -23.37668768653189 3.1033556438108993 1.5176605322660726 13.650676362053229 0.7184642551348412
0.1570976263844848 4.5976173850502855 32.401160874924024 -20.428615149361818 17.185416821148646 -23.37668768653189 3.1033556438108993 1.5176605322660726 13.650676362053229 0.7184642551348412
0.15709762574699032 4.5976173850502855 32.40116086492402 -20.428615139361817 17.185416821148646 -23.37668768653189 3.1033556438108993 1.5176605322660726 13.650676362053229 0.7184642551348412
0.1570976256592231 4.5976173850502855 32.40116086492402 -20.428615149361818 17.185416831148647 -23.37668768653189 3.1033556438108993 1.5176605322660726 13.650676362053229 0.7184642551348412
0.1570976261706583 4.5976173850502855 32.40116086492402 -20.428615149361818 17.185416821148646 -23.37668767653189 3.1033556438108993 1.5176605322660726 13.650676362053229 0.7184642551348412
0.1570976313235518 4.5976173850502855 32.40116086492402 -20.428615149361818 17.185416821148646 -23.37668768653189 3.1033556538108993 1.5176605322660726 13.650676362053229 0.7184642551348412
0.15709764216380448 4.5976173850502855 32.40116086492402 -20.428615149361818 17.185416821148646 -23.37668768653189 3.1033556438108993 1.5176605422660725 13.650676362053229 0.7184642551348412
0.15709762468020827 4.5976173850502855 32.40116086492402 -20.428615149361818 17.185416821148646 -23.37668768653189 3.1033556438108993 1.5176605322660726 13.65067637205323 0.7184642551348412
0.15709762713978448 4.5976173850502855 32.40116086492402 -20.428615149361818 17.185416821148646 -23.37668768653189 3.1033556438108993 1.5176605322660726 13.650676362053229 0.7184642651348413
0.06259131156193871 4.582702301807726 32.39885281942837 -20.429390048315028 17.18485868637543 -23.378459268641933 3.089715596386518 1.4772633117342342 13.652266906315965 0.7113384686973355
0.06259131211454506 4.582702311807726 32.39885281942837 -20.429390048315028 17.18485868637543 -23.378459268641933 3.089715596386518 1.4772633117342342 13.652266906315965 0.7113384686973355
0.06259131175169816 4.582702301807726 32.39885282942837 -20.429390048315028 17.18485868637543 -23.378459268641933 3.089715596386518 1.4772633117342342 13.652266906315965 0.7113384686973355
0.06259131163293352 4.582702301807726 32.39885281942837 -20.429390038315027 17.18485868637543 -23.378459268641933 3.089715596386518 1.4772633117342342 13.652266906315965 0.7113384686973355
0.06259131161626662 4.582702301807726 32.39885281942837 -20.429390048315028 17.184858696375432 -23.378459268641933 3.089715596386518 1.4772633117342342 13.652266906315965 0.7113384686973355
0.06259131171582878 4.582702301807726 32.39885281942837 -20.429390048315028 17.18485868637543 -23.378459258641932 3.089715596386518 1.4772633117342342 13.652266906315965 0.7113384686973355
0.06259131280528658 4.582702301807726 32.39885281942837 -20.429390048315028 17.18485868637543 -23.378459268641933 3.089715606386518 1.4772633117342342 13.652266906315965 0.7113384686973355
0.06259131405314336 4.582702301807726 32.39885281942837 -20.429390048315028 17.18485868637543 -23.378459268641933 3.089715596386518 1.4772633217342341 13.652266906315965 0.7113384686973355
0.06259131142473282 4.582702301807726 32.39885281942837 -20.429390048315028 17.18485868637543 -23.378459268641933 3.089715596386518 1.4772633117342342 13.652266916315966 0.7113384686973355
0.06259131178844239 4.582702301807726 32.39885281942837 -20.429390048315028 17.18485868637543 -23.378459268641933 3.089715596386518 1.4772633117342342 13.652266906315965 0.7113384786973356
0.061658967631465764 4.580276497421539 32.398296159438196 -20.42959693292054 17.184702043775925 -23.37890854351044 3.0860794183261304 1.4702231365882237 13.652644233267402 0.710223351341632
0.06165896774316363 4.580276507421539 32.398296159438196 -20.42959693292054 17.184702043775925 -23.37890854351044 3.0860794183261304 1.4702231365882237 13.652644233267402 0.710223351341632
0.061658967642392336 4.580276497421539 32.3982961694382 -20.42959693292054 17.184702043775925 -23.37890854351044 3.0860794183261304 1.4702231365882237 13.652644233267402 0.710223351341632
0.061658967640625895 4.580276497421539 32.398296159438196 -20.42959692292054 17.184702043775925 -23.37890854351044 3.0860794183261304 1.4702231365882237 13.652644233267402 0.710223351341632
0.06165896763959563 4.580276497421539 32.398296159438196 -20.42959693292054 17.184702053775926 -23.37890854351044 3.0860794183261304 1.4702231365882237 13.652644233267402 0.710223351341632
0.061658967645479776 4.580276497421539 32.398296159438196 -20.42959693292054 17.184702043775925 -23.37890853351044 3.0860794183261304 1.4702231365882237 13.652644233267402 0.710223351341632
0.06165896779426402 4.580276497421539 32.398296159438196 -20.42959693292054 17.184702043775925 -23.37890854351044 3.0860794283261304 1.4702231365882237 13.652644233267402 0.710223351341632
0.06165896675472652 4.580276497421539 32.398296159438196 -20.42959693292054 17.184702043775925 -23.37890854351044 3.0860794183261304 1.4702231465882236 13.652644233267402 0.710223351341632
0.06165896763950918 4.580276497421539 32.398296159438196 -20.42959693292054 17.184702043775925 -23.37890854351044 3.0860794183261304 1.4702231365882237 13.652644243267403 0.710223351341632
0.06165896775529012 4.580276497421539 32.398296159438196 -20.42959693292054 17.184702043775925 -23.37890854351044 3.0860794183261304 1.4702231365882237 13.652644233267402 0.710223361341632
0.06154885709599502 4.580044214048204 32.39827947476649 -20.429612221834827 17.18468832217621 -23.378931229731748 3.085810141930654 1.4718812048770193 13.652625862453075 0.7099609388151578
0.061548857278116695 4.580044224048204 32.39827947476649 -20.429612221834827 17.18468832217621 -23.378931229731748 3.085810141930654 1.4718812048770193 13.652625862453075 0.7099609388151578
0.06154885713849361 4.580044214048204 32.39827948476649 -20.429612221834827 17.18468832217621 -23.378931229731748 3.085810141930654 1.4718812048770193 13.652625862453075 0.7099609388151578
0.06154885711613185 4.580044214048204 32.39827947476649 -20.429612211834826 17.18468832217621 -23.378931229731748 3.085810141930654 1.4718812048770193 13.652625862453075 0.7099609388151578
0.06154885711236056 4.580044214048204 32.39827947476649 -20.429612221834827 17.18468833217621 -23.378931229731748 3.085810141930654 1.4718812048770193 13.652625862453075 0.7099609388151578
0.06154885713476856 4.580044214048204 32.39827947476649 -20.429612221834827 17.18468832217621 -23.378931219731747 3.085810141930654 1.4718812048770193 13.652625862453075 0.7099609388151578
0.06154885745044667 4.580044214048204 32.39827947476649 -20.429612221834827 17.18468832217621 -23.378931229731748 3.0858101519306538 1.4718812048770193 13.652625862453075 0.7099609388151578
0.061548856813151205 4.580044214048204 32.39827947476649 -20.429612221834827 17.18468832217621 -23.378931229731748 3.085810141930654 1.4718812148770193 13.652625862453075 0.7099609388151578
0.06154885707821264 4.580044214048204 32.39827947476649 -20.429612221834827 17.18468832217621 -23.378931229731748 3.085810141930654 1.4718812048770193 13.652625872453076 0.7099609388151578
0.061548857232646886 4.580044214048204 32.39827947476649 -20.429612221834827 17.18468832217621 -23.378931229731748 3.085810141930654 1.4718812048770193 13.652625862453075 0.7099609488151578
0.0614200123682168 4.5787977175236865 32.398071316819255 -20.42971162178183 17.184607764130657 -23.37912161911809 3.0840623818643342 1.4737232856133868 13.652697029455071 0.709025412469399
0.061420012601476816 4.578797727523686 32.398071316819255 -20.42971162178183 17.184607764130657 -23.37912161911809 3.0840623818643342 1.4737232856133868 13.652697029455071 0.709025412469399
0.06142001243250176 4.5787977175236865 32.398071326819256 -20.42971162178183 17.184607764130657 -23.37912161911809 3.0840623818643342 1.4737232856133868 13.652697029455071 0.709025412469399
0.06142001239587819 4.5787977175236865 32.398071316819255 -20.42971161178183 17.184607764130657 -23.37912161911809 3.0840623818643342 1.4737232856133868 13.652697029455071 0.709025412469399
0.06142001239020238 4.5787977175236865 32.398071316819255 -20.42971162178183 17.184607774130658 -23.37912161911809 3.0840623818643342 1.4737232856133868 13.652697029455071 0.709025412469399
0.061420012424007776 4.5787977175236865 32.398071316819255 -20.42971162178183 17.184607764130657 -23.37912160911809 3.0840623818643342 1.4737232856133868 13.652697029455071 0.709025412469399
0.06142001285480684 4.5787977175236865 32.398071316819255 -20.42971162178183 17.184607764130657 -23.37912161911809 3.084062391864334 1.4737232856133868 13.652697029455071 0.709025412469399
0.061420012502894805 4.5787977175236865 32.398071316819255 -20.42971162178183 17.184607764130657 -23.37912161911809 3.0840623818643342 1.4737232956133868 13.652697029455071 0.709025412469399
0.061420012332599964 4.5787977175236865 32.398071316819255 -20.42971162178183 17.184607764130657 -23.37912161911809 3.0840623818643342 1.4737232856133868 13.652697039455072 0.709025412469399
0.06142001251546092 4.5787977175236865 32.398071316819255 -20.42971162178183 17.184607764130657 -23.37912161911809 3.0840623818643342 1.4737232856133868 13.652697029455071 0.709025422469399
0.06093949285006432 4.57227759414987 32.39693633987452 -20.43023637780173 17.184185725927914 -23.380142106536926 3.0748305425831406 1.4802408164894016 13.653140218261271 0.7043368127128687
0.060939493203485545 4.57227760414987 32.39693633987452 -20.43023637780173 17.184185725927914 -23.380142106536926 3.0748305425831406 1.4802408164894016 13.653140218261271 0.7043368127128687
0.06093949296154978 4.57227759414987 32.39693634987452 -20.43023637780173 17.184185725927914 -23.380142106536926 3.0748305425831406 1.4802408164894016 13.653140218261271 0.7043368127128687
0.06093949289393674 4.57227759414987 32.39693633987452 -20.43023636780173 17.184185725927914 -23.380142106536926 3.0748305425831406 1.4802408164894016 13.653140218261271 0.7043368127128687
0.060939492884055355 4.57227759414987 32.39693633987452 -20.43023637780173 17.184185735927915 -23.380142106536926 3.0748305425831406 1.4802408164894016 13.653140218261271 0.7043368127128687
0.06093949294264328 4.57227759414987 32.39693633987452 -20.43023637780173 17.184185725927914 -23.380142096536925 3.0748305425831406 1.4802408164894016 13.653140218261271 0.7043368127128687
0.060939493623313766 4.57227759414987 32.39693633987452 -20.43023637780173 17.184185725927914 -23.380142106536926 3.0748305525831405 1.4802408164894016 13.653140218261271 0.7043368127128687
0.060939493907574215 4.57227759414987 32.39693633987452 -20.43023637780173 17.184185725927914 -23.380142106536926 3.0748305425831406 1.4802408264894016 13.653140218261271 0.7043368127128687
0.06093949277598357 4.57227759414987 32.39693633987452 -20.43023637780173 17.184185725927914 -23.380142106536926 3.0748305425831406 1.4802408164894016 13.653140228261272 0.7043368127128687
0.06093949302608405 4.57227759414987 32.39693633987452 -20.43023637780173 17.184185725927914 -23.380142106536926 3.0748305425831406 1.4802408164894016 13.653140218261271 0.7043368227128688
0.0597166721001124 4.553085805543686 32.393560432055594 -20.431779284308373 17.182948859374843 -23.383159183773046 3.047668584709689 1.495967441840787 13.654512325059635 0.6907589316310151
0.05971667262505309 4.553085815543686 32.393560432055594 -20.431779284308373 17.182948859374843 -23.383159183773046 3.047668584709689 1.495967441840787 13.654512325059635 0.6907589316310151
0.059716672268056076 4.553085805543686 32.393560442055595 -20.431779284308373 17.182948859374843 -23.383159183773046 3.047668584709689 1.495967441840787 13.654512325059635 0.6907589316310151
0.05971667216323408 4.553085805543686 32.393560432055594 -20.431779274308372 17.182948859374843 -23.383159183773046 3.047668584709689 1.495967441840787 13.654512325059635 0.6907589316310151
0.059716672148363625 4.553085805543686 32.393560432055594 -20.431779284308373 17.182948869374844 -23.383159183773046 3.047668584709689 1.495967441840787 13.654512325059635 0.6907589316310151
0.05971667223649977 4.553085805543686 32.393560432055594 -20.431779284308373 17.182948859374843 -23.383159173773045 3.047668584709689 1.495967441840787 13.654512325059635 0.6907589316310151
0.05971667322237531 4.553085805543686 32.393560432055594 -20.431779284308373 17.182948859374843 -23.383159183773046 3.047668594709689 1.495967441840787 13.654512325059635 0.6907589316310151
0.05971667429117641 4.553085805543686 32.393560432055594 -20.431779284308373 17.182948859374843 -23.383159183773046 3.047668584709689 1.4959674518407868 13.654512325059635 0.6907589316310151
0.059716671980458026 4.553085805543686 32.393560432055594 -20.431779284308373 17.182948859374843 -23.383159183773046 3.047668584709689 1.495967441840787 13.654512335059636 0.6907589316310151
0.05971667232649554 4.553085805543686 32.393560432055594 -20.431779284308373 17.182948859374843 -23.383159183773046 3.047668584709689 1.495967441840787 13.654512325059635 0.6907589416310151
0.054133800336674254 4.4734559606596696 32.37957045642637 -20.438147101936796 17.177849808324197 -23.395634964938086 2.935452025385291 1.5558759032123006 13.66026442562185 0.6347733289540151
0.05413380101762433 4.4734559706596695 32.37957045642637 -20.438147101936796 17.177849808324197 -23.395634964938086 2.935452025385291 1.5558759032123006 13.66026442562185 0.6347733289540151
0.0541338005261667 4.4734559606596696 32.37957046642637 -20.438147101936796 17.177849808324197 -23.395634964938086 2.935452025385291 1.5558759032123006 13.66026442562185 0.6347733289540151
0.0541338004071959 4.4734559606596696 32.37957045642637 -20.438147091936795 17.177849808324197 -23.395634964938086 2.935452025385291 1.5558759032123006 13.66026442562185 0.6347733289540151
0.054133800390507796 4.4734559606596696 32.37957045642637 -20.438147101936796 17.177849818324198 -23.395634964938086 2.935452025385291 1.5558759032123006 13.66026442562185 0.6347733289540151
0.05413380048992184 4.4734559606596696 32.37957045642637 -20.438147101936796 17.177849808324197 -23.395634954938085 2.935452025385291 1.5558759032123006 13.66026442562185 0.6347733289540151
0.05413380163542694 4.4734559606596696 32.37957045642637 -20.438147101936796 17.177849808324197 -23.395634964938086 2.935452035385291 1.5558759032123006 13.66026442562185 0.6347733289540151
0.05413380301649593 4.4734559606596696 32.37957045642637 -20.438147101936796 17.177849808324197 -23.395634964938086 2.935452025385291 1.5558759132123006 13.66026442562185 0.6347733289540151
0.05413380020108196 4.4734559606596696 32.37957045642637 -20.438147101936796 17.177849808324197 -23.395634964938086 2.935452025385291 1.5558759032123006 13.660264435621851 0.6347733289540151
0.05413380062369551 4.4734559606596696 32.37957045642637 -20.438147101936796 17.177849808324197 -23.395634964938086 2.935452025385291 1.5558759032123006 13.66026442562185 0.6347733389540151
0.06405047438153484 4.154936581123603 32.32361055390948 -20.463618372450487 17.157453604121613 -23.445538089598248 2.486585788087699 1.7955097486983556 13.683272827870713 0.4108309182460149
0.06405047366985561 4.154936591123603 32.32361055390948 -20.463618372450487 17.157453604121613 -23.445538089598248 2.486585788087699 1.7955097486983556 13.683272827870713 0.4108309182460149
0.06405047440352236 4.154936581123603 32.32361056390948 -20.463618372450487 17.157453604121613 -23.445538089598248 2.486585788087699 1.7955097486983556 13.683272827870713 0.4108309182460149
0.0640504743986979 4.154936581123603 32.32361055390948 -20.463618362450486 17.157453604121613 -23.445538089598248 2.486585788087699 1.7955097486983556 13.683272827870713 0.4108309182460149
0.06405047439437568 4.154936581123603 32.32361055390948 -20.463618372450487 17.157453614121614 -23.445538089598248 2.486585788087699 1.7955097486983556 13.683272827870713 0.4108309182460149
0.06405047440830017 4.154936581123603 32.32361055390948 -20.463618372450487 17.157453604121613 -23.445538079598247 2.486585788087699 1.7955097486983556 13.683272827870713 0.4108309182460149
0.0640504748486835 4.154936581123603 32.32361055390948 -20.463618372450487 17.157453604121613 -23.445538089598248 2.486585798087699 1.7955097486983556 13.683272827870713 0.4108309182460149
0.06405047370705194 4.154936581123603 32.32361055390948 -20.463618372450487 17.157453604121613 -23.445538089598248 2.486585788087699 1.7955097586983555 13.683272827870713 0.4108309182460149
0.06405047434993856 4.154936581123603 32.32361055390948 -20.463618372450487 17.157453604121613 -23.445538089598248 2.486585788087699 1.7955097486983556 13.683272837870714 0.4108309182460149
0.06405047321079714 4.154936581123603 32.32361055390948 -20.463618372450487 17.157453604121613 -23.445538089598248 2.486585788087699 1.7955097486983556 13.683272827870713 0.4108309282460149
0.045232147492685254 4.404534225122955 32.36746176273387 -20.443658616409433 17.17343644486088 -23.4064330832984 2.8383256271628508 1.6077282600399818 13.665243020698949 0.5863163100161035
0.04523214734292887 4.404534235122955 32.36746176273387 -20.443658616409433 17.17343644486088 -23.4064330832984 2.8383256271628508 1.6077282600399818 13.665243020698949 0.5863163100161035
0.04523214753263923 4.404534225122955 32.36746177273387 -20.443658616409433 17.17343644486088 -23.4064330832984 2.8383256271628508 1.6077282600399818 13.665243020698949 0.5863163100161035
0.045232147513419425 4.404534225122955 32.36746176273387 -20.443658606409432 17.17343644486088 -23.4064330832984 2.8383256271628508 1.6077282600399818 13.665243020698949 0.5863163100161035
0.045232147509703294 4.404534225122955 32.36746176273387 -20.443658616409433 17.17343645486088 -23.4064330832984 2.8383256271628508 1.6077282600399818 13.665243020698949 0.5863163100161035
0.04523214753128481 4.404534225122955 32.36746176273387 -20.443658616409433 17.17343644486088 -23.4064330732984 2.8383256271628508 1.6077282600399818 13.665243020698949 0.5863163100161035
0.04523214790803422 4.404534225122955 32.36746176273387 -20.443658616409433 17.17343644486088 -23.4064330832984 2.8383256371628507 1.6077282600399818 13.665243020698949 0.5863163100161035
0.04523214708773436 4.404534225122955 32.36746176273387 -20.443658616409433 17.17343644486088 -23.4064330832984 2.8383256271628508 1.6077282700399818 13.665243020698949 0.5863163100161035
0.045232147462340534 4.404534225122955 32.36746176273387 -20.443658616409433 17.17343644486088 -23.4064330832984 2.8383256271628508 1.6077282600399818 13.66524303069895 0.5863163100161035
0.045232147225841665 4.404534225122955 32.36746176273387 -20.443658616409433 17.17343644486088 -23.4064330832984 2.8383256271628508 1.6077282600399818 13.665243020698949 0.5863163200161036
0.14803327502270944 3.3941430372089174 32.188884735371616 -20.525014115588103 17.108274882013298 -23.56576240711012 1.4040901484404058 2.38235736467666 13.738786516823298 -0.12256241885971275
0.14803327557954352 3.3941430472089174 32.188884735371616 -20.525014115588103 17.108274882013298 -23.56576240711012 1.4040901484404058 2.38235736467666 13.738786516823298 -0.12256241885971275
0.14803327501344588 3.3941430372089174 32.18888474537162 -20.525014115588103 17.108274882013298 -23.56576240711012 1.4040901484404058 2.38235736467666 13.738786516823298 -0.12256241885971275
0.14803327501672414 3.3941430372089174 32.188884735371616 -20.525014105588102 17.108274882013298 -23.56576240711012 1.4040901484404058 2.38235736467666 13.738786516823298 -0.12256241885971275
0.1480332750152567 3.3941430372089174 32.188884735371616 -20.525014115588103 17.1082748920133 -23.56576240711012 1.4040901484404058 2.38235736467666 13.738786516823298 -0.12256241885971275
0.14803327500988162 3.3941430372089174 32.188884735371616 -20.525014115588103 17.108274882013298 -23.56576239711012 1.4040901484404058 2.38235736467666 13.738786516823298 -0.12256241885971275
0.1480332748212343 3.3941430372089174 32.188884735371616 -20.525014115588103 17.108274882013298 -23.56576240711012 1.4040901584404057 2.38235736467666 13.738786516823298 -0.12256241885971275
0.1480332749565356 3.3941430372089174 32.188884735371616 -20.525014115588103 17.108274882013298 -23.56576240711012 1.4040901484404058 2.3823573746766598 13.738786516823298 -0.12256241885971275
0.14803327504570615 3.3941430372089174 32.188884735371616 -20.525014115588103 17.108274882013298 -23.56576240711012 1.4040901484404058 2.38235736467666 13.738786526823299 -0.12256241885971275
0.14803327245081283 3.3941430372089174 32.188884735371616 -20.525014115588103 17.108274882013298 -23.56576240711012 1.4040901484404058 2.38235736467666 13.738786516823298 -0.12256240885971276
0.04966912811346123 4.288550026410111 32.34696265934215 -20.452997526423683 17.1659564591443 -23.42472271623939 2.673687757439756 1.696649003882194 13.673685180102707 0.5049431425372956
0.049669127137066435 4.288550036410111 32.34696265934215 -20.452997526423683 17.1659564591443 -23.42472271623939 2.673687757439756 1.696649003882194 13.673685180102707 0.5049431425372956
0.049669128054279324 4.288550026410111 32.34696266934215 -20.452997526423683 17.1659564591443 -23.42472271623939 2.673687757439756 1.696649003882194 13.673685180102707 0.5049431425372956
0.049669128100587316 4.288550026410111 32.34696265934215 -20.452997516423682 17.1659564591443 -23.42472271623939 2.673687757439756 1.696649003882194 13.673685180102707 0.5049431425372956
0.04966912810419372 4.288550026410111 32.34696265934215 -20.452997526423683 17.1659564691443 -23.42472271623939 2.673687757439756 1.696649003882194 13.673685180102707 0.5049431425372956
0.04966912807495484 4.288550026410111 32.34696265934215 -20.452997526423683 17.1659564591443 -23.42472270623939 2.673687757439756 1.696649003882194 13.673685180102707 0.5049431425372956
0.04966912792363051 4.288550026410111 32.34696265934215 -20.452997526423683 17.1659564591443 -23.42472271623939 2.673687767439756 1.696649003882194 13.673685180102707 0.5049431425372956
0.049669125890052436 4.288550026410111 32.34696265934215 -20.452997526423683 17.1659564591443 -23.42472271623939 2.673687757439756 1.696649013882194 13.673685180102707 0.5049431425372956
0.049669128142970545 4.288550026410111 32.34696265934215 -20.452997526423683 17.1659564591443 -23.42472271623939 2.673687757439756 1.696649003882194 13.673685190102708 0.5049431425372956
0.04966912711401758 4.288550026410111 32.34696265934215 -20.452997526423683 17.1659564591443 -23.42472271623939 2.673687757439756 1.696649003882194 13.673685180102707 0.5049431525372956
0.04421717077715919 4.385623139856056 32.36411940837493 -20.44518131454883 17.172216842111098 -23.40941518613556 2.8114816188664933 1.6222266812685442 13.666619504720849 0.5730485121116728
0.04421717054098972 4.385623149856056 32.36411940837493 -20.44518131454883 17.172216842111098 -23.40941518613556 2.8114816188664933 1.6222266812685442 13.666619504720849 0.5730485121116728
0.04421717079557748 4.385623139856056 32.36411941837493 -20.44518131454883 17.172216842111098 -23.40941518613556 2.8114816188664933 1.6222266812685442 13.666619504720849 0.5730485121116728
0.04421717078999175 4.385623139856056 32.36411940837493 -20.44518130454883 17.172216842111098 -23.40941518613556 2.8114816188664933 1.6222266812685442 13.666619504720849 0.5730485121116728
0.044217170787940886 4.385623139856056 32.36411940837493 -20.44518131454883 17.1722168521111 -23.40941518613556 2.8114816188664933 1.6222266812685442 13.666619504720849 0.5730485121116728
0.04421717079833028 4.385623139856056 32.36411940837493 -20.44518131454883 17.172216842111098 -23.40941517613556 2.8114816188664933 1.6222266812685442 13.666619504720849 0.5730485121116728
0.04421717104930435 4.385623139856056 32.36411940837493 -20.44518131454883 17.172216842111098 -23.40941518613556 2.811481628866493 1.6222266812685442 13.666619504720849 0.5730485121116728
0.04421717006493418 4.385623139856056 32.36411940837493 -20.44518131454883 17.172216842111098 -23.40941518613556 2.8114816188664933 1.6222266912685441 13.666619504720849 0.5730485121116728
0.04421717076253226 4.385623139856056 32.36411940837493 -20.44518131454883 17.172216842111098 -23.40941518613556 2.8114816188664933 1.6222266812685442 13.66661951472085 0.5730485121116728
0.044217170468478936 4.385623139856056 32.36411940837493 -20.44518131454883 17.172216842111098 -23.40941518613556 2.8114816188664933 1.6222266812685442 13.666619504720849 0.5730485221116729
0.04883181136259487 4.283813479104294 32.345107634894525 -20.4538615125826 17.16528235483086 -23.42638888591902 2.65821159213118 1.704744350168387 13.674626187803955 0.5034095379290575
0.04883181035714782 4.283813489104294 32.345107634894525 -20.4538615125826 17.16528235483086 -23.42638888591902 2.65821159213118 1.704744350168387 13.674626187803955 0.5034095379290575
0.04883181129357003 4.283813479104294 32.345107644894526 -20.4538615125826 17.16528235483086 -23.42638888591902 2.65821159213118 1.704744350168387 13.674626187803955 0.5034095379290575
0.04883181134573118 4.283813479104294 32.345107634894525 -20.453861502582598 17.16528235483086 -23.42638888591902 2.65821159213118 1.704744350168387 13.674626187803955 0.5034095379290575
0.04883181134991004 4.283813479104294 32.345107634894525 -20.4538615125826 17.165282364830862 -23.42638888591902 2.65821159213118 1.704744350168387 13.674626187803955 0.5034095379290575
0.04883181131561057 4.283813479104294 32.345107634894525 -20.4538615125826 17.16528235483086 -23.42638887591902 2.65821159213118 1.704744350168387 13.674626187803955 0.5034095379290575
0.04883181109590542 4.283813479104294 32.345107634894525 -20.4538615125826 17.16528235483086 -23.42638888591902 2.65821160213118 1.704744350168387 13.674626187803955 0.5034095379290575
0.04883180904897847 4.283813479104294 32.345107634894525 -20.4538615125826 17.16528235483086 -23.42638888591902 2.65821159213118 1.704744360168387 13.674626187803955 0.5034095379290575
0.04883181139957202 4.283813479104294 32.345107634894525 -20.4538615125826 17.16528235483086 -23.42638888591902 2.65821159213118 1.704744350168387 13.674626197803956 0.5034095379290575
0.04883181037017171 4.283813479104294 32.345107634894525 -20.4538615125826 17.16528235483086 -23.42638888591902 2.65821159213118 1.704744350168387 13.674626187803955 0.5034095479290576
0.04349168686738993 4.371398989394721 32.36146321323073 -20.446394052534153 17.171248002909415 -23.41178663554245 2.790067777533579 1.6337554863886392 13.667738143797234 0.5633190302586508
0.043491686562638944 4.371398999394721 32.36146321323073 -20.446394052534153 17.171248002909415 -23.41178663554245 2.790067777533579 1.6337554863886392 13.667738143797234 0.5633190302586508
0.04349168686863357 4.371398989394721 32.36146322323073 -20.446394052534153 17.171248002909415 -23.41178663554245 2.790067777533579 1.6337554863886392 13.667738143797234 0.5633190302586508
0.04349168687385752 4.371398989394721 32.36146321323073 -20.446394042534152 17.171248002909415 -23.41178663554245 2.790067777533579 1.6337554863886392 13.667738143797234 0.5633190302586508
0.043491686873095806 4.371398989394721 32.36146321323073 -20.446394052534153 17.171248012909416 -23.41178663554245 2.790067777533579 1.6337554863886392 13.667738143797234 0.5633190302586508
0.04349168687459584 4.371398989394721 32.36146321323073 -20.446394052534153 17.171248002909415 -23.41178662554245 2.790067777533579 1.6337554863886392 13.667738143797234 0.5633190302586508
0.043491687022619754 4.371398989394721 32.36146321323073 -20.446394052534153 17.171248002909415 -23.41178663554245 2.790067787533579 1.6337554863886392 13.667738143797234 0.5633190302586508
0.043491685918579034 4.371398989394721 32.36146321323073 -20.446394052534153 17.171248002909415 -23.41178663554245 2.790067777533579 1.6337554963886392 13.667738143797234 0.5633190302586508
0.043491686865312414 4.371398989394721 32.36146321323073 -20.446394052534153 17.171248002909415 -23.41178663554245 2.790067777533579 1.6337554863886392 13.667738153797234 0.5633190302586508
0.043491686528196724 4.371398989394721 32.36146321323073 -20.446394052534153 17.171248002909415 -23.41178663554245 2.790067777533579 1.6337554863886392 13.667738143797234 0.5633190402586509
0.047698001346042775 4.288988285266206 32.344951174414966 -20.45394936979857 17.165236283291794 -23.426536692540186 2.656498469598595 1.7052837006875006 13.674876920825346 0.5089008431999966
0.04769800034121988 4.288988295266206 32.344951174414966 -20.45394936979857 17.165236283291794 -23.426536692540186 2.656498469598595 1.7052837006875006 13.674876920825346 0.5089008431999966
0.04769800127433243 4.288988285266206 32.34495118441497 -20.45394936979857 17.165236283291794 -23.426536692540186 2.656498469598595 1.7052837006875006 13.674876920825346 0.5089008431999966
0.0476980013280981 4.288988285266206 32.344951174414966 -20.453949359798568 17.165236283291794 -23.426536692540186 2.656498469598595 1.7052837006875006 13.674876920825346 0.5089008431999966
0.04769800133242758 4.288988285266206 32.344951174414966 -20.45394936979857 17.165236293291795 -23.426536692540186 2.656498469598595 1.7052837006875006 13.674876920825346 0.5089008431999966
0.04769800129673784 4.288988285266206 32.344951174414966 -20.45394936979857 17.165236283291794 -23.426536682540185 2.656498469598595 1.7052837006875006 13.674876920825346 0.5089008431999966
0.047698001059515736 4.288988285266206 32.344951174414966 -20.45394936979857 17.165236283291794 -23.426536692540186 2.656498479598595 1.7052837006875006 13.674876920825346 0.5089008431999966
0.04769799899796007 4.288988285266206 32.344951174414966 -20.45394936979857 17.165236283291794 -23.426536692540186 2.656498469598595 1.7052837106875005 13.674876920825346 0.5089008431999966
0.047698001385442695 4.288988285266206 32.344951174414966 -20.45394936979857 17.165236283291794 -23.426536692540186 2.656498469598595 1.7052837006875006 13.674876930825347 0.5089008431999966
0.04769800037879315 4.288988285266206 32.344951174414966 -20.45394936979857 17.165236283291794 -23.426536692540186 2.656498469598595 1.7052837006875006 13.674876920825346 0.5089008531999967
0.0429743726907226 4.361398813480008 32.359459550058396 -20.447310857001906 17.170518507216325 -23.413576489982955 2.773859730408131 1.6424351201014933 13.668604402942231 0.5567156229792074
0.04297437233737689 4.361398823480008 32.359459550058396 -20.447310857001906 17.170518507216325 -23.413576489982955 2.773859730408131 1.6424351201014933 13.668604402942231 0.5567156229792074
0.0429743726792982 4.361398813480008 32.3594595600584 -20.447310857001906 17.170518507216325 -23.413576489982955 2.773859730408131 1.6424351201014933 13.668604402942231 0.5567156229792074
0.04297437269244523 4.361398813480008 32.359459550058396 -20.447310847001905 17.170518507216325 -23.413576489982955 2.773859730408131 1.6424351201014933 13.668604402942231 0.5567156229792074
0.04297437269261677 4.361398813480008 32.359459550058396 -20.447310857001906 17.170518517216326 -23.413576489982955 2.773859730408131 1.6424351201014933 13.668604402942231 0.5567156229792074
0.04297437268753955 4.361398813480008 32.359459550058396 -20.447310857001906 17.170518507216325 -23.413576479982954 2.773859730408131 1.6424351201014933 13.668604402942231 0.5567156229792074
0.042974372757794164 4.361398813480008 32.359459550058396 -20.447310857001906 17.170518507216325 -23.413576489982955 2.773859740408131 1.6424351201014933 13.668604402942231 0.5567156229792074
0.0429743715749985 4.361398813480008 32.359459550058396 -20.447310857001906 17.170518507216325 -23.413576489982955 2.773859730408131 1.6424351301014932 13.668604402942231 0.5567156229792074
0.04297437269794783 4.361398813480008 32.359459550058396 -20.447310857001906 17.170518507216325 -23.413576489982955 2.773859730408131 1.6424351201014933 13.668604412942232 0.5567156229792074
0.04297437233312768 4.361398813480008 32.359459550058396 -20.447310857001906 17.170518507216325 -23.413576489982955 2.773859730408131 1.6424351201014933 13.668604402942231 0.5567156329792075
0.04653903171167047 4.28800525761632 32.34331773473753 -20.454715411340057 17.16465549787642 -23.428000796469334 2.642871844544982 1.7119454570283477 13.675798677123435 0.510324947008314
0.04653903068326935 4.28800526761632 32.34331773473753 -20.454715411340057 17.16465549787642 -23.428000796469334 2.642871844544982 1.7119454570283477 13.675798677123435 0.510324947008314
0.0465390316286344 4.28800525761632 32.34331774473753 -20.454715411340057 17.16465549787642 -23.428000796469334 2.642871844544982 1.7119454570283477 13.675798677123435 0.510324947008314
0.04653903168915144 4.28800525761632 32.34331773473753 -20.454715401340057 17.16465549787642 -23.428000796469334 2.642871844544982 1.7119454570283477 13.675798677123435 0.510324947008314
0.046539031694131774 4.28800525761632 32.34331773473753 -20.454715411340057 17.16465550787642 -23.428000796469334 2.642871844544982 1.7119454570283477 13.675798677123435 0.510324947008314
0.04653903165266936 4.28800525761632 32.34331773473753 -20.454715411340057 17.16465549787642 -23.428000786469333 2.642871844544982 1.7119454570283477 13.675798677123435 0.510324947008314
0.04653903133490882 4.28800525761632 32.34331773473753 -20.454715411340057 17.16465549787642 -23.428000796469334 2.642871854544982 1.7119454570283477 13.675798677123435 0.510324947008314
0.04653902925191917 4.28800525761632 32.34331773473753 -20.454715411340057 17.16465549787642 -23.428000796469334 2.642871844544982 1.7119454670283476 13.675798677123435 0.510324947008314
0.04653903176026314 4.28800525761632 32.34331773473753 -20.454715411340057 17.16465549787642 -23.428000796469334 2.642871844544982 1.7119454570283477 13.675798687123436 0.510324947008314
0.046539030772178386 4.28800525761632 32.34331773473753 -20.454715411340057 17.16465549787642 -23.428000796469334 2.642871844544982 1.7119454570283477 13.675798677123435 0.510324957008314
0.04245489364566944 4.352108080034323 32.35741619214079 -20.44824818371718 17.16977632138917 -23.41540243212633 2.75727825376693 1.6512342851577095 13.669515110741658 0.5508431264127344
0.0424548932476926 4.3521080900343225 32.35741619214079 -20.44824818371718 17.16977632138917 -23.41540243212633 2.75727825376693 1.6512342851577095 13.669515110741658 0.5508431264127344
0.04245489362166643 4.352108080034323 32.35741620214079 -20.44824818371718 17.16977632138917 -23.41540243212633 2.75727825376693 1.6512342851577095 13.669515110741658 0.5508431264127344
0.042454893642613664 4.352108080034323 32.35741619214079 -20.44824817371718 17.16977632138917 -23.41540243212633 2.75727825376693 1.6512342851577095 13.669515110741658 0.5508431264127344
0.042454893643687895 4.352108080034323 32.35741619214079 -20.44824818371718 17.16977633138917 -23.41540243212633 2.75727825376693 1.6512342851577095 13.669515110741658 0.5508431264127344
0.042454893632109164 4.352108080034323 32.35741619214079 -20.44824818371718 17.16977632138917 -23.41540242212633 2.75727825376693 1.6512342851577095 13.669515110741658 0.5508431264127344
0.042454893623156145 4.352108080034323 32.35741619214079 -20.44824818371718 17.16977632138917 -23.41540243212633 2.75727826376693 1.6512342851577095 13.669515110741658 0.5508431264127344
0.04245489237276311 4.352108080034323 32.35741619214079 -20.44824818371718 17.16977632138917 -23.41540243212633 2.75727825376693 1.6512342951577095 13.669515110741658 0.5508431264127344
0.042454893662260455 4.352108080034323 32.35741619214079 -20.44824818371718 17.16977632138917 -23.41540243212633 2.75727825376693 1.6512342851577095 13.669515120741659 0.5508431264127344
0.0424548932761145 4.352108080034323 32.35741619214079 -20.44824818371718 17.16977632138917 -23.41540243212633 2.75727825376693 1.6512342851577095 13.669515110741658 0.5508431364127344
0.04529869096852789 4.285435375202441 32.341065284100054 -20.455766314952484 17.163861355685317 -23.430016509039557 2.6242913555059695 1.7211466729013742 13.677016822143614 0.5107503238729254
0.04529868990869917 4.285435385202441 32.341065284100054 -20.455766314952484 17.163861355685317 -23.430016509039557 2.6242913555059695 1.7211466729013742 13.677016822143614 0.5107503238729254
0.04529869086966263 4.285435375202441 32.341065294100055 -20.455766314952484 17.163861355685317 -23.430016509039557 2.6242913555059695 1.7211466729013742 13.677016822143614 0.5107503238729254
0.04529869093948453 4.285435375202441 32.341065284100054 -20.455766304952483 17.163861355685317 -23.430016509039557 2.6242913555059695 1.7211466729013742 13.677016822143614 0.5107503238729254
0.04529869094539981 4.285435375202441 32.341065284100054 -20.455766314952484 17.163861365685317 -23.430016509039557 2.6242913555059695 1.7211466729013742 13.677016822143614 0.5107503238729254
0.04529869089580384 4.285435375202441 32.341065284100054 -20.455766314952484 17.163861355685317 -23.430016499039557 2.6242913555059695 1.7211466729013742 13.677016822143614 0.5107503238729254
0.04529869046297747 4.285435375202441 32.341065284100054 -20.455766314952484 17.163861355685317 -23.430016509039557 2.6242913655059694 1.7211466729013742 13.677016822143614 0.5107503238729254
0.045298688357862146 4.285435375202441 32.341065284100054 -20.455766314952484 17.163861355685317 -23.430016509039557 2.6242913555059695 1.7211466829013742 13.677016822143614 0.5107503238729254
0.04529869102970058 4.285435375202441 32.341065284100054 -20.455766314952484 17.163861355685317 -23.430016509039557 2.6242913555059695 1.7211466729013742 13.677016832143615 0.5107503238729254
0.045298690068240346 4.285435375202441 32.341065284100054 -20.455766314952484 17.163861355685317 -23.430016509039557 2.6242913555059695 1.7211466729013742 13.677016822143614 0.5107503338729255
0.04187616164407501 4.3427143851962455 32.35511246918779 -20.44930743323698 17.168942946128038 -23.417461448319077 2.738541375716522 1.6610844275438819 13.670572046827436 0.5451943447529548
0.04187616120161729 4.3427143951962455 32.35511246918779 -20.44930743323698 17.168942946128038 -23.417461448319077 2.738541375716522 1.6610844275438819 13.670572046827436 0.5451943447529548
0.04187616160619722 4.3427143851962455 32.35511247918779 -20.44930743323698 17.168942946128038 -23.417461448319077 2.738541375716522 1.6610844275438819 13.670572046827436 0.5451943447529548
0.041876161635662684 4.3427143851962455 32.35511246918779 -20.44930742323698 17.168942946128038 -23.417461448319077 2.738541375716522 1.6610844275438819 13.670572046827436 0.5451943447529548
0.041876161637690916 4.3427143851962455 32.35511246918779 -20.44930743323698 17.16894295612804 -23.417461448319077 2.738541375716522 1.6610844275438819 13.670572046827436 0.5451943447529548
0.04187616161893169 4.3427143851962455 32.35511246918779 -20.44930743323698 17.168942946128038 -23.417461438319076 2.738541375716522 1.6610844275438819 13.670572046827436 0.5451943447529548
0.041876161520204194 4.3427143851962455 32.35511246918779 -20.44930743323698 17.168942946128038 -23.417461448319077 2.738541385716522 1.6610844275438819 13.670572046827436 0.5451943447529548
0.041876160207318755 4.3427143851962455 32.35511246918779 -20.44930743323698 17.168942946128038 -23.417461448319077 2.738541375716522 1.6610844375438818 13.670572046827436 0.5451943447529548
0.04187616167116 4.3427143851962455 32.35511246918779 -20.44930743323698 17.168942946128038 -23.417461448319077 2.738541375716522 1.6610844275438819 13.670572056827437 0.5451943447529548
0.04187616126972425 4.3427143851962455 32.35511246918779 -20.44930743323698 17.168942946128038 -23.417461448319077 2.738541375716522 1.6610844275438819 13.670572046827436 0.5451943547529549
0.04399022855318204 4.284726230186711 32.33892000503166 -20.45676727777615 17.16312618915591 -23.431923487611417 2.6067394531483057 1.7297841193407577 13.678203128271068 0.5121229794254206
0.043990227469231806 4.2847262401867106 32.33892000503166 -20.45676727777615 17.16312618915591 -23.431923487611417 2.6067394531483057 1.7297841193407577 13.678203128271068 0.5121229794254206
0.04399022843823385 4.284726230186711 32.33892001503166 -20.45676727777615 17.16312618915591 -23.431923487611417 2.6067394531483057 1.7297841193407577 13.678203128271068 0.5121229794254206
0.04399022851748673 4.284726230186711 32.33892000503166 -20.45676726777615 17.16312618915591 -23.431923487611417 2.6067394531483057 1.7297841193407577 13.678203128271068 0.5121229794254206
0.04399022852426299 4.284726230186711 32.33892000503166 -20.45676727777615 17.16312619915591 -23.431923487611417 2.6067394531483057 1.7297841193407577 13.678203128271068 0.5121229794254206
0.04399022846633441 4.284726230186711 32.33892000503166 -20.45676727777615 17.16312618915591 -23.431923477611416 2.6067394531483057 1.7297841193407577 13.678203128271068 0.5121229794254206
0.04399022791279514 4.284726230186711 32.33892000503166 -20.45676727777615 17.16312618915591 -23.431923487611417 2.6067394631483056 1.7297841193407577 13.678203128271068 0.5121229794254206
0.04399022579191737 4.284726230186711 32.33892000503166 -20.45676727777615 17.16312618915591 -23.431923487611417 2.6067394531483057 1.7297841293407576 13.678203128271068 0.5121229794254206
0.04399022862739903 4.284726230186711 32.33892000503166 -20.45676727777615 17.16312618915591 -23.431923487611417 2.6067394531483057 1.7297841193407577 13.67820313827107 0.5121229794254206
0.04399022770703396 4.284726230186711 32.33892000503166 -20.45676727777615 17.16312618915591 -23.431923487611417 2.6067394531483057 1.7297841193407577 13.678203128271068 0.5121229894254207
0.041249689637737175 4.333627394631149 32.352575041173594 -20.45047642260961 17.168031435566675 -23.419727711396078 2.7178874537794973 1.6718499614892304 13.671767869751417 0.540011921124254
0.041249689153268355 4.333627404631149 32.352575041173594 -20.45047642260961 17.168031435566675 -23.419727711396078 2.7178874537794973 1.6718499614892304 13.671767869751417 0.540011921124254
0.04124968958490046 4.333627394631149 32.352575051173595 -20.45047642260961 17.168031435566675 -23.419727711396078 2.7178874537794973 1.6718499614892304 13.671767869751417 0.540011921124254
0.041249689623464536 4.333627394631149 32.352575041173594 -20.45047641260961 17.168031435566675 -23.419727711396078 2.7178874537794973 1.6718499614892304 13.671767869751417 0.540011921124254
0.04124968962649497 4.333627394631149 32.352575041173594 -20.45047642260961 17.168031445566676 -23.419727711396078 2.7178874537794973 1.6718499614892304 13.671767869751417 0.540011921124254
0.04124968959997919 4.333627394631149 32.352575041173594 -20.45047642260961 17.168031435566675 -23.419727701396077 2.7178874537794973 1.6718499614892304 13.671767869751417 0.540011921124254
0.04124968940134032 4.333627394631149 32.352575041173594 -20.45047642260961 17.168031435566675 -23.419727711396078 2.717887463779497 1.6718499614892304 13.671767869751417 0.540011921124254
0.04124968803472826 4.333627394631149 32.352575041173594 -20.45047642260961 17.168031435566675 -23.419727711396078 2.7178874537794973 1.6718499714892303 13.671767869751417 0.540011921124254
0.04124968967630841 4.333627394631149 32.352575041173594 -20.45047642260961 17.168031435566675 -23.419727711396078 2.7178874537794973 1.6718499614892304 13.671767879751417 0.540011921124254
0.04124968926892045 4.333627394631149 32.352575041173594 -20.45047642260961 17.168031435566675 -23.419727711396078 2.7178874537794973 1.6718499614892304 13.671767869751417 0.540011931124254
0.04261825268791388 4.284204156347254 32.336748081846835 -20.45778062411219 17.16240123758458 -23.433840653093842 2.5892744625148536 1.7392261821995112 13.679367747963022 0.5127094362188099
0.04261825158875667 4.284204166347254 32.336748081846835 -20.45778062411219 17.16240123758458 -23.433840653093842 2.5892744625148536 1.7392261821995112 13.679367747963022 0.5127094362188099
0.0426182525598854 4.284204156347254 32.336748091846836 -20.45778062411219 17.16240123758458 -23.433840653093842 2.5892744625148536 1.7392261821995112 13.679367747963022 0.5127094362188099
0.04261825264659552 4.284204156347254 32.336748081846835 -20.45778061411219 17.16240123758458 -23.433840653093842 2.5892744625148536 1.7392261821995112 13.679367747963022 0.5127094362188099
0.04261825265406477 4.284204156347254 32.336748081846835 -20.45778062411219 17.16240124758458 -23.433840653093842 2.5892744625148536 1.7392261821995112 13.679367747963022 0.5127094362188099
0.0426182525893888 4.284204156347254 32.336748081846835 -20.45778062411219 17.16240123758458 -23.43384064309384 2.5892744625148536 1.7392261821995112 13.679367747963022 0.5127094362188099
0.042618251933090004 4.284204156347254 32.336748081846835 -20.45778062411219 17.16240123758458 -23.433840653093842 2.5892744725148535 1.7392261821995112 13.679367747963022 0.5127094362188099
0.042618249820153734 4.284204156347254 32.336748081846835 -20.45778062411219 17.16240123758458 -23.433840653093842 2.5892744625148536 1.7392261921995111 13.679367747963022 0.5127094362188099
0.042618252772803136 4.284204156347254 32.336748081846835 -20.45778062411219 17.16240123758458 -23.433840653093842 2.5892744625148536 1.7392261821995112 13.679367757963023 0.5127094362188099
0.04261825189645786 4.284204156347254 32.336748081846835 -20.45778062411219 17.16240123758458 -23.433840653093842 2.5892744625148536 1.7392261821995112 13.679367747963022 0.51270944621881
0.045885683064126666 4.324856986847737 32.349766465853826 -20.45177259072676 17.167032327982493 -23.42223212547356 2.6950644171108764 1.6838062183241227 13.673116507221046 0.5351669547797637
0.04588568218621727 4.324856996847737 32.349766465853826 -20.45177259072676 17.167032327982493 -23.42223212547356 2.6950644171108764 1.6838062183241227 13.673116507221046 0.5351669547797637
0.04588568302024043 4.324856986847737 32.349766475853826 -20.45177259072676 17.167032327982493 -23.42223212547356 2.6950644171108764 1.6838062183241227 13.673116507221046 0.5351669547797637
0.0458856830572127 4.324856986847737 32.349766465853826 -20.451772580726757 17.167032327982493 -23.42223212547356 2.6950644171108764 1.6838062183241227 13.673116507221046 0.5351669547797637
0.04588568305959874 4.324856986847737 32.349766465853826 -20.45177259072676 17.167032337982494 -23.42223212547356 2.6950644171108764 1.6838062183241227 13.673116507221046 0.5351669547797637
0.045885683038351784 4.324856986847737 32.349766465853826 -20.45177259072676 17.167032327982493 -23.42223211547356 2.6950644171108764 1.6838062183241227 13.673116507221046 0.5351669547797637
0.045885682993155645 4.324856986847737 32.349766465853826 -20.45177259072676 17.167032327982493 -23.42223212547356 2.6950644271108763 1.6838062183241227 13.673116507221046 0.5351669547797637
0.04588568099125876 4.324856986847737 32.349766465853826 -20.45177259072676 17.167032327982493 -23.42223212547356 2.6950644171108764 1.6838062283241226 13.673116507221046 0.5351669547797637
0.04588568308466142 4.324856986847737 32.349766465853826 -20.45177259072676 17.167032327982493 -23.42223212547356 2.6950644171108764 1.6838062183241227 13.673116517221047 0.5351669547797637
0.04588568218208468 4.324856986847737 32.349766465853826 -20.45177259072676 17.167032327982493 -23.42223212547356 2.6950644171108764 1.6838062183241227 13.673116507221046 0.5351669647797638
0.041232669260147695 4.333425598619286 32.352510419400865 -20.450506245801783 17.168008447362375 -23.41978533480258 2.7173623245161758 1.6721250598661446 13.671798900197155 0.5399004445646602
0.041232668774902816 4.333425608619286 32.352510419400865 -20.450506245801783 17.168008447362375 -23.41978533480258 2.7173623245161758 1.6721250598661446 13.671798900197155 0.5399004445646602
0.04123266920696608 4.333425598619286 32.352510429400866 -20.450506245801783 17.168008447362375 -23.41978533480258 2.7173623245161758 1.6721250598661446 13.671798900197155 0.5399004445646602
0.04123266924573435 4.333425598619286 32.352510419400865 -20.450506235801782 17.168008447362375 -23.41978533480258 2.7173623245161758 1.6721250598661446 13.671798900197155 0.5399004445646602
0.041232669248785984 4.333425598619286 32.352510419400865 -20.450506245801783 17.168008457362376 -23.41978533480258 2.7173623245161758 1.6721250598661446 13.671798900197155 0.5399004445646602
0.04123266922211077 4.333425598619286 32.352510419400865 -20.450506245801783 17.168008447362375 -23.41978532480258 2.7173623245161758 1.6721250598661446 13.671798900197155 0.5399004445646602
0.04123266902112092 4.333425598619286 32.352510419400865 -20.450506245801783 17.168008447362375 -23.41978533480258 2.7173623345161757 1.6721250598661446 13.671798900197155 0.5399004445646602
0.04123266765369128 4.333425598619286 32.352510419400865 -20.450506245801783 17.168008447362375 -23.41978533480258 2.7173623245161758 1.6721250698661445 13.671798900197155 0.5399004445646602
0.04123266929898443 4.333425598619286 32.352510419400865 -20.450506245801783 17.168008447362375 -23.41978533480258 2.7173623245161758 1.6721250598661446 13.671798910197156 0.5399004445646602
0.041232668891747565 4.333425598619286 32.352510419400865 -20.450506245801783 17.168008447362375 -23.41978533480258 2.7173623245161758 1.6721250598661446 13.671798900197155 0.5399004545646603
0.046258053657363775 4.3277703148500635 32.35069941005982 -20.451342033452267 17.16736420857165 -23.421400216645427 2.702645705628678 1.6798346244484101 13.672668520832923 0.5367763413066285
0.046258052795664716 4.327770324850063 32.35069941005982 -20.451342033452267 17.16736420857165 -23.421400216645427 2.702645705628678 1.6798346244484101 13.672668520832923 0.5367763413066285
0.0462580536190496 4.3277703148500635 32.35069942005982 -20.451342033452267 17.16736420857165 -23.421400216645427 2.702645705628678 1.6798346244484101 13.672668520832923 0.5367763413066285
0.046258053652656866 4.3277703148500635 32.35069941005982 -20.451342023452266 17.16736420857165 -23.421400216645427 2.702645705628678 1.6798346244484101 13.672668520832923 0.5367763413066285
0.04625805365469828 4.3277703148500635 32.35069941005982 -20.451342033452267 17.167364218571652 -23.421400216645427 2.702645705628678 1.6798346244484101 13.672668520832923 0.5367763413066285
0.04625805363634303 4.3277703148500635 32.35069941005982 -20.451342033452267 17.16736420857165 -23.421400206645426 2.702645705628678 1.6798346244484101 13.672668520832923 0.5367763413066285
0.0462580536289736 4.3277703148500635 32.35069941005982 -20.451342033452267 17.16736420857165 -23.421400216645427 2.702645715628678 1.6798346244484101 13.672668520832923 0.5367763413066285
0.04625805163894276 4.3277703148500635 32.35069941005982 -20.451342033452267 17.16736420857165 -23.421400216645427 2.702645705628678 1.67983463444841 13.672668520832923 0.5367763413066285
0.046258053673574114 4.3277703148500635 32.35069941005982 -20.451342033452267 17.16736420857165 -23.421400216645427 2.702645705628678 1.6798346244484101 13.672668530832924 0.5367763413066285
0.04625805277396207 4.3277703148500635 32.35069941005982 -20.451342033452267 17.16736420857165 -23.421400216645427 2.702645705628678 1.6798346244484101 13.672668520832923 0.5367763513066286
0.0412258139696787 4.333344118118585 32.35248432664338 -20.450518287707904 17.167999165264185 -23.419808601783778 2.71715028962553 1.672236138144085 13.671811429563975 0.5398554329422389
0.041225813484120744 4.333344128118585 32.35248432664338 -20.450518287707904 17.167999165264185 -23.419808601783778 2.71715028962553 1.672236138144085 13.671811429563975 0.5398554329422389
0.04122581391636497 4.333344118118585 32.35248433664338 -20.450518287707904 17.167999165264185 -23.419808601783778 2.71715028962553 1.672236138144085 13.671811429563975 0.5398554329422389
0.041225813955212534 4.333344118118585 32.35248432664338 -20.450518277707904 17.167999165264185 -23.419808601783778 2.71715028962553 1.672236138144085 13.671811429563975 0.5398554329422389
0.041225813958276854 4.333344118118585 32.35248432664338 -20.450518287707904 17.167999175264185 -23.419808601783778 2.71715028962553 1.672236138144085 13.671811429563975 0.5398554329422389
0.041225813931525086 4.333344118118585 32.35248432664338 -20.450518287707904 17.167999165264185 -23.419808591783777 2.71715028962553 1.672236138144085 13.671811429563975 0.5398554329422389
0.04122581372959183 4.333344118118585 32.35248432664338 -20.450518287707904 17.167999165264185 -23.419808601783778 2.71715029962553 1.672236138144085 13.671811429563975 0.5398554329422389
0.04122581236182291 4.333344118118585 32.35248432664338 -20.450518287707904 17.167999165264185 -23.419808601783778 2.71715028962553 1.6722361481440848 13.671811429563975 0.5398554329422389
0.04122581400862575 4.333344118118585 32.35248432664338 -20.450518287707904 17.167999165264185 -23.419808601783778 2.71715028962553 1.672236138144085 13.671811439563976 0.5398554329422389
0.041225813601436706 4.333344118118585 32.35248432664338 -20.450518287707904 17.167999165264185 -23.419808601783778 2.71715028962553 1.672236138144085 13.671811429563975 0.539855442942239
0.0465090346989667 4.329665407961361 32.35130628169823 -20.451061959899185 17.167580093847114 -23.420859067592467 2.707577264187608 1.6772511391049396 13.67237710980148 0.5378232324627361
0.04650903384777069 4.329665417961361 32.35130628169823 -20.451061959899185 17.167580093847114 -23.420859067592467 2.707577264187608 1.6772511391049396 13.67237710980148 0.5378232324627361
0.046509034664263545 4.329665407961361 32.35130629169823 -20.451061959899185 17.167580093847114 -23.420859067592467 2.707577264187608 1.6772511391049396 13.67237710980148 0.5378232324627361
0.0465090346957177 4.329665407961361 32.35130628169823 -20.451061949899184 17.167580093847114 -23.420859067592467 2.707577264187608 1.6772511391049396 13.67237710980148 0.5378232324627361
0.04650903469753373 4.329665407961361 32.35130628169823 -20.451061959899185 17.167580103847115 -23.420859067592467 2.707577264187608 1.6772511391049396 13.67237710980148 0.5378232324627361
0.04650903468101961 4.329665407961361 32.35130628169823 -20.451061959899185 17.167580093847114 -23.420859057592466 2.707577264187608 1.6772511391049396 13.67237710980148 0.5378232324627361
0.046509034697716764 4.329665407961361 32.35130628169823 -20.451061959899185 17.167580093847114 -23.420859067592467 2.707577274187608 1.6772511391049396 13.67237710980148 0.5378232324627361
0.046509032715450115 4.329665407961361 32.35130628169823 -20.451061959899185 17.167580093847114 -23.420859067592467 2.707577264187608 1.6772511491049396 13.67237710980148 0.5378232324627361
0.046509034712475326 4.329665407961361 32.35130628169823 -20.451061959899185 17.167580093847114 -23.420859067592467 2.707577264187608 1.6772511391049396 13.672377119801482 0.5378232324627361
0.04650903381512251 4.329665407961361 32.35130628169823 -20.451061959899185 17.167580093847114 -23.420859067592467 2.707577264187608 1.6772511391049396 13.67237710980148 0.5378232424627362
0.041222968716312626 4.333310265560021 32.35247348593188 -20.450523290737202 17.167995308847377 -23.419818268475034 2.7170621958670047 1.672282287638465 13.671816635117702 0.5398367320436069
0.04122296823061681 4.333310275560021 32.35247348593188 -20.450523290737202 17.167995308847377 -23.419818268475034 2.7170621958670047 1.672282287638465 13.671816635117702 0.5398367320436069
0.0412229686629444 4.333310265560021 32.35247349593188 -20.450523290737202 17.167995308847377 -23.419818268475034 2.7170621958670047 1.672282287638465 13.671816635117702 0.5398367320436069
0.04122296870182686 4.333310265560021 32.35247348593188 -20.4505232807372 17.167995308847377 -23.419818268475034 2.7170621958670047 1.672282287638465 13.671816635117702 0.5398367320436069
0.04122296870488458 4.333310265560021 32.35247348593188 -20.450523290737202 17.167995318847378 -23.419818268475034 2.7170621958670047 1.672282287638465 13.671816635117702 0.5398367320436069
0.041222968678118 4.333310265560021 32.35247348593188 -20.450523290737202 17.167995308847377 -23.419818258475033 2.7170621958670047 1.672282287638465 13.671816635117702 0.5398367320436069
0.041222968475784626 4.333310265560021 32.35247348593188 -20.450523290737202 17.167995308847377 -23.419818268475034 2.7170622058670046 1.672282287638465 13.671816635117702 0.5398367320436069
0.04122296710789027 4.333310265560021 32.35247348593188 -20.450523290737202 17.167995308847377 -23.419818268475034 2.7170621958670047 1.672282297638465 13.671816635117702 0.5398367320436069
0.041222968755299697 4.333310265560021 32.35247348593188 -20.450523290737202 17.167995308847377 -23.419818268475034 2.7170621958670047 1.672282287638465 13.671816645117703 0.5398367320436069
0.041222968348146934 4.333310265560021 32.35247348593188 -20.450523290737202 17.167995308847377 -23.419818268475034 2.7170621958670047 1.672282287638465 13.671816635117702 0.539836742043607
0.04102517703606096 4.330904659544905 32.35170313113767 -20.45087881238411 17.167721266947204 -23.420505195892538 2.7108021409586027 1.6755617296063383 13.672186548408996 0.5385078223202322
0.04102517654074519 4.330904669544905 32.35170313113767 -20.45087881238411 17.167721266947204 -23.420505195892538 2.7108021409586027 1.6755617296063383 13.672186548408996 0.5385078223202322
0.0410251769785564 4.330904659544905 32.35170314113767 -20.45087881238411 17.167721266947204 -23.420505195892538 2.7108021409586027 1.6755617296063383 13.672186548408996 0.5385078223202322
0.041025177019912186 4.330904659544905 32.35170313113767 -20.45087880238411 17.167721266947204 -23.420505195892538 2.7108021409586027 1.6755617296063383 13.672186548408996 0.5385078223202322
0.041025177023246095 4.330904659544905 32.35170313113767 -20.45087881238411 17.167721276947205 -23.420505195892538 2.7108021409586027 1.6755617296063383 13.672186548408996 0.5385078223202322
0.041025176994320976 4.330904659544905 32.35170313113767 -20.45087881238411 17.167721266947204 -23.420505185892537 2.7108021409586027 1.6755617296063383 13.672186548408996 0.5385078223202322
0.04102517676354723 4.330904659544905 32.35170313113767 -20.45087881238411 17.167721266947204 -23.420505195892538 2.7108021509586027 1.6755617296063383 13.672186548408996 0.5385078223202322
0.04102517538566257 4.330904659544905 32.35170313113767 -20.45087881238411 17.167721266947204 -23.420505195892538 2.7108021409586027 1.6755617396063383 13.672186548408996 0.5385078223202322
0.04102517707827996 4.330904659544905 32.35170313113767 -20.45087881238411 17.167721266947204 -23.420505195892538 2.7108021409586027 1.6755617296063383 13.672186558408997 0.5385078223202322
0.041025176672730757 4.330904659544905 32.35170313113767 -20.45087881238411 17.167721266947204 -23.420505195892538 2.7108021409586027 1.6755617296063383 13.672186548408996 0.5385078323202322
0.04656575972110273 4.330086753499766 32.35144121050764 -20.45099968974406 17.167628092701143 -23.42073875121449 2.708673722289746 1.676676739875415 13.672312318928036 0.5380559930142848
0.04656575887227913 4.330086763499766 32.35144121050764 -20.45099968974406 17.167628092701143 -23.42073875121449 2.708673722289746 1.676676739875415 13.672312318928036 0.5380559930142848
0.046565759687182934 4.330086753499766 32.35144122050764 -20.45099968974406 17.167628092701143 -23.42073875121449 2.708673722289746 1.676676739875415 13.672312318928036 0.5380559930142848
0.04656575971814957 4.330086753499766 32.35144121050764 -20.450999679744058 17.167628092701143 -23.42073875121449 2.708673722289746 1.676676739875415 13.672312318928036 0.5380559930142848
0.04656575971990018 4.330086753499766 32.35144121050764 -20.45099968974406 17.167628102701144 -23.42073875121449 2.708673722289746 1.676676739875415 13.672312318928036 0.5380559930142848
0.04656575970379584 4.330086753499766 32.35144121050764 -20.45099968974406 17.167628092701143 -23.42073874121449 2.708673722289746 1.676676739875415 13.672312318928036 0.5380559930142848
0.04656575972576841 4.330086753499766 32.35144121050764 -20.45099968974406 17.167628092701143 -23.42073875121449 2.708673732289746 1.676676739875415 13.672312318928036 0.5380559930142848
0.046565757745230786 4.330086753499766 32.35144121050764 -20.45099968974406 17.167628092701143 -23.42073875121449 2.708673722289746 1.676676749875415 13.672312318928036 0.5380559930142848
0.046565759734021155 4.330086753499766 32.35144121050764 -20.45099968974406 17.167628092701143 -23.42073875121449 2.708673722289746 1.676676739875415 13.672312328928037 0.5380559930142848
0.04656575883712089 4.330086753499766 32.35144121050764 -20.45099968974406 17.167628092701143 -23.42073875121449 2.708673722289746 1.676676739875415 13.672312318928036 0.5380560030142848
0.04102504855560079 4.330903061618722 32.351702619428735 -20.45087904853972 17.1677210849146 -23.420505652184758 2.7107979827109165 1.6755639079789204 13.672186794124267 0.5385069395906293
0.04102504806027825 4.330903071618722 32.351702619428735 -20.45087904853972 17.1677210849146 -23.420505652184758 2.7107979827109165 1.6755639079789204 13.672186794124267 0.5385069395906293
0.04102504849810143 4.330903061618722 32.351702629428736 -20.45087904853972 17.1677210849146 -23.420505652184758 2.7107979827109165 1.6755639079789204 13.672186794124267 0.5385069395906293
0.041025048539458604 4.330903061618722 32.351702619428735 -20.450879038539718 17.1677210849146 -23.420505652184758 2.7107979827109165 1.6755639079789204 13.672186794124267 0.5385069395906293
0.041025048542788725 4.330903061618722 32.351702619428735 -20.45087904853972 17.1677210949146 -23.420505652184758 2.7107979827109165 1.6755639079789204 13.672186794124267 0.5385069395906293
0.041025048513869115 4.330903061618722 32.351702619428735 -20.45087904853972 17.1677210849146 -23.420505642184757 2.7107979827109165 1.6755639079789204 13.672186794124267 0.5385069395906293
0.04102504828306509 4.330903061618722 32.351702619428735 -20.45087904853972 17.1677210849146 -23.420505652184758 2.7107979927109165 1.6755639079789204 13.672186794124267 0.5385069395906293
0.04102504690519437 4.330903061618722 32.351702619428735 -20.45087904853972 17.1677210849146 -23.420505652184758 2.7107979827109165 1.6755639179789203 13.672186794124267 0.5385069395906293
0.041025048597816555 4.330903061618722 32.351702619428735 -20.45087904853972 17.1677210849146 -23.420505652184758 2.7107979827109165 1.6755639079789204 13.672186804124268 0.5385069395906293
0.04102504819227527 4.330903061618722 32.351702619428735 -20.45087904853972 17.1677210849146 -23.420505652184758 2.7107979827109165 1.6755639079789204 13.672186794124267 0.5385069495906294
0.0410141125938405 4.330766872291787 32.35165900709144 -20.45089917579809 17.167705570494658 -23.420544541421837 2.7104435802613076 1.6757495680543941 13.67220773614131 0.5384317056081541
0.04101411209795601 4.330766882291787 32.35165900709144 -20.45089917579809 17.167705570494658 -23.420544541421837 2.7104435802613076 1.6757495680543941 13.67220773614131 0.5384317056081541
0.041014112536103785 4.330766872291787 32.35165901709144 -20.45089917579809 17.167705570494658 -23.420544541421837 2.7104435802613076 1.6757495680543941 13.67220773614131 0.5384317056081541
0.041014112577605524 4.330766872291787 32.35165900709144 -20.450899165798088 17.167705570494658 -23.420544541421837 2.7104435802613076 1.6757495680543941 13.67220773614131 0.5384317056081541
0.04101411258095707 4.330766872291787 32.35165900709144 -20.45089917579809 17.16770558049466 -23.420544541421837 2.7104435802613076 1.6757495680543941 13.67220773614131 0.5384317056081541
0.04101411255191716 4.330766872291787 32.35165900709144 -20.45089917579809 17.167705570494658 -23.420544531421836 2.7104435802613076 1.6757495680543941 13.67220773614131 0.5384317056081541
0.04101411231946934 4.330766872291787 32.35165900709144 -20.45089917579809 17.167705570494658 -23.420544541421837 2.7104435902613075 1.6757495680543941 13.67220773614131 0.5384317056081541
0.04101411094101118 4.330766872291787 32.35165900709144 -20.45089917579809 17.167705570494658 -23.420544541421837 2.7104435802613076 1.675749578054394 13.67220773614131 0.5384317056081541
0.04101411263624029 4.330766872291787 32.35165900709144 -20.45089917579809 17.167705570494658 -23.420544541421837 2.7104435802613076 1.6757495680543941 13.67220774614131 0.5384317056081541
0.04101411223078114 4.330766872291787 32.35165900709144 -20.45089917579809 17.167705570494658 -23.420544541421837 2.7104435802613076 1.6757495680543941 13.67220773614131 0.5384317156081542
0.04098692928660616 4.330426812895777 32.35155010879954 -20.450949432771072 17.1676668315979 -23.420641646318163 2.7095586512755268 1.6762131539649046 13.672260027534673 0.5382438493112194
0.040986928789340765 4.3304268228957765 32.35155010879954 -20.450949432771072 17.1676668315979 -23.420641646318163 2.7095586512755268 1.6762131539649046 13.672260027534673 0.5382438493112194
0.04098692922827652 4.330426812895777 32.351550118799544 -20.450949432771072 17.1676668315979 -23.420641646318163 2.7095586512755268 1.6762131539649046 13.672260027534673 0.5382438493112194
0.04098692927013319 4.330426812895777 32.35155010879954 -20.45094942277107 17.1676668315979 -23.420641646318163 2.7095586512755268 1.6762131539649046 13.672260027534673 0.5382438493112194
0.04098692927351423 4.330426812895777 32.35155010879954 -20.450949432771072 17.1676668415979 -23.420641646318163 2.7095586512755268 1.6762131539649046 13.672260027534673 0.5382438493112194
0.040986929244175845 4.330426812895777 32.35155010879954 -20.450949432771072 17.1676668315979 -23.420641636318162 2.7095586512755268 1.6762131539649046 13.672260027534673 0.5382438493112194
0.040986929007643134 4.330426812895777 32.35155010879954 -20.450949432771072 17.1676668315979 -23.420641646318163 2.7095586612755267 1.6762131539649046 13.672260027534673 0.5382438493112194
0.040986927627731824 4.330426812895777 32.35155010879954 -20.450949432771072 17.1676668315979 -23.420641646318163 2.7095586512755268 1.6762131639649045 13.672260027534673 0.5382438493112194
0.04098692932947384 4.330426812895777 32.35155010879954 -20.450949432771072 17.1676668315979 -23.420641646318163 2.7095586512755268 1.6762131539649046 13.672260037534674 0.5382438493112194
0.04098692892426085 4.330426812895777 32.35155010879954 -20.450949432771072 17.1676668315979 -23.420641646318163 2.7095586512755268 1.6762131539649046 13.672260027534673 0.5382438593112194
0.0409074136717702 4.274183099625776 32.33267864476394 -20.4596687876702 17.161023472368576 -23.43744560369554 2.5567402632445755 1.7605695239029375 13.681227062147972 0.5051681731181823
0.0409074125428505 4.274183109625776 32.33267864476394 -20.4596687876702 17.161023472368576 -23.43744560369554 2.5567402632445755 1.7605695239029375 13.681227062147972 0.5051681731181823
0.040907413535764624 4.274183099625776 32.33267865476394 -20.4596687876702 17.161023472368576 -23.43744560369554 2.5567402632445755 1.7605695239029375 13.681227062147972 0.5051681731181823
0.04090741362671572 4.274183099625776 32.33267864476394 -20.4596687776702 17.161023472368576 -23.43744560369554 2.5567402632445755 1.7605695239029375 13.681227062147972 0.5051681731181823
0.04090741363438249 4.274183099625776 32.33267864476394 -20.4596687876702 17.161023482368577 -23.43744560369554 2.5567402632445755 1.7605695239029375 13.681227062147972 0.5051681731181823
0.04090741356568067 4.274183099625776 32.33267864476394 -20.4596687876702 17.161023472368576 -23.43744559369554 2.5567402632445755 1.7605695239029375 13.681227062147972 0.5051681731181823
0.04090741283319383 4.274183099625776 32.33267864476394 -20.4596687876702 17.161023472368576 -23.43744560369554 2.5567402732445754 1.7605695239029375 13.681227062147972 0.5051681731181823
0.04090741079698989 4.274183099625776 32.33267864476394 -20.4596687876702 17.161023472368576 -23.43744560369554 2.5567402632445755 1.7605695339029375 13.681227062147972 0.5051681731181823
0.04090741376233949 4.274183099625776 32.33267864476394 -20.4596687876702 17.161023472368576 -23.43744560369554 2.5567402632445755 1.7605695239029375 13.681227072147973 0.5051681731181823
0.040907412899436287 4.274183099625776 32.33267864476394 -20.4596687876702 17.161023472368576 -23.43744560369554 2.5567402632445755 1.7605695239029375 13.681227062147972 0.5051681831181823
0.04482949307007218 4.231298620656926 32.3093506965604 -20.47047777778741 17.15290236492099 -23.458204051185945 2.3673632915184792 1.8628247428628648 13.69319543580664 0.48914486935143536
0.04482949182558226 4.231298630656926 32.3093506965604 -20.47047777778741 17.15290236492099 -23.458204051185945 2.3673632915184792 1.8628247428628648 13.69319543580664 0.48914486935143536
0.04482949285043795 4.231298620656926 32.3093507065604 -20.47047777778741 17.15290236492099 -23.458204051185945 2.3673632915184792 1.8628247428628648 13.69319543580664 0.48914486935143536
0.044829492986347017 4.231298620656926 32.3093506965604 -20.470477767787408 17.15290236492099 -23.458204051185945 2.3673632915184792 1.8628247428628648 13.69319543580664 0.48914486935143536
0.0448294929962375 4.231298620656926 32.3093506965604 -20.47047777778741 17.15290237492099 -23.458204051185945 2.3673632915184792 1.8628247428628648 13.69319543580664 0.48914486935143536
0.04482949288487508 4.231298620656926 32.3093506965604 -20.47047777778741 17.15290236492099 -23.458204041185944 2.3673632915184792 1.8628247428628648 13.69319543580664 0.48914486935143536
0.04482949135753474 4.231298620656926 32.3093506965604 -20.47047777778741 17.15290236492099 -23.458204051185945 2.367363301518479 1.8628247428628648 13.69319543580664 0.48914486935143536
0.044829489615502906 4.231298620656926 32.3093506965604 -20.47047777778741 17.15290236492099 -23.458204051185945 2.3673632915184792 1.8628247528628648 13.69319543580664 0.48914486935143536
0.04482949322701203 4.231298620656926 32.3093506965604 -20.47047777778741 17.15290236492099 -23.458204051185945 2.3673632915184792 1.8628247428628648 13.69319544580664 0.48914486935143536
0.04482949275345376 4.231298620656926 32.3093506965604 -20.47047777778741 17.15290236492099 -23.458204051185945 2.3673632915184792 1.8628247428628648 13.69319543580664 0.48914487935143536
0.039918021137243034 4.266242333854018 32.32835909193098 -20.461670249756573 17.159519715914048 -23.441289371260638 2.521674005913245 1.7795037575050385 13.683443203142978 0.5022011952007431
0.03991801997272747 4.266242343854018 32.32835909193098 -20.461670249756573 17.159519715914048 -23.441289371260638 2.521674005913245 1.7795037575050385 13.683443203142978 0.5022011952007431
0.039918020972059605 4.266242333854018 32.32835910193098 -20.461670249756573 17.159519715914048 -23.441289371260638 2.521674005913245 1.7795037575050385 13.683443203142978 0.5022011952007431
0.03991802107948443 4.266242333854018 32.32835909193098 -20.46167023975657 17.159519715914048 -23.441289371260638 2.521674005913245 1.7795037575050385 13.683443203142978 0.5022011952007431
0.03991802108870934 4.266242333854018 32.32835909193098 -20.461670249756573 17.15951972591405 -23.441289371260638 2.521674005913245 1.7795037575050385 13.683443203142978 0.5022011952007431
0.039918021004858466 4.266242333854018 32.32835909193098 -20.461670249756573 17.159519715914048 -23.441289361260637 2.521674005913245 1.7795037575050385 13.683443203142978 0.5022011952007431
0.03991802002888474 4.266242333854018 32.32835909193098 -20.461670249756573 17.159519715914048 -23.441289371260638 2.521674015913245 1.7795037575050385 13.683443203142978 0.5022011952007431
0.039918018023104435 4.266242333854018 32.32835909193098 -20.461670249756573 17.159519715914048 -23.441289371260638 2.521674005913245 1.7795037675050385 13.683443203142978 0.5022011952007431
0.039918021251325056 4.266242333854018 32.32835909193098 -20.461670249756573 17.159519715914048 -23.441289371260638 2.521674005913245 1.7795037575050385 13.68344321314298 0.5022011952007431
0.039918020485913426 4.266242333854018 32.32835909193098 -20.461670249756573 17.159519715914048 -23.441289371260638 2.521674005913245 1.7795037575050385 13.683443203142978 0.5022012052007432
0.03359597269403856 4.21927525816487 32.31364953380569 -20.46850752880181 17.154339523284015 -23.454393687393647 2.404680261110099 1.8755063808293924 13.690035606485127 0.468528503507851
0.03359597146895178 4.2192752681648695 32.31364953380569 -20.46850752880181 17.154339523284015 -23.454393687393647 2.404680261110099 1.8755063808293924 13.690035606485127 0.468528503507851
0.03359597254292704 4.21927525816487 32.31364954380569 -20.46850752880181 17.154339523284015 -23.454393687393647 2.404680261110099 1.8755063808293924 13.690035606485127 0.468528503507851
0.03359597263984063 4.21927525816487 32.31364953380569 -20.468507518801808 17.154339523284015 -23.454393687393647 2.404680261110099 1.8755063808293924 13.690035606485127 0.468528503507851
0.03359597264749794 4.21927525816487 32.31364953380569 -20.46850752880181 17.154339533284016 -23.454393687393647 2.404680261110099 1.8755063808293924 13.690035606485127 0.468528503507851
0.033595972570990715 4.21927525816487 32.31364953380569 -20.46850752880181 17.154339523284015 -23.454393677393647 2.404680261110099 1.8755063808293924 13.690035606485127 0.468528503507851
0.03359597160726284 4.21927525816487 32.31364953380569 -20.46850752880181 17.154339523284015 -23.454393687393647 2.4046802711100987 1.8755063808293924 13.690035606485127 0.468528503507851
0.033595970044274705 4.21927525816487 32.31364953380569 -20.46850752880181 17.154339523284015 -23.454393687393647 2.404680261110099 1.8755063908293923 13.690035606485127 0.468528503507851
0.033595972793531166 4.21927525816487 32.31364953380569 -20.46850752880181 17.154339523284015 -23.454393687393647 2.404680261110099 1.8755063808293924 13.690035616485128 0.468528503507851
0.03359597200271753 4.21927525816487 32.31364953380569 -20.46850752880181 17.154339523284015 -23.454393687393647 2.404680261110099 1.8755063808293924 13.690035606485127 0.468528513507851
0.07537118393655516 4.338774926796602 32.285598767543384 -20.481426822936122 17.145521184594134 -23.47881284220912 2.1965530594804794 2.0013626031430483 13.709442344472656 0.5792200762453229
0.0753711862445931 4.338774936796602 32.285598767543384 -20.481426822936122 17.145521184594134 -23.47881284220912 2.1965530594804794 2.0013626031430483 13.709442344472656 0.5792200762453229
0.07537118378176973 4.338774926796602 32.285598777543385 -20.481426822936122 17.145521184594134 -23.47881284220912 2.1965530594804794 2.0013626031430483 13.709442344472656 0.5792200762453229
0.07537118384466267 4.338774926796602 32.285598767543384 -20.48142681293612 17.145521184594134 -23.47881284220912 2.1965530594804794 2.0013626031430483 13.709442344472656 0.5792200762453229
0.07537118386080686 4.338774926796602 32.285598767543384 -20.481426822936122 17.145521194594135 -23.47881284220912 2.1965530594804794 2.0013626031430483 13.709442344472656 0.5792200762453229
0.07537118377269031 4.338774926796602 32.285598767543384 -20.481426822936122 17.145521184594134 -23.47881283220912 2.1965530594804794 2.0013626031430483 13.709442344472656 0.5792200762453229
0.07537118148315233 4.338774926796602 32.285598767543384 -20.481426822936122 17.145521184594134 -23.47881284220912 2.1965530694804793 2.0013626031430483 13.709442344472656 0.5792200762453229
0.07537118415900437 4.338774926796602 32.285598767543384 -20.481426822936122 17.145521184594134 -23.47881284220912 2.1965530594804794 2.001362613143048 13.709442344472656 0.5792200762453229
0.07537118411798921 4.338774926796602 32.285598767543384 -20.481426822936122 17.145521184594134 -23.47881284220912 2.1965530594804794 2.0013626031430483 13.709442354472657 0.5792200762453229
0.07537118725509301 4.338774926796602 32.285598767543384 -20.481426822936122 17.145521184594134 -23.47881284220912 2.1965530594804794 2.0013626031430483 13.709442344472656 0.579220086245323
0.03001034436242027 4.245672223784807 32.307453239530425 -20.47136134561153 17.152391589989413 -23.459787774235163 2.3587058525707607 1.9033074819663922 13.694322471890843 0.4929797984229227
0.03001034384032848 4.2456722337848065 32.307453239530425 -20.47136134561153 17.152391589989413 -23.459787774235163 2.3587058525707607 1.9033074819663922 13.694322471890843 0.4929797984229227
0.03001034418216668 4.245672223784807 32.307453249530425 -20.47136134561153 17.152391589989413 -23.459787774235163 2.3587058525707607 1.9033074819663922 13.694322471890843 0.4929797984229227
0.03001034428917205 4.245672223784807 32.307453239530425 -20.47136133561153 17.152391589989413 -23.459787774235163 2.3587058525707607 1.9033074819663922 13.694322471890843 0.4929797984229227
0.030010344299021052 4.245672223784807 32.307453239530425 -20.47136134561153 17.152391599989414 -23.459787774235163 2.3587058525707607 1.9033074819663922 13.694322471890843 0.4929797984229227
0.030010344205947143 4.245672223784807 32.307453239530425 -20.47136134561153 17.152391589989413 -23.459787764235163 2.3587058525707607 1.9033074819663922 13.694322471890843 0.4929797984229227
0.03001034278017146 4.245672223784807 32.307453239530425 -20.47136134561153 17.152391589989413 -23.459787774235163 2.3587058625707606 1.9033074819663922 13.694322471890843 0.4929797984229227
0.030010342044237765 4.245672223784807 32.307453239530425 -20.47136134561153 17.152391589989413 -23.459787774235163 2.3587058525707607 1.9033074919663922 13.694322471890843 0.4929797984229227
0.030010344506610498 4.245672223784807 32.307453239530425 -20.47136134561153 17.152391589989413 -23.459787774235163 2.3587058525707607 1.9033074819663922 13.694322481890843 0.4929797984229227
0.03001034483748234 4.245672223784807 32.307453239530425 -20.47136134561153 17.152391589989413 -23.459787774235163 2.3587058525707607 1.9033074819663922 13.694322471890843 0.4929798084229227
0.02516308705873664 4.2283037849001985 32.3037828502108 -20.473085219159877 17.151048945263405 -23.463060330606993 2.3354296489322692 1.9621658367321406 13.695408676210999 0.46880225528267583
0.02516308767332969 4.2283037949001985 32.3037828502108 -20.473085219159877 17.151048945263405 -23.463060330606993 2.3354296489322692 1.9621658367321406 13.695408676210999 0.46880225528267583
0.02516308710792583 4.2283037849001985 32.3037828602108 -20.473085219159877 17.151048945263405 -23.463060330606993 2.3354296489322692 1.9621658367321406 13.695408676210999 0.46880225528267583
0.02516308707788282 4.2283037849001985 32.3037828502108 -20.473085209159876 17.151048945263405 -23.463060330606993 2.3354296489322692 1.9621658367321406 13.695408676210999 0.46880225528267583
0.025163087075302543 4.2283037849001985 32.3037828502108 -20.473085219159877 17.151048955263406 -23.463060330606993 2.3354296489322692 1.9621658367321406 13.695408676210999 0.46880225528267583
0.0251630871001575 4.2283037849001985 32.3037828502108 -20.473085219159877 17.151048945263405 -23.463060320606992 2.3354296489322692 1.9621658367321406 13.695408676210999 0.46880225528267583
0.025163087452803275 4.2283037849001985 32.3037828502108 -20.473085219159877 17.151048945263405 -23.463060330606993 2.335429658932269 1.9621658367321406 13.695408676210999 0.46880225528267583
0.025163087676774016 4.2283037849001985 32.3037828502108 -20.473085219159877 17.151048945263405 -23.463060330606993 2.3354296489322692 1.9621658467321406 13.695408676210999 0.46880225528267583
0.02516308703893692 4.2283037849001985 32.3037828502108 -20.473085219159877 17.151048945263405 -23.463060330606993 2.3354296489322692 1.9621658367321406 13.695408686211 0.46880225528267583
0.02516308756664628 4.2283037849001985 32.3037828502108 -20.473085219159877 17.151048945263405 -23.463060330606993 2.3354296489322692 1.9621658367321406 13.695408676210999 0.4688022652826758
0.029991457244089966 4.15965075118037 32.29100969361026 -20.479032459418676 17.14639922481134 -23.4745072762251 2.234085664408245 2.058619737620332 13.700121495567961 0.41241833784338167
0.029991456124323093 4.15965076118037 32.29100969361026 -20.479032459418676 17.14639922481134 -23.4745072762251 2.234085664408245 2.058619737620332 13.700121495567961 0.41241833784338167
0.029991457266400453 4.15965075118037 32.291009703610264 -20.479032459418676 17.14639922481134 -23.4745072762251 2.234085664408245 2.058619737620332 13.700121495567961 0.41241833784338167
0.02999145726359322 4.15965075118037 32.29100969361026 -20.479032449418675 17.14639922481134 -23.4745072762251 2.234085664408245 2.058619737620332 13.700121495567961 0.41241833784338167
0.02999145725991968 4.15965075118037 32.29100969361026 -20.479032459418676 17.14639923481134 -23.4745072762251 2.234085664408245 2.058619737620332 13.700121495567961 0.41241833784338167
0.02999145727389847 4.15965075118037 32.29100969361026 -20.479032459418676 17.14639922481134 -23.4745072662251 2.234085664408245 2.058619737620332 13.700121495567961 0.41241833784338167
0.02999145778427046 4.15965075118037 32.29100969361026 -20.479032459418676 17.14639922481134 -23.4745072762251 2.234085674408245 2.058619737620332 13.700121495567961 0.41241833784338167
0.029991456489424157 4.15965075118037 32.29100969361026 -20.479032459418676 17.14639922481134 -23.4745072762251 2.234085664408245 2.058619747620332 13.700121495567961 0.41241833784338167
0.029991457198476006 4.15965075118037 32.29100969361026 -20.479032459418676 17.14639922481134 -23.4745072762251 2.234085664408245 2.058619737620332 13.700121505567962 0.41241833784338167
0.029991455471734034 4.15965075118037 32.29100969361026 -20.479032459418676 17.14639922481134 -23.4745072762251 2.234085664408245 2.058619737620332 13.700121495567961 0.41241834784338166
0.024430234030100174 4.218259034547398 32.30191398641385 -20.473955370709646 17.150368636198813 -23.464735154060612 2.32060182605038 1.9762781825744176 13.696098217391244 0.46055262166995037
0.024430234487557934 4.2182590445473975 32.30191398641385 -20.473955370709646 17.150368636198813 -23.464735154060612 2.32060182605038 1.9762781825744176 13.696098217391244 0.46055262166995037
0.0244302340696203 4.218259034547398 32.30191399641385 -20.473955370709646 17.150368636198813 -23.464735154060612 2.32060182605038 1.9762781825744176 13.696098217391244 0.46055262166995037
0.024430234046084846 4.218259034547398 32.30191398641385 -20.473955360709645 17.150368636198813 -23.464735154060612 2.32060182605038 1.9762781825744176 13.696098217391244 0.46055262166995037
0.024430234044130902 4.218259034547398 32.30191398641385 -20.473955370709646 17.150368646198814 -23.464735154060612 2.32060182605038 1.9762781825744176 13.696098217391244 0.46055262166995037
0.0244302340640801 4.218259034547398 32.30191398641385 -20.473955370709646 17.150368636198813 -23.46473514406061 2.32060182605038 1.9762781825744176 13.696098217391244 0.46055262166995037
0.024430234360597387 4.218259034547398 32.30191398641385 -20.473955370709646 17.150368636198813 -23.464735154060612 2.32060183605038 1.9762781825744176 13.696098217391244 0.46055262166995037
0.02443023443858488 4.218259034547398 32.30191398641385 -20.473955370709646 17.150368636198813 -23.464735154060612 2.32060182605038 1.9762781925744175 13.696098217391244 0.46055262166995037
0.0244302340137524 4.218259034547398 32.30191398641385 -20.473955370709646 17.150368636198813 -23.464735154060612 2.32060182605038 1.9762781825744176 13.696098227391245 0.46055262166995037
0.02443023439646559 4.218259034547398 32.30191398641385 -20.473955370709646 17.150368636198813 -23.464735154060612 2.32060182605038 1.9762781825744176 13.696098217391244 0.46055263166995036
0.046339370507754885 3.9921174960690955 32.24777701006436 -20.499122643852044 17.130986528389347 -23.513071512412914 1.896326120801162 2.371924833838868 13.718195309420928 0.27521313245632417
0.046339369134507764 3.9921175060690954 32.24777701006436 -20.499122643852044 17.130986528389347 -23.513071512412914 1.896326120801162 2.371924833838868 13.718195309420928 0.27521313245632417
0.04633937046359675 3.9921174960690955 32.24777702006436 -20.499122643852044 17.130986528389347 -23.513071512412914 1.896326120801162 2.371924833838868 13.718195309420928 0.27521313245632417
0.04633937049601263 3.9921174960690955 32.24777701006436 -20.499122633852043 17.130986528389347 -23.513071512412914 1.896326120801162 2.371924833838868 13.718195309420928 0.27521313245632417
0.046339370495088385 3.9921174960690955 32.24777701006436 -20.499122643852044 17.130986538389347 -23.513071512412914 1.896326120801162 2.371924833838868 13.718195309420928 0.27521313245632417
0.046339370474174586 3.9921174960690955 32.24777701006436 -20.499122643852044 17.130986528389347 -23.513071502412913 1.896326120801162 2.371924833838868 13.718195309420928 0.27521313245632417
0.046339370248960565 3.9921174960690955 32.24777701006436 -20.499122643852044 17.130986528389347 -23.513071512412914 1.8963261308011619 2.371924833838868 13.718195309420928 0.27521313245632417
0.046339369624370255 3.9921174960690955 32.24777701006436 -20.499122643852044 17.130986528389347 -23.513071512412914 1.896326120801162 2.371924843838868 13.718195309420928 0.27521313245632417
0.04633937051137586 3.9921174960690955 32.24777701006436 -20.499122643852044 17.130986528389347 -23.513071512412914 1.896326120801162 2.371924833838868 13.718195319420929 0.27521313245632417
0.04633936847033191 3.9921174960690955 32.24777701006436 -20.499122643852044 17.130986528389347 -23.513071512412914 1.896326120801162 2.371924833838868 13.718195309420928 0.27521314245632417
0.022303909223964122 4.181792068750694 32.293184005720526 -20.478013776321706 17.147243130520767 -23.47252974296556 2.2521842865934247 2.0400790791117234 13.699661533996744 0.4306652827077613
0.02230390916077301 4.181792078750694 32.293184005720526 -20.478013776321706 17.147243130520767 -23.47252974296556 2.2521842865934247 2.0400790791117234 13.699661533996744 0.4306652827077613
0.022303909222528003 4.181792068750694 32.29318401572053 -20.478013776321706 17.147243130520767 -23.47252974296556 2.2521842865934247 2.0400790791117234 13.699661533996744 0.4306652827077613
0.02230390922489384 4.181792068750694 32.293184005720526 -20.478013766321705 17.147243130520767 -23.47252974296556 2.2521842865934247 2.0400790791117234 13.699661533996744 0.4306652827077613
0.022303909225789557 4.181792068750694 32.293184005720526 -20.478013776321706 17.147243140520768 -23.47252974296556 2.2521842865934247 2.0400790791117234 13.699661533996744 0.4306652827077613
0.02230390922472936 4.181792068750694 32.293184005720526 -20.478013776321706 17.147243130520767 -23.47252973296556 2.2521842865934247 2.0400790791117234 13.699661533996744 0.4306652827077613
0.02230390922713726 4.181792068750694 32.293184005720526 -20.478013776321706 17.147243130520767 -23.47252974296556 2.2521842965934247 2.0400790791117234 13.699661533996744 0.4306652827077613
0.022303908933782934 4.181792068750694 32.293184005720526 -20.478013776321706 17.147243130520767 -23.47252974296556 2.2521842865934247 2.0400790891117233 13.699661533996744 0.4306652827077613
0.022303909226159355 4.181792068750694 32.293184005720526 -20.478013776321706 17.147243130520767 -23.47252974296556 2.2521842865934247 2.0400790791117234 13.699661543996745 0.4306652827077613
0.022303909172754877 4.181792068750694 32.293184005720526 -20.478013776321706 17.147243130520767 -23.47252974296556 2.2521842865934247 2.0400790791117234 13.699661533996744 0.43066529270776127
0.02972712907508843 4.102894114052444 32.27190201696081 -20.48789819762495 17.13966192987669 -23.491505944653593 2.087256770804011 2.1967369222278563 13.708642446019784 0.36512029020904085
0.029727127460772405 4.102894124052444 32.27190201696081 -20.48789819762495 17.13966192987669 -23.491505944653593 2.087256770804011 2.1967369222278563 13.708642446019784 0.36512029020904085
0.029727129027381692 4.102894114052444 32.27190202696081 -20.48789819762495 17.13966192987669 -23.491505944653593 2.087256770804011 2.1967369222278563 13.708642446019784 0.36512029020904085
0.029727129063984205 4.102894114052444 32.27190201696081 -20.48789818762495 17.13966192987669 -23.491505944653593 2.087256770804011 2.1967369222278563 13.708642446019784 0.36512029020904085
0.029727129064734306 4.102894114052444 32.27190201696081 -20.48789819762495 17.139661939876692 -23.491505944653593 2.087256770804011 2.1967369222278563 13.708642446019784 0.36512029020904085
0.02972712904209235 4.102894114052444 32.27190201696081 -20.48789819762495 17.13966192987669 -23.491505934653592 2.087256770804011 2.1967369222278563 13.708642446019784 0.36512029020904085
0.029727128873445353 4.102894114052444 32.27190201696081 -20.48789819762495 17.13966192987669 -23.491505944653593 2.087256780804011 2.1967369222278563 13.708642446019784 0.36512029020904085
0.029727127759075406 4.102894114052444 32.27190201696081 -20.48789819762495 17.13966192987669 -23.491505944653593 2.087256770804011 2.1967369322278563 13.708642446019784 0.36512029020904085
0.029727129072861864 4.102894114052444 32.27190201696081 -20.48789819762495 17.13966192987669 -23.491505944653593 2.087256770804011 2.1967369222278563 13.708642456019785 0.36512029020904085
0.029727127034387353 4.102894114052444 32.27190201696081 -20.48789819762495 17.13966192987669 -23.491505944653593 2.087256770804011 2.1967369222278563 13.708642446019784 0.36512030020904085
0.021969622467816103 4.174138589754198 32.29111955101319 -20.478972612468045 17.14650771779531 -23.474370525297726 2.2361855286678707 2.0552756392318345 13.70053272542117 0.42430710491553514
0.021969622291715698 4.1741385997541975 32.29111955101319 -20.478972612468045 17.14650771779531 -23.474370525297726 2.2361855286678707 2.0552756392318345 13.70053272542117 0.42430710491553514
0.02196962245740094 4.174138589754198 32.29111956101319 -20.478972612468045 17.14650771779531 -23.474370525297726 2.2361855286678707 2.0552756392318345 13.70053272542117 0.42430710491553514
0.021969622465305025 4.174138589754198 32.29111955101319 -20.478972602468044 17.14650771779531 -23.474370525297726 2.2361855286678707 2.0552756392318345 13.70053272542117 0.42430710491553514
0.02196962246680769 4.174138589754198 32.29111955101319 -20.478972612468045 17.14650772779531 -23.474370525297726 2.2361855286678707 2.0552756392318345 13.70053272542117 0.42430710491553514
0.021969622461128213 4.174138589754198 32.29111955101319 -20.478972612468045 17.14650771779531 -23.474370515297725 2.2361855286678707 2.0552756392318345 13.70053272542117 0.42430710491553514
0.02196962239310568 4.174138589754198 32.29111955101319 -20.478972612468045 17.14650771779531 -23.474370525297726 2.2361855386678706 2.0552756392318345 13.70053272542117 0.42430710491553514
0.021969622040542442 4.174138589754198 32.29111955101319 -20.478972612468045 17.14650771779531 -23.474370525297726 2.2361855286678707 2.0552756492318345 13.70053272542117 0.42430710491553514
0.021969622474039996 4.174138589754198 32.29111955101319 -20.478972612468045 17.14650771779531 -23.474370525297726 2.2361855286678707 2.0552756392318345 13.70053273542117 0.42430710491553514
0.02196962232634764 4.174138589754198 32.29111955101319 -20.478972612468045 17.14650771779531 -23.474370525297726 2.2361855286678707 2.0552756392318345 13.70053272542117 0.42430711491553513
0.02627434826017117 4.13012929483021 32.2778496778053 -20.48512583970163 17.14179487194556 -23.486188300265013 2.1348459691604456 2.153494480165652 13.706282280376628 0.38722979985135647
0.026274346956382973 4.13012930483021 32.2778496778053 -20.48512583970163 17.14179487194556 -23.486188300265013 2.1348459691604456 2.153494480165652 13.706282280376628 0.38722979985135647
0.026274348245779 4.13012929483021 32.2778496878053 -20.48512583970163 17.14179487194556 -23.486188300265013 2.1348459691604456 2.153494480165652 13.706282280376628 0.38722979985135647
0.02627434826302135 4.13012929483021 32.2778496778053 -20.48512582970163 17.14179487194556 -23.486188300265013 2.1348459691604456 2.153494480165652 13.706282280376628 0.38722979985135647
0.026274348262531583 4.13012929483021 32.2778496778053 -20.48512583970163 17.14179488194556 -23.486188300265013 2.1348459691604456 2.153494480165652 13.706282280376628 0.38722979985135647
0.026274348256868366 4.13012929483021 32.2778496778053 -20.48512583970163 17.14179487194556 -23.486188290265012 2.1348459691604456 2.153494480165652 13.706282280376628 0.38722979985135647
0.026274348388941153 4.13012929483021 32.2778496778053 -20.48512583970163 17.14179487194556 -23.486188300265013 2.1348459791604455 2.153494480165652 13.706282280376628 0.38722979985135647
0.026274347255561912 4.13012929483021 32.2778496778053 -20.48512583970163 17.14179487194556 -23.486188300265013 2.1348459691604456 2.153494490165652 13.706282280376628 0.38722979985135647
0.0262743482385132 4.13012929483021 32.2778496778053 -20.48512583970163 17.14179487194556 -23.486188300265013 2.1348459691604456 2.153494480165652 13.70628229037663 0.38722979985135647
0.026274346447122208 4.13012929483021 32.2778496778053 -20.48512583970163 17.14179487194556 -23.486188300265013 2.1348459691604456 2.153494480165652 13.706282280376628 0.38722980985135647
0.021823884605551416 4.171005329250854 32.2901747967362 -20.479410694102672 17.146172184727014 -23.475211896821772 2.2289706155505558 2.0622683714606436 13.70094206743596 0.4216673703838034
0.021823884396043283 4.171005339250854 32.2901747967362 -20.479410694102672 17.146172184727014 -23.475211896821772 2.2289706155505558 2.0622683714606436 13.70094206743596 0.4216673703838034
0.021823884592372434 4.171005329250854 32.2901748067362 -20.479410694102672 17.146172184727014 -23.475211896821772 2.2289706155505558 2.0622683714606436 13.70094206743596 0.4216673703838034
0.021823884601936606 4.171005329250854 32.2901747967362 -20.47941068410267 17.146172184727014 -23.475211896821772 2.2289706155505558 2.0622683714606436 13.70094206743596 0.4216673703838034
0.021823884603652966 4.171005329250854 32.2901747967362 -20.479410694102672 17.146172194727015 -23.475211896821772 2.2289706155505558 2.0622683714606436 13.70094206743596 0.4216673703838034
0.021823884596542616 4.171005329250854 32.2901747967362 -20.479410694102672 17.146172184727014 -23.47521188682177 2.2289706155505558 2.0622683714606436 13.70094206743596 0.4216673703838034
0.021823884504650875 4.171005329250854 32.2901747967362 -20.479410694102672 17.146172184727014 -23.475211896821772 2.2289706255505557 2.0622683714606436 13.70094206743596 0.4216673703838034
0.021823884139067336 4.171005329250854 32.2901747967362 -20.479410694102672 17.146172184727014 -23.475211896821772 2.2289706155505558 2.0622683814606435 13.70094206743596 0.4216673703838034
0.02182388461297967 4.171005329250854 32.2901747967362 -20.479410694102672 17.146172184727014 -23.475211896821772 2.2289706155505558 2.0622683714606436 13.700942077435961 0.4216673703838034
0.021823884437629837 4.171005329250854 32.2901747967362 -20.479410694102672 17.146172184727014 -23.475211896821772 2.2289706155505558 2.0622683714606436 13.70094206743596 0.4216673803838034
0.026080588482826836 4.1440271465332295 32.282040218241804 -20.483182690197985 17.143283158291254 -23.48245632309431 2.166848348933083 2.122477603205949 13.704466607976801 0.39893857383238845
0.026080587338409907 4.144027156533229 32.282040218241804 -20.483182690197985 17.143283158291254 -23.48245632309431 2.166848348933083 2.122477603205949 13.704466607976801 0.39893857383238845
0.026080588487079535 4.1440271465332295 32.282040228241804 -20.483182690197985 17.143283158291254 -23.48245632309431 2.166848348933083 2.122477603205949 13.704466607976801 0.39893857383238845
0.02608058849361597 4.1440271465332295 32.282040218241804 -20.483182680197984 17.143283158291254 -23.48245632309431 2.166848348933083 2.122477603205949 13.704466607976801 0.39893857383238845
0.026080588491998763 4.1440271465332295 32.282040218241804 -20.483182690197985 17.143283168291255 -23.48245632309431 2.166848348933083 2.122477603205949 13.704466607976801 0.39893857383238845
0.026080588495976484 4.1440271465332295 32.282040218241804 -20.483182690197985 17.143283158291254 -23.48245631309431 2.166848348933083 2.122477603205949 13.704466607976801 0.39893857383238845
0.026080588800605164 4.1440271465332295 32.282040218241804 -20.483182690197985 17.143283158291254 -23.48245632309431 2.166848358933083 2.122477603205949 13.704466607976801 0.39893857383238845
0.026080587654820075 4.1440271465332295 32.282040218241804 -20.483182690197985 17.143283158291254 -23.48245632309431 2.166848348933083 2.122477613205949 13.704466607976801 0.39893857383238845
0.02608058845036428 4.1440271465332295 32.282040218241804 -20.483182690197985 17.143283158291254 -23.48245632309431 2.166848348933083 2.122477603205949 13.704466617976802 0.39893857383238845
0.026080586777194287 4.1440271465332295 32.282040218241804 -20.483182690197985 17.143283158291254 -23.48245632309431 2.166848348933083 2.122477603205949 13.704466607976801 0.39893858383238845
0.021774180705940727 4.169885663292967 32.28983719020735 -20.479567241920048 17.146052282486547 -23.475512559678375 2.2263923771315186 2.064767213871245 13.701088345193142 0.420724065194246
0.021774180483677276 4.169885673292967 32.28983719020735 -20.479567241920048 17.146052282486547 -23.475512559678375 2.2263923771315186 2.064767213871245 13.701088345193142 0.420724065194246
0.02177418069170046 4.169885663292967 32.28983720020735 -20.479567241920048 17.146052282486547 -23.475512559678375 2.2263923771315186 2.064767213871245 13.701088345193142 0.420724065194246
0.021774180701902544 4.169885663292967 32.28983719020735 -20.479567231920047 17.146052282486547 -23.475512559678375 2.2263923771315186 2.064767213871245 13.701088345193142 0.420724065194246
0.021774180703703423 4.169885663292967 32.28983719020735 -20.479567241920048 17.146052292486548 -23.475512559678375 2.2263923771315186 2.064767213871245 13.701088345193142 0.420724065194246
0.02177418069603903 4.169885663292967 32.28983719020735 -20.479567241920048 17.146052282486547 -23.475512549678374 2.2263923771315186 2.064767213871245 13.701088345193142 0.420724065194246
0.021774180595098978 4.169885663292967 32.28983719020735 -20.479567241920048 17.146052282486547 -23.475512559678375 2.2263923871315185 2.064767213871245 13.701088345193142 0.420724065194246
0.021774180224587596 4.169885663292967 32.28983719020735 -20.479567241920048 17.146052282486547 -23.475512559678375 2.2263923771315186 2.064767223871245 13.701088345193142 0.420724065194246
0.021774180713828497 4.169885663292967 32.28983719020735 -20.479567241920048 17.146052282486547 -23.475512559678375 2.2263923771315186 2.064767213871245 13.701088355193143 0.420724065194246
0.02177418052797417 4.169885663292967 32.28983719020735 -20.479567241920048 17.146052282486547 -23.475512559678375 2.2263923771315186 2.064767213871245 13.701088345193142 0.420724075194246
0.02616630508112009 4.15281904223154 32.28469118871009 -20.481953437783485 17.144224660517654 -23.480095443532893 2.187093318520551 2.1028560708321495 13.703317998630357 0.40634564089542
0.026166304034323257 4.15281905223154 32.28469118871009 -20.481953437783485 17.144224660517654 -23.480095443532893 2.187093318520551 2.1028560708321495 13.703317998630357 0.40634564089542
0.02616630509678832 4.15281904223154 32.28469119871009 -20.481953437783485 17.144224660517654 -23.480095443532893 2.187093318520551 2.1028560708321495 13.703317998630357 0.40634564089542
0.026166305096713 4.15281904223154 32.28469118871009 -20.481953427783484 17.144224660517654 -23.480095443532893 2.187093318520551 2.1028560708321495 13.703317998630357 0.40634564089542
0.026166305094330485 4.15281904223154 32.28469118871009 -20.481953437783485 17.144224670517655 -23.480095443532893 2.187093318520551 2.1028560708321495 13.703317998630357 0.40634564089542
0.026166305104268903 4.15281904223154 32.28469118871009 -20.481953437783485 17.144224660517654 -23.48009543353289 2.187093318520551 2.1028560708321495 13.703317998630357 0.40634564089542
0.026166305511706348 4.15281904223154 32.28469118871009 -20.481953437783485 17.144224660517654 -23.480095443532893 2.187093328520551 2.1028560708321495 13.703317998630357 0.40634564089542
0.02616630436570328 4.15281904223154 32.28469118871009 -20.481953437783485 17.144224660517654 -23.480095443532893 2.187093318520551 2.1028560808321495 13.703317998630357 0.40634564089542
0.026166305042132357 4.15281904223154 32.28469118871009 -20.481953437783485 17.144224660517654 -23.480095443532893 2.187093318520551 2.1028560708321495 13.703318008630358 0.40634564089542
0.026166303444686855 4.15281904223154 32.28469118871009 -20.481953437783485 17.144224660517654 -23.480095443532893 2.187093318520551 2.1028560708321495 13.703317998630357 0.40634565089542
0.02175514654849908 4.169448851263458 32.2897054807524 -20.479628315465547 17.146005505373576 -23.475629856405728 2.2253865364623047 2.0657420800061925 13.701145412109875 0.42035605627927064
0.02175514632115614 4.169448861263458 32.2897054807524 -20.479628315465547 17.146005505373576 -23.475629856405728 2.2253865364623047 2.0657420800061925 13.701145412109875 0.42035605627927064
0.021755146533844995 4.169448851263458 32.289705490752404 -20.479628315465547 17.146005505373576 -23.475629856405728 2.2253865364623047 2.0657420800061925 13.701145412109875 0.42035605627927064
0.021755146544291552 4.169448851263458 32.2897054807524 -20.479628305465546 17.146005505373576 -23.475629856405728 2.2253865364623047 2.0657420800061925 13.701145412109875 0.42035605627927064
0.021755146546126713 4.169448851263458 32.2897054807524 -20.479628315465547 17.146005515373577 -23.475629856405728 2.2253865364623047 2.0657420800061925 13.701145412109875 0.42035605627927064
0.021755146538244723 4.169448851263458 32.2897054807524 -20.479628315465547 17.146005505373576 -23.475629846405727 2.2253865364623047 2.0657420800061925 13.701145412109875 0.42035605627927064
0.021755146433700513 4.169448851263458 32.2897054807524 -20.479628315465547 17.146005505373576 -23.475629856405728 2.2253865464623046 2.0657420800061925 13.701145412109875 0.42035605627927064
0.021755146061229958 4.169448851263458 32.2897054807524 -20.479628315465547 17.146005505373576 -23.475629856405728 2.2253865364623047 2.0657420900061925 13.701145412109875 0.42035605627927064
0.021755146556574272 4.169448851263458 32.2897054807524 -20.479628315465547 17.146005505373576 -23.475629856405728 2.2253865364623047 2.0657420800061925 13.701145422109876 0.42035605627927064
0.021755146366538837 4.169448851263458 32.2897054807524 -20.479628315465547 17.146005505373576 -23.475629856405728 2.2253865364623047 2.0657420800061925 13.701145412109875 0.42035606627927063
0.02629837375105511 4.158473177302392 32.28639604800448 -20.481162896195386 17.14483014776867 -23.478577143909657 2.2001130126207475 2.090237313951324 13.702579319213394 0.41110918212592923
0.026298372763525858 4.158473187302392 32.28639604800448 -20.481162896195386 17.14483014776867 -23.478577143909657 2.2001130126207475 2.090237313951324 13.702579319213394 0.41110918212592923
0.026298373773666783 4.158473177302392 32.28639605800448 -20.481162896195386 17.14483014776867 -23.478577143909657 2.2001130126207475 2.090237313951324 13.702579319213394 0.41110918212592923
0.026298373769546683 4.158473177302392 32.28639604800448 -20.481162886195385 17.14483014776867 -23.478577143909657 2.2001130126207475 2.090237313951324 13.702579319213394 0.41110918212592923
0.02629837376667615 4.158473177302392 32.28639604800448 -20.481162896195386 17.14483015776867 -23.478577143909657 2.2001130126207475 2.090237313951324 13.702579319213394 0.41110918212592923
0.02629837378026592 4.158473177302392 32.28639604800448 -20.481162896195386 17.14483014776867 -23.478577133909656 2.2001130126207475 2.090237313951324 13.702579319213394 0.41110918212592923
0.02629837424932374 4.158473177302392 32.28639604800448 -20.481162896195386 17.14483014776867 -23.478577143909657 2.2001130226207475 2.090237313951324 13.702579319213394 0.41110918212592923
0.0262983731054359 4.158473177302392 32.28639604800448 -20.481162896195386 17.14483014776867 -23.478577143909657 2.2001130126207475 2.090237323951324 13.702579319213394 0.41110918212592923
0.02629837370809578 4.158473177302392 32.28639604800448 -20.481162896195386 17.14483014776867 -23.478577143909657 2.2001130126207475 2.090237313951324 13.702579329213394 0.41110918212592923
0.026298372158456207 4.158473177302392 32.28639604800448 -20.481162896195386 17.14483014776867 -23.478577143909657 2.2001130126207475 2.090237313951324 13.702579319213394 0.4111091921259292
0.021747441080058133 4.169270675765677 32.28965175650464 -20.479653227346713 17.145986425003017 -23.47567770170616 2.224976254350509 2.0661397276146127 13.70116868968835 0.42020594555158086
0.021747440850624085 4.169270685765677 32.28965175650464 -20.479653227346713 17.145986425003017 -23.47567770170616 2.224976254350509 2.0661397276146127 13.70116868968835 0.42020594555158086
0.021747441065223985 4.169270675765677 32.28965176650464 -20.479653227346713 17.145986425003017 -23.47567770170616 2.224976254350509 2.0661397276146127 13.70116868968835 0.42020594555158086
0.021747441075781148 4.169270675765677 32.28965175650464 -20.479653217346712 17.145986425003017 -23.47567770170616 2.224976254350509 2.0661397276146127 13.70116868968835 0.42020594555158086
0.02174744107762598 4.169270675765677 32.28965175650464 -20.479653227346713 17.145986435003017 -23.47567770170616 2.224976254350509 2.0661397276146127 13.70116868968835 0.42020594555158086
0.0217474410696563 4.169270675765677 32.28965175650464 -20.479653227346713 17.145986425003017 -23.47567769170616 2.224976254350509 2.0661397276146127 13.70116868968835 0.42020594555158086
0.021747440963630786 4.169270675765677 32.28965175650464 -20.479653227346713 17.145986425003017 -23.47567770170616 2.224976264350509 2.0661397276146127 13.70116868968835 0.42020594555158086
0.021747440590359678 4.169270675765677 32.28965175650464 -20.479653227346713 17.145986425003017 -23.47567770170616 2.224976254350509 2.0661397376146127 13.70116868968835 0.42020594555158086
0.021747441088203694 4.169270675765677 32.28965175650464 -20.479653227346713 17.145986425003017 -23.47567770170616 2.224976254350509 2.0661397276146127 13.70116869968835 0.42020594555158086
0.02174744089644843 4.169270675765677 32.28965175650464 -20.479653227346713 17.145986425003017 -23.47567770170616 2.224976254350509 2.0661397276146127 13.70116868968835 0.42020595555158086
0.025758847598043318 4.120791862193479 32.27392125654046 -20.48692747605678 17.140392997709746 -23.48967977170651 2.1070013320615337 2.182994371577615 13.70811678153306 0.37909891619457486
0.02575884624922436 4.120791872193479 32.27392125654046 -20.48692747605678 17.140392997709746 -23.48967977170651 2.1070013320615337 2.182994371577615 13.70811678153306 0.37909891619457486
0.02575884757673135 4.120791862193479 32.27392126654046 -20.48692747605678 17.140392997709746 -23.48967977170651 2.1070013320615337 2.182994371577615 13.70811678153306 0.37909891619457486
0.025758847597540987 4.120791862193479 32.27392125654046 -20.48692746605678 17.140392997709746 -23.48967977170651 2.1070013320615337 2.182994371577615 13.70811678153306 0.37909891619457486
0.025758847597735286 4.120791862193479 32.27392125654046 -20.48692747605678 17.140393007709747 -23.48967977170651 2.1070013320615337 2.182994371577615 13.70811678153306 0.37909891619457486
0.025758847588343747 4.120791862193479 32.27392125654046 -20.48692747605678 17.140392997709746 -23.48967976170651 2.1070013320615337 2.182994371577615 13.70811678153306 0.37909891619457486
0.025758847637295464 4.120791862193479 32.27392125654046 -20.48692747605678 17.140392997709746 -23.48967977170651 2.1070013420615337 2.182994371577615 13.70811678153306 0.37909891619457486
0.02575884656117445 4.120791862193479 32.27392125654046 -20.48692747605678 17.140392997709746 -23.48967977170651 2.1070013320615337 2.1829943815776147 13.70811678153306 0.37909891619457486
0.02575884758016742 4.120791862193479 32.27392125654046 -20.48692747605678 17.140392997709746 -23.48967977170651 2.1070013320615337 2.182994371577615 13.70811679153306 0.37909891619457486
0.02575884575288018 4.120791862193479 32.27392125654046 -20.48692747605678 17.140392997709746 -23.48967977170651 2.1070013320615337 2.182994371577615 13.70811678153306 0.37909892619457486
0.026452850822407073 4.16511021554099 32.28830176225782 -20.48027750463802 17.145506396098458 -23.476879361792438 2.2148516259710855 2.076168213512974 13.701764976140664 0.4166781331322407
0.026452849909569694 4.16511022554099 32.28830176225782 -20.48027750463802 17.145506396098458 -23.476879361792438 2.2148516259710855 2.076168213512974 13.701764976140664 0.4166781331322407
0.026452850853702897 4.16511021554099 32.28830177225782 -20.48027750463802 17.145506396098458 -23.476879361792438 2.2148516259710855 2.076168213512974 13.701764976140664 0.4166781331322407
0.026452850844445923 4.16511021554099 32.28830176225782 -20.48027749463802 17.145506396098458 -23.476879361792438 2.2148516259710855 2.076168213512974 13.701764976140664 0.4166781331322407
0.026452850841027605 4.16511021554099 32.28830176225782 -20.48027750463802 17.14550640609846 -23.476879361792438 2.2148516259710855 2.076168213512974 13.701764976140664 0.4166781331322407
0.02645285085913476 4.16511021554099 32.28830176225782 -20.48027750463802 17.145506396098458 -23.476879351792437 2.2148516259710855 2.076168213512974 13.701764976140664 0.4166781331322407
0.026452851402775226 4.16511021554099 32.28830176225782 -20.48027750463802 17.145506396098458 -23.476879361792438 2.2148516359710855 2.076168213512974 13.701764976140664 0.4166781331322407
0.026452850268408854 4.16511021554099 32.28830176225782 -20.48027750463802 17.145506396098458 -23.476879361792438 2.2148516259710855 2.076168223512974 13.701764976140664 0.4166781331322407
0.02645285077446795 4.16511021554099 32.28830176225782 -20.48027750463802 17.145506396098458 -23.476879361792438 2.2148516259710855 2.076168213512974 13.701764986140665 0.4166781331322407
0.02645284928457926 4.16511021554099 32.28830176225782 -20.48027750463802 17.145506396098458 -23.476879361792438 2.2148516259710855 2.076168213512974 13.701764976140664 0.4166781431322407
0.021745953902862367 4.169241045052494 32.289642141873045 -20.479657673436897 17.14598300624691 -23.47568625990488 2.224904146952913 2.066211150287412 13.701172936428348 0.420180820543212
0.021745953673217983 4.169241055052494 32.289642141873045 -20.479657673436897 17.14598300624691 -23.47568625990488 2.224904146952913 2.066211150287412 13.701172936428348 0.420180820543212
0.02174595388801694 4.169241045052494 32.289642151873046 -20.479657673436897 17.14598300624691 -23.47568625990488 2.224904146952913 2.066211150287412 13.701172936428348 0.420180820543212
0.021745953898582644 4.169241045052494 32.289642141873045 -20.479657663436896 17.14598300624691 -23.47568625990488 2.224904146952913 2.066211150287412 13.701172936428348 0.420180820543212
0.021745953900429882 4.169241045052494 32.289642141873045 -20.479657673436897 17.145983016246912 -23.47568625990488 2.224904146952913 2.066211150287412 13.701172936428348 0.420180820543212
0.021745953892455185 4.169241045052494 32.289642141873045 -20.479657673436897 17.14598300624691 -23.47568624990488 2.224904146952913 2.066211150287412 13.701172936428348 0.420180820543212
0.021745953786248624 4.169241045052494 32.289642141873045 -20.479657673436897 17.14598300624691 -23.47568625990488 2.224904156952913 2.066211150287412 13.701172936428348 0.420180820543212
0.02174595341292996 4.169241045052494 32.289642141873045 -20.479657673436897 17.14598300624691 -23.47568625990488 2.224904146952913 2.066211160287412 13.701172936428348 0.420180820543212
0.021745953911026114 4.169241045052494 32.289642141873045 -20.479657673436897 17.14598300624691 -23.47568625990488 2.224904146952913 2.066211150287412 13.701172946428349 0.420180820543212
0.02174595371909121 4.169241045052494 32.289642141873045 -20.479657673436897 17.14598300624691 -23.47568625990488 2.224904146952913 2.066211150287412 13.701172936428348 0.420180830543212
0.0216126353461956 4.166514697574901 32.28875749132699 -20.48006676202964 17.14566844354893 -23.476473707150667 2.218269483104907 2.072782812016283 13.701563682638477 0.41786904685197096
0.021612635095610722 4.166514707574901 32.28875749132699 -20.48006676202964 17.14566844354893 -23.476473707150667 2.218269483104907 2.072782812016283 13.701563682638477 0.41786904685197096
0.0216126353296186 4.166514697574901 32.28875750132699 -20.48006676202964 17.14566844354893 -23.476473707150667 2.218269483104907 2.072782812016283 13.701563682638477 0.41786904685197096
0.02161263534118892 4.166514697574901 32.28875749132699 -20.48006675202964 17.14566844354893 -23.476473707150667 2.218269483104907 2.072782812016283 13.701563682638477 0.41786904685197096
0.021612635343206725 4.166514697574901 32.28875749132699 -20.48006676202964 17.145668453548932 -23.476473707150667 2.218269483104907 2.072782812016283 13.701563682638477 0.41786904685197096
0.021612635334304815 4.166514697574901 32.28875749132699 -20.48006676202964 17.14566844354893 -23.476473697150666 2.218269483104907 2.072782812016283 13.701563682638477 0.41786904685197096
0.021612635211440762 4.166514697574901 32.28875749132699 -20.48006676202964 17.14566844354893 -23.476473707150667 2.218269493104907 2.072782812016283 13.701563682638477 0.41786904685197096
0.021612634833449072 4.166514697574901 32.28875749132699 -20.48006676202964 17.14566844354893 -23.476473707150667 2.218269483104907 2.0727828220162827 13.701563682638477 0.41786904685197096
0.021612635355025705 4.166514697574901 32.28875749132699 -20.48006676202964 17.14566844354893 -23.476473707150667 2.218269483104907 2.072782812016283 13.701563692638478 0.41786904685197096
0.021612635145299486 4.166514697574901 32.28875749132699 -20.48006676202964 17.14566844354893 -23.476473707150667 2.218269483104907 2.072782812016283 13.701563682638477 0.41786905685197095
0.021568947087963374 4.16558773943252 32.28845671014133 -20.480205852151173 17.14556149223162 -23.476741439214237 2.2160136973965847 2.075017177004099 13.701696536349921 0.417083043796949
0.021568946829637878 4.16558774943252 32.28845671014133 -20.480205852151173 17.14556149223162 -23.476741439214237 2.2160136973965847 2.075017177004099 13.701696536349921 0.417083043796949
0.021568947070742847 4.16558773943252 32.28845672014133 -20.480205852151173 17.14556149223162 -23.476741439214237 2.2160136973965847 2.075017177004099 13.701696536349921 0.417083043796949
0.021568947082688035 4.16558773943252 32.28845671014133 -20.48020584215117 17.14556149223162 -23.476741439214237 2.2160136973965847 2.075017177004099 13.701696536349921 0.417083043796949
0.021568947084766543 4.16558773943252 32.28845671014133 -20.480205852151173 17.145561502231622 -23.476741439214237 2.2160136973965847 2.075017177004099 13.701696536349921 0.417083043796949
0.021568947075527877 4.16558773943252 32.28845671014133 -20.480205852151173 17.14556149223162 -23.476741429214236 2.2160136973965847 2.075017177004099 13.701696536349921 0.417083043796949
0.021568946946552064 4.16558773943252 32.28845671014133 -20.480205852151173 17.14556149223162 -23.476741439214237 2.2160137073965847 2.075017177004099 13.701696536349921 0.417083043796949
0.021568946566725263 4.16558773943252 32.28845671014133 -20.480205852151173 17.14556149223162 -23.476741439214237 2.2160136973965847 2.0750171870040988 13.701696536349921 0.417083043796949
0.021568947097053866 4.16558773943252 32.28845671014133 -20.480205852151173 17.14556149223162 -23.476741439214237 2.2160136973965847 2.075017177004099 13.701696546349922 0.417083043796949
0.021568946880819066 4.16558773943252 32.28845671014133 -20.480205852151173 17.14556149223162 -23.476741439214237 2.2160136973965847 2.075017177004099 13.701696536349921 0.417083053796949
0.021554289728326265 4.16527257366411 32.288354444538214 -20.480253142792492 17.145525128783735 -23.47683246811585 2.2152467302557555 2.075776861099956 13.701741706611811 0.41681580275824154
0.021554289467304543 4.16527258366411 32.288354444538214 -20.480253142792492 17.145525128783735 -23.47683246811585 2.2152467302557555 2.075776861099956 13.701741706611811 0.41681580275824154
0.021554289710878204 4.16527257366411 32.288354454538215 -20.480253142792492 17.145525128783735 -23.47683246811585 2.2152467302557555 2.075776861099956 13.701741706611811 0.41681580275824154
0.021554289722957205 4.16527257366411 32.288354444538214 -20.48025313279249 17.145525128783735 -23.47683246811585 2.2152467302557555 2.075776861099956 13.701741706611811 0.41681580275824154
0.021554289725058753 4.16527257366411 32.288354444538214 -20.480253142792492 17.145525138783736 -23.47683246811585 2.2152467302557555 2.075776861099956 13.701741706611811 0.41681580275824154
0.021554289715704954 4.16527257366411 32.288354444538214 -20.480253142792492 17.145525128783735 -23.476832458115847 2.2152467302557555 2.075776861099956 13.701741706611811 0.41681580275824154
0.02155428958459604 4.16527257366411 32.288354444538214 -20.480253142792492 17.145525128783735 -23.47683246811585 2.2152467402557554 2.075776861099956 13.701741706611811 0.41681580275824154
0.021554289204126845 4.16527257366411 32.288354444538214 -20.480253142792492 17.145525128783735 -23.47683246811585 2.2152467302557555 2.075776871099956 13.701741706611811 0.41681580275824154
0.021554289737518006 4.16527257366411 32.288354444538214 -20.480253142792492 17.145525128783735 -23.47683246811585 2.2152467302557555 2.075776861099956 13.701741716611812 0.41681580275824154
0.021554289519013385 4.16527257366411 32.288354444538214 -20.480253142792492 17.145525128783735 -23.47683246811585 2.2152467302557555 2.075776861099956 13.701741706611811 0.41681581275824153
0.025275895669059686 4.113820059259667 32.2707205368571 -20.4883633589422 17.1392069457506 -23.492530687557267 2.086732406725597 2.2058376589603736 13.709708309275747 0.3739145850269109
0.025275894305622264 4.113820069259667 32.2707205368571 -20.4883633589422 17.1392069457506 -23.492530687557267 2.086732406725597 2.2058376589603736 13.709708309275747 0.3739145850269109
0.025275895644353206 4.113820059259667 32.2707205468571 -20.4883633589422 17.1392069457506 -23.492530687557267 2.086732406725597 2.2058376589603736 13.709708309275747 0.3739145850269109
0.025275895666721275 4.113820059259667 32.2707205368571 -20.488363348942197 17.1392069457506 -23.492530687557267 2.086732406725597 2.2058376589603736 13.709708309275747 0.3739145850269109
0.025275895667377604 4.113820059259667 32.2707205368571 -20.4883633589422 17.139206955750602 -23.492530687557267 2.086732406725597 2.2058376589603736 13.709708309275747 0.3739145850269109
0.025275895656042283 4.113820059259667 32.2707205368571 -20.4883633589422 17.1392069457506 -23.492530677557266 2.086732406725597 2.2058376589603736 13.709708309275747 0.3739145850269109
0.0252758956545297 4.113820059259667 32.2707205368571 -20.4883633589422 17.1392069457506 -23.492530687557267 2.0867324167255967 2.2058376589603736 13.709708309275747 0.3739145850269109
0.02527589463097964 4.113820059259667 32.2707205368571 -20.4883633589422 17.1392069457506 -23.492530687557267 2.086732406725597 2.2058376689603736 13.709708309275747 0.3739145850269109
0.025275895652959218 4.113820059259667 32.2707205368571 -20.4883633589422 17.1392069457506 -23.492530687557267 2.086732406725597 2.2058376589603736 13.709708319275748 0.3739145850269109
0.02527589381594359 4.113820059259667 32.2707205368571 -20.4883633589422 17.1392069457506 -23.492530687557267 2.086732406725597 2.2058376589603736 13.709708309275747 0.3739145950269109
0.02613036426838157 4.1602125051475305 32.28662024783055 -20.481050737426628 17.144903770635974 -23.47837630065506 2.2026080615735446 2.0885676169281657 13.702525177658668 0.4125967066911605
0.026130363329575527 4.16021251514753 32.28662024783055 -20.481050737426628 17.144903770635974 -23.47837630065506 2.2026080615735446 2.0885676169281657 13.702525177658668 0.4125967066911605
0.026130364296359097 4.1602125051475305 32.28662025783055 -20.481050737426628 17.144903770635974 -23.47837630065506 2.2026080615735446 2.0885676169281657 13.702525177658668 0.4125967066911605
0.026130364288978376 4.1602125051475305 32.28662024783055 -20.481050727426627 17.144903770635974 -23.47837630065506 2.2026080615735446 2.0885676169281657 13.702525177658668 0.4125967066911605
0.02613036428586922 4.1602125051475305 32.28662024783055 -20.481050737426628 17.144903780635975 -23.47837630065506 2.2026080615735446 2.0885676169281657 13.702525177658668 0.4125967066911605
0.02613036430214966 4.1602125051475305 32.28662024783055 -20.481050737426628 17.144903770635974 -23.47837629065506 2.2026080615735446 2.0885676169281657 13.702525177658668 0.4125967066911605
0.026130364814049102 4.1602125051475305 32.28662024783055 -20.481050737426628 17.144903770635974 -23.47837630065506 2.2026080715735445 2.0885676169281657 13.702525177658668 0.4125967066911605
0.0261303636887752 4.1602125051475305 32.28662024783055 -20.481050737426628 17.144903770635974 -23.47837630065506 2.2026080615735446 2.0885676269281657 13.702525177658668 0.4125967066911605
0.02613036422218995 4.1602125051475305 32.28662024783055 -20.481050737426628 17.144903770635974 -23.47837630065506 2.2026080615735446 2.0885676169281657 13.702525187658669 0.4125967066911605
0.026130362704509365 4.1602125051475305 32.28662024783055 -20.481050737426628 17.144903770635974 -23.47837630065506 2.2026080615735446 2.0885676169281657 13.702525177658668 0.4125967166911605
0.026458847232137112 4.1652266239954745 32.28833869657674 -20.480260385621126 17.145519486330297 -23.476846487410917 2.2151319605375117 2.07589301189712 13.70174882118642 0.4167774898252074
0.02645884632017148 4.165226633995474 32.28833869657674 -20.480260385621126 17.145519486330297 -23.476846487410917 2.2151319605375117 2.07589301189712 13.70174882118642 0.4167774898252074
0.026458847263575627 4.1652266239954745 32.28833870657674 -20.480260385621126 17.145519486330297 -23.476846487410917 2.2151319605375117 2.07589301189712 13.70174882118642 0.4167774898252074
0.026458847254270352 4.1652266239954745 32.28833869657674 -20.480260375621125 17.145519486330297 -23.476846487410917 2.2151319605375117 2.07589301189712 13.70174882118642 0.4167774898252074
0.02645884725080254 4.1652266239954745 32.28833869657674 -20.480260385621126 17.145519496330298 -23.476846487410917 2.2151319605375117 2.07589301189712 13.70174882118642 0.4167774898252074
0.02645884726890996 4.1652266239954745 32.28833869657674 -20.480260385621126 17.145519486330297 -23.476846477410916 2.2151319605375117 2.07589301189712 13.70174882118642 0.4167774898252074
0.026458847813581723 4.1652266239954745 32.28833869657674 -20.480260385621126 17.145519486330297 -23.476846487410917 2.2151319705375117 2.07589301189712 13.70174882118642 0.4167774898252074
0.0264588466791572 4.1652266239954745 32.28833869657674 -20.480260385621126 17.145519486330297 -23.476846487410917 2.2151319605375117 2.07589302189712 13.70174882118642 0.4167774898252074
0.026458847184130024 4.1652266239954745 32.28833869657674 -20.480260385621126 17.145519486330297 -23.476846487410917 2.2151319605375117 2.07589301189712 13.701748831186421 0.4167774898252074
0.02645884569506567 4.1652266239954745 32.28833869657674 -20.480260385621126 17.145519486330297 -23.476846487410917 2.2151319605375117 2.07589301189712 13.70174882118642 0.4167774998252074
0.021554289535886995 4.165272569949126 32.28835444326501 -20.480253143378068 17.14552512832755 -23.476832469249295 2.2152467209767415 2.0757768704906288 13.701741707187017 0.4168157996606803
0.021554289274862866 4.165272579949126 32.28835444326501 -20.480253143378068 17.14552512832755 -23.476832469249295 2.2152467209767415 2.0757768704906288 13.701741707187017 0.4168157996606803
0.021554289518441877 4.165272569949126 32.28835445326501 -20.480253143378068 17.14552512832755 -23.476832469249295 2.2152467209767415 2.0757768704906288 13.701741707187017 0.4168157996606803
0.021554289530521673 4.165272569949126 32.28835444326501 -20.480253133378067 17.14552512832755 -23.476832469249295 2.2152467209767415 2.0757768704906288 13.701741707187017 0.4168157996606803
0.021554289532615723 4.165272569949126 32.28835444326501 -20.480253143378068 17.14552513832755 -23.476832469249295 2.2152467209767415 2.0757768704906288 13.701741707187017 0.4168157996606803
0.02155428952325949 4.165272569949126 32.28835444326501 -20.480253143378068 17.14552512832755 -23.476832459249295 2.2152467209767415 2.0757768704906288 13.701741707187017 0.4168157996606803
0.021554289392160274 4.165272569949126 32.28835444326501 -20.480253143378068 17.14552512832755 -23.476832469249295 2.2152467309767414 2.0757768704906288 13.701741707187017 0.4168157996606803
0.021554289011680834 4.165272569949126 32.28835444326501 -20.480253143378068 17.14552512832755 -23.476832469249295 2.2152467209767415 2.0757768804906287 13.701741707187017 0.4168157996606803
0.021554289545065157 4.165272569949126 32.28835444326501 -20.480253143378068 17.14552512832755 -23.476832469249295 2.2152467209767415 2.0757768704906288 13.701741717187017 0.4168157996606803
0.021554289326574272 4.165272569949126 32.28835444326501 -20.480253143378068 17.14552512832755 -23.476832469249295 2.2152467209767415 2.0757768704906288 13.701741707187017 0.41681580966068027
0.021554289343466874 4.165272566234565 32.28835444199195 -20.480253143963576 17.145525127871412 -23.47683247038261 2.215246711698783 2.0757768798802334 13.701741707762158 0.41681579656347123
0.021554289082447303 4.165272576234565 32.28835444199195 -20.480253143963576 17.145525127871412 -23.47683247038261 2.215246711698783 2.0757768798802334 13.701741707762158 0.41681579656347123
0.021554289326020836 4.165272566234565 32.28835445199195 -20.480253143963576 17.145525127871412 -23.47683247038261 2.215246711698783 2.0757768798802334 13.701741707762158 0.41681579656347123
0.02155428933809563 4.165272566234565 32.28835444199195 -20.480253133963576 17.145525127871412 -23.47683247038261 2.215246711698783 2.0757768798802334 13.701741707762158 0.41681579656347123
0.021554289340192653 4.165272566234565 32.28835444199195 -20.480253143963576 17.145525137871413 -23.47683247038261 2.215246711698783 2.0757768798802334 13.701741707762158 0.41681579656347123
0.021554289330839225 4.165272566234565 32.28835444199195 -20.480253143963576 17.145525127871412 -23.47683246038261 2.215246711698783 2.0757768798802334 13.701741707762158 0.41681579656347123
0.021554289199737384 4.165272566234565 32.28835444199195 -20.480253143963576 17.145525127871412 -23.47683247038261 2.215246721698783 2.0757768798802334 13.701741707762158 0.41681579656347123
0.021554288819260064 4.165272566234565 32.28835444199195 -20.480253143963576 17.145525127871412 -23.47683247038261 2.215246711698783 2.0757768898802333 13.701741707762158 0.41681579656347123
0.02155428935264262 4.165272566234565 32.28835444199195 -20.480253143963576 17.145525127871412 -23.47683247038261 2.215246711698783 2.0757768798802334 13.70174171776216 0.41681579656347123
0.021554289134145848 4.165272566234565 32.28835444199195 -20.480253143963576 17.145525127871412 -23.47683247038261 2.215246711698783 2.0757768798802334 13.701741707762158 0.4168158065634712
0.02155309962849441 4.16524959511502 32.28834656928434 -20.48025676479235 17.145522307100855 -23.476839478896764 2.215189336118147 2.0758349458886767 13.701745264474289 0.4167966431943393
0.021553099367352325 4.16524960511502 32.28834656928434 -20.48025676479235 17.145522307100855 -23.476839478896764 2.215189336118147 2.0758349458886767 13.701745264474289 0.4167966431943393
0.021553099611032647 4.16524959511502 32.288346579284344 -20.48025676479235 17.145522307100855 -23.476839478896764 2.215189336118147 2.0758349458886767 13.701745264474289 0.4167966431943393
0.021553099623121092 4.16524959511502 32.28834656928434 -20.48025675479235 17.145522307100855 -23.476839478896764 2.215189336118147 2.0758349458886767 13.701745264474289 0.4167966431943393
0.021553099625214883 4.16524959511502 32.28834656928434 -20.48025676479235 17.145522317100856 -23.476839478896764 2.215189336118147 2.0758349458886767 13.701745264474289 0.4167966431943393
0.02155309961585256 4.16524959511502 32.28834656928434 -20.48025676479235 17.145522307100855 -23.476839468896763 2.215189336118147 2.0758349458886767 13.701745264474289 0.4167966431943393
0.02155309948465884 4.16524959511502 32.28834656928434 -20.48025676479235 17.145522307100855 -23.476839478896764 2.215189346118147 2.0758349458886767 13.701745264474289 0.4167966431943393
0.021553099104179834 4.16524959511502 32.28834656928434 -20.48025676479235 17.145522307100855 -23.476839478896764 2.215189336118147 2.0758349558886766 13.701745264474289 0.4167966431943393
0.021553099637677684 4.16524959511502 32.28834656928434 -20.48025676479235 17.145522307100855 -23.476839478896764 2.215189336118147 2.0758349458886767 13.70174527447429 0.4167966431943393
0.021553099419081637 4.16524959511502 32.28834656928434 -20.48025676479235 17.145522307100855 -23.476839478896764 2.215189336118147 2.0758349458886767 13.701745264474289 0.4167966531943393
0.026459387510414236 4.16523443417612 32.28834137329732 -20.480259154539343 17.145520445392286 -23.476844104516104 2.215151468234928 2.075873269454249 13.701747611904295 0.41678400197071225
0.026459386598514056 4.16523444417612 32.28834137329732 -20.480259154539343 17.145520445392286 -23.476844104516104 2.215151468234928 2.075873269454249 13.701747611904295 0.41678400197071225
0.02645938754183988 4.16523443417612 32.28834138329732 -20.480259154539343 17.145520445392286 -23.476844104516104 2.215151468234928 2.075873269454249 13.701747611904295 0.41678400197071225
0.02645938753252632 4.16523443417612 32.28834137329732 -20.480259144539342 17.145520445392286 -23.476844104516104 2.215151468234928 2.075873269454249 13.701747611904295 0.41678400197071225
0.026459387529078754 4.16523443417612 32.28834137329732 -20.480259154539343 17.145520455392287 -23.476844104516104 2.215151468234928 2.075873269454249 13.701747611904295 0.41678400197071225
0.02645938754724293 4.16523443417612 32.28834137329732 -20.480259154539343 17.145520445392286 -23.476844094516103 2.215151468234928 2.075873269454249 13.701747611904295 0.41678400197071225
0.026459388091900005 4.16523443417612 32.28834137329732 -20.480259154539343 17.145520445392286 -23.476844104516104 2.2151514782349278 2.075873269454249 13.701747611904295 0.41678400197071225
0.026459386957518746 4.16523443417612 32.28834137329732 -20.480259154539343 17.145520445392286 -23.476844104516104 2.215151468234928 2.075873279454249 13.701747611904295 0.41678400197071225
0.026459387462435174 4.16523443417612 32.28834137329732 -20.480259154539343 17.145520445392286 -23.476844104516104 2.215151468234928 2.075873269454249 13.701747621904296 0.41678400197071225
0.026459385973380784 4.16523443417612 32.28834137329732 -20.480259154539343 17.145520445392286 -23.476844104516104 2.215151468234928 2.075873269454249 13.701747611904295 0.41678401197071224
0.0215530996075614 4.165249594710754 32.288346569145794 -20.480256764856072 17.145522307051213 -23.476839479020107 2.215189335108401 2.075834946910574 13.701745264536884 0.4167966428572613
0.021553099346423087 4.165249604710754 32.288346569145794 -20.480256764856072 17.145522307051213 -23.476839479020107 2.215189335108401 2.075834946910574 13.701745264536884 0.4167966428572613
0.02155309959010065 4.165249594710754 32.288346579145795 -20.480256764856072 17.145522307051213 -23.476839479020107 2.215189335108401 2.075834946910574 13.701745264536884 0.4167966428572613
0.021553099602189613 4.165249594710754 32.288346569145794 -20.48025675485607 17.145522307051213 -23.476839479020107 2.215189335108401 2.075834946910574 13.701745264536884 0.4167966428572613
0.02155309960429046 4.165249594710754 32.288346569145794 -20.480256764856072 17.145522317051213 -23.476839479020107 2.215189335108401 2.075834946910574 13.701745264536884 0.4167966428572613
0.021553099594927346 4.165249594710754 32.288346569145794 -20.480256764856072 17.145522307051213 -23.476839469020106 2.215189335108401 2.075834946910574 13.701745264536884 0.4167966428572613
0.021553099463723302 4.165249594710754 32.288346569145794 -20.480256764856072 17.145522307051213 -23.476839479020107 2.215189345108401 2.075834946910574 13.701745264536884 0.4167966428572613
0.021553099083248806 4.165249594710754 32.288346569145794 -20.480256764856072 17.145522307051213 -23.476839479020107 2.215189335108401 2.075834956910574 13.701745264536884 0.4167966428572613
0.021553099616743038 4.165249594710754 32.288346569145794 -20.480256764856072 17.145522307051213 -23.476839479020107 2.215189335108401 2.075834946910574 13.701745274536885 0.4167966428572613
0.02155309939814731 4.165249594710754 32.288346569145794 -20.480256764856072 17.145522307051213 -23.476839479020107 2.215189335108401 2.075834946910574 13.701745264536884 0.4167966528572613
0.02645974413242084 4.1652395887578955 32.288343139885804 -20.48025834204703 17.14552107835632 -23.476842531847467 2.215164342971909 2.0758602397893995 13.701746813799375 0.41678829987213895
0.026459743220561535 4.165239598757895 32.288343139885804 -20.48025834204703 17.14552107835632 -23.476842531847467 2.215164342971909 2.0758602397893995 13.701746813799375 0.41678829987213895
0.02645974416383679 4.1652395887578955 32.288343149885804 -20.48025834204703 17.14552107835632 -23.476842531847467 2.215164342971909 2.0758602397893995 13.701746813799375 0.41678829987213895
0.026459744154541855 4.1652395887578955 32.288343139885804 -20.48025833204703 17.14552107835632 -23.476842531847467 2.215164342971909 2.0758602397893995 13.701746813799375 0.41678829987213895
0.026459744151103925 4.1652395887578955 32.288343139885804 -20.48025834204703 17.145521088356322 -23.476842531847467 2.215164342971909 2.0758602397893995 13.701746813799375 0.41678829987213895
0.026459744169222307 4.1652395887578955 32.288343139885804 -20.48025834204703 17.14552107835632 -23.476842521847466 2.215164342971909 2.0758602397893995 13.701746813799375 0.41678829987213895
0.026459744713924115 4.1652395887578955 32.288343139885804 -20.48025834204703 17.14552107835632 -23.476842531847467 2.2151643529719087 2.0758602397893995 13.701746813799375 0.41678829987213895
0.026459743579543935 4.1652395887578955 32.288343139885804 -20.48025834204703 17.14552107835632 -23.476842531847467 2.215164342971909 2.0758602497893994 13.701746813799375 0.41678829987213895
0.026459744084375503 4.1652395887578955 32.288343139885804 -20.48025834204703 17.14552107835632 -23.476842531847467 2.215164342971909 2.0758602397893995 13.701746823799375 0.41678829987213895
0.026459742595398218 4.1652395887578955 32.288343139885804 -20.48025834204703 17.14552107835632 -23.476842531847467 2.215164342971909 2.0758602397893995 13.701746813799375 0.41678830987213894
0.021553099598443672 4.16524959453467 32.28834656908544 -20.48025676488383 17.14552230702959 -23.476839479073828 2.215189334668592 2.075834947355675 13.701745264564147 0.4167966427104423
0.021553099337310616 4.16524960453467 32.28834656908544 -20.48025676488383 17.14552230702959 -23.476839479073828 2.215189334668592 2.075834947355675 13.701745264564147 0.4167966427104423
0.02155309958098555 4.16524959453467 32.28834657908544 -20.48025676488383 17.14552230702959 -23.476839479073828 2.215189334668592 2.075834947355675 13.701745264564147 0.4167966427104423
0.021553099593069957 4.16524959453467 32.28834656908544 -20.48025675488383 17.14552230702959 -23.476839479073828 2.215189334668592 2.075834947355675 13.701745264564147 0.4167966427104423
0.021553099595171175 4.16524959453467 32.28834656908544 -20.48025676488383 17.14552231702959 -23.476839479073828 2.215189334668592 2.075834947355675 13.701745264564147 0.4167966427104423
0.021553099585812183 4.16524959453467 32.28834656908544 -20.48025676488383 17.14552230702959 -23.476839469073827 2.215189334668592 2.075834947355675 13.701745264564147 0.4167966427104423
0.021553099454606497 4.16524959453467 32.28834656908544 -20.48025676488383 17.14552230702959 -23.476839479073828 2.215189344668592 2.075834947355675 13.701745264564147 0.4167966427104423
0.021553099074135794 4.16524959453467 32.28834656908544 -20.48025676488383 17.14552230702959 -23.476839479073828 2.215189334668592 2.075834957355675 13.701745264564147 0.4167966427104423
0.0215530996076271 4.16524959453467 32.28834656908544 -20.48025676488383 17.14552230702959 -23.476839479073828 2.215189334668592 2.075834947355675 13.701745274564148 0.4167966427104423
0.021553099389024808 4.16524959453467 32.28834656908544 -20.48025676488383 17.14552230702959 -23.476839479073828 2.215189334668592 2.075834947355675 13.701745264564147 0.4167966527104423
0.026459979519577185 4.165242990721999 32.28834430581368 -20.480257805811544 17.145521496105232 -23.47684149390443 2.215172840148781 2.0758516403619334 13.701746287059398 0.4167911364371621
0.02645997860772259 4.165243000721999 32.28834430581368 -20.480257805811544 17.145521496105232 -23.47684149390443 2.215172840148781 2.0758516403619334 13.701746287059398 0.4167911364371621
0.026459979550986015 4.165242990721999 32.28834431581368 -20.480257805811544 17.145521496105232 -23.47684149390443 2.215172840148781 2.0758516403619334 13.701746287059398 0.4167911364371621
0.02645997954168413 4.165242990721999 32.28834430581368 -20.480257795811543 17.145521496105232 -23.47684149390443 2.215172840148781 2.0758516403619334 13.701746287059398 0.4167911364371621
0.026459979538239056 4.165242990721999 32.28834430581368 -20.480257805811544 17.145521506105233 -23.47684149390443 2.215172840148781 2.0758516403619334 13.701746287059398 0.4167911364371621
0.02645997955638053 4.165242990721999 32.28834430581368 -20.480257805811544 17.145521496105232 -23.47684148390443 2.215172840148781 2.0758516403619334 13.701746287059398 0.4167911364371621
0.026459980101146578 4.165242990721999 32.28834430581368 -20.480257805811544 17.145521496105232 -23.47684149390443 2.215172850148781 2.0758516403619334 13.701746287059398 0.4167911364371621
0.02645997896673489 4.165242990721999 32.28834430581368 -20.480257805811544 17.145521496105232 -23.47684149390443 2.215172840148781 2.0758516503619333 13.701746287059398 0.4167911364371621
0.02645997947158986 4.165242990721999 32.28834430581368 -20.480257805811544 17.145521496105232 -23.47684149390443 2.215172840148781 2.0758516403619334 13.7017462970594 0.4167911364371621
0.0264599779825841 4.165242990721999 32.28834430581368 -20.480257805811544 17.145521496105232 -23.47684149390443 2.215172840148781 2.0758516403619334 13.701746287059398 0.4167911464371621
0.02155309959446733 4.165249594457973 32.28834656905916 -20.48025676489592 17.145522307020173 -23.47683947909723 2.2151893344770235 2.075834947549549 13.701745264576022 0.4167966426464921
0.021553099333337006 4.165249604457973 32.28834656905916 -20.48025676489592 17.145522307020173 -23.47683947909723 2.2151893344770235 2.075834947549549 13.701745264576022 0.4167966426464921
0.02155309957701276 4.165249594457973 32.28834657905916 -20.48025676489592 17.145522307020173 -23.47683947909723 2.2151893344770235 2.075834947549549 13.701745264576022 0.4167966426464921
0.021553099589094838 4.165249594457973 32.28834656905916 -20.48025675489592 17.145522307020173 -23.47683947909723 2.2151893344770235 2.075834947549549 13.701745264576022 0.4167966426464921
0.02155309959119417 4.165249594457973 32.28834656905916 -20.48025676489592 17.145522317020173 -23.47683947909723 2.2151893344770235 2.075834947549549 13.701745264576022 0.4167966426464921
0.02155309958182812 4.165249594457973 32.28834656905916 -20.48025676489592 17.145522307020173 -23.47683946909723 2.2151893344770235 2.075834947549549 13.701745264576022 0.4167966426464921
0.02155309945062596 4.165249594457973 32.28834656905916 -20.48025676489592 17.145522307020173 -23.47683947909723 2.2151893444770234 2.075834947549549 13.701745264576022 0.4167966426464921
0.021553099070159332 4.165249594457973 32.28834656905916 -20.48025676489592 17.145522307020173 -23.47683947909723 2.2151893344770235 2.075834957549549 13.701745264576022 0.4167966426464921
0.021553099603655486 4.165249594457973 32.28834656905916 -20.48025676489592 17.145522307020173 -23.47683947909723 2.2151893344770235 2.075834947549549 13.701745274576023 0.4167966426464921
0.021553099385054907 4.165249594457973 32.28834656905916 -20.48025676489592 17.145522307020173 -23.47683947909723 2.2151893344770235 2.075834947549549 13.701745264576022 0.41679665264649207
0.0215530995500536 4.165249593600195 32.28834656876518 -20.480256765031125 17.14552230691484 -23.47683947935894 2.215189332334529 2.0758349497178252 13.701745264708835 0.4167966419312751
0.0215530992889229 4.165249603600195 32.28834656876518 -20.480256765031125 17.14552230691484 -23.47683947935894 2.215189332334529 2.0758349497178252 13.701745264708835 0.4167966419312751
0.021553099532599984 4.165249593600195 32.28834657876518 -20.480256765031125 17.14552230691484 -23.47683947935894 2.215189332334529 2.0758349497178252 13.701745264708835 0.4167966419312751
0.02155309954468042 4.165249593600195 32.28834656876518 -20.480256755031125 17.14552230691484 -23.47683947935894 2.215189332334529 2.0758349497178252 13.701745264708835 0.4167966419312751
0.021553099546778514 4.165249593600195 32.28834656876518 -20.480256765031125 17.145522316914843 -23.47683947935894 2.215189332334529 2.0758349497178252 13.701745264708835 0.4167966419312751
0.021553099537421013 4.165249593600195 32.28834656876518 -20.480256765031125 17.14552230691484 -23.47683946935894 2.215189332334529 2.0758349497178252 13.701745264708835 0.4167966419312751
0.02155309940621636 4.165249593600195 32.28834656876518 -20.480256765031125 17.14552230691484 -23.47683947935894 2.215189342334529 2.0758349497178252 13.701745264708835 0.4167966419312751
0.02155309902574418 4.165249593600195 32.28834656876518 -20.480256765031125 17.14552230691484 -23.47683947935894 2.215189332334529 2.075834959717825 13.701745264708835 0.4167966419312751
0.02155309955923905 4.165249593600195 32.28834656876518 -20.480256765031125 17.14552230691484 -23.47683947935894 2.215189332334529 2.0758349497178252 13.701745274708836 0.4167966419312751
0.021553099340642878 4.165249593600195 32.28834656876518 -20.480256765031125 17.14552230691484 -23.47683947935894 2.215189332334529 2.0758349497178252 13.701745264708835 0.4167966519312751
0.026460207967116636 4.165246292161097 32.28834543728943 -20.480257285421335 17.145521901510037 -23.476840486631684 2.215181086241655 2.0758432950398795 13.701745775884117 0.4167938891842186
0.02646020705527477 4.165246302161097 32.28834543728943 -20.480257285421335 17.145521901510037 -23.476840486631684 2.215181086241655 2.0758432950398795 13.701745775884117 0.4167938891842186
0.026460207998526282 4.165246292161097 32.28834544728943 -20.480257285421335 17.145521901510037 -23.476840486631684 2.215181086241655 2.0758432950398795 13.701745775884117 0.4167938891842186
0.026460207989217072 4.165246292161097 32.28834543728943 -20.480257275421334 17.145521901510037 -23.476840486631684 2.215181086241655 2.0758432950398795 13.701745775884117 0.4167938891842186
0.026460207985764445 4.165246292161097 32.28834543728943 -20.480257285421335 17.145521911510038 -23.476840486631684 2.215181086241655 2.0758432950398795 13.701745775884117 0.4167938891842186
0.026460208003950058 4.165246292161097 32.28834543728943 -20.480257285421335 17.145521901510037 -23.476840476631683 2.215181086241655 2.0758432950398795 13.701745775884117 0.4167938891842186
0.026460208548690245 4.165246292161097 32.28834543728943 -20.480257285421335 17.145521901510037 -23.476840486631684 2.215181096241655 2.0758432950398795 13.701745775884117 0.4167938891842186
0.026460207414289456 4.165246292161097 32.28834543728943 -20.480257285421335 17.145521901510037 -23.476840486631684 2.215181086241655 2.0758433050398795 13.701745775884117 0.4167938891842186
0.026460207919151813 4.165246292161097 32.28834543728943 -20.480257285421335 17.145521901510037 -23.476840486631684 2.215181086241655 2.0758432950398795 13.701745785884118 0.4167938891842186
0.02646020643012572 4.165246292161097 32.28834543728943 -20.480257285421335 17.145521901510037 -23.476840486631684 2.215181086241655 2.0758432950398795 13.701745775884117 0.4167938991842186
0.021553099549060897 4.165249593581026 32.288346568758605 -20.48025676503415 17.145522306912486 -23.476839479364788 2.21518933228665 2.0758349497662807 13.701745264711803 0.41679664191529187
0.021553099287926845 4.165249603581026 32.288346568758605 -20.48025676503415 17.145522306912486 -23.476839479364788 2.21518933228665 2.0758349497662807 13.701745264711803 0.41679664191529187
0.02155309953160311 4.165249593581026 32.288346578758606 -20.48025676503415 17.145522306912486 -23.476839479364788 2.21518933228665 2.0758349497662807 13.701745264711803 0.41679664191529187
0.021553099543684805 4.165249593581026 32.288346568758605 -20.480256755034148 17.145522306912486 -23.476839479364788 2.21518933228665 2.0758349497662807 13.701745264711803 0.41679664191529187
0.021553099545784694 4.165249593581026 32.288346568758605 -20.48025676503415 17.145522316912487 -23.476839479364788 2.21518933228665 2.0758349497662807 13.701745264711803 0.41679664191529187
0.021553099536425202 4.165249593581026 32.288346568758605 -20.48025676503415 17.145522306912486 -23.476839469364787 2.21518933228665 2.0758349497662807 13.701745264711803 0.41679664191529187
0.02155309940522783 4.165249593581026 32.288346568758605 -20.48025676503415 17.145522306912486 -23.476839479364788 2.2151893422866498 2.0758349497662807 13.701745264711803 0.41679664191529187
0.021553099024751783 4.165249593581026 32.288346568758605 -20.48025676503415 17.145522306912486 -23.476839479364788 2.21518933228665 2.0758349597662806 13.701745264711803 0.41679664191529187
0.02155309955824469 4.165249593581026 32.288346568758605 -20.48025676503415 17.145522306912486 -23.476839479364788 2.21518933228665 2.0758349497662807 13.701745274711804 0.41679664191529187
0.02155309933964376 4.165249593581026 32.288346568758605 -20.48025676503415 17.145522306912486 -23.476839479364788 2.21518933228665 2.0758349497662807 13.701745264711803 0.41679665191529186
0.021553099501795382 4.165249592668254 32.28834656844578 -20.480256765178023 17.1455223068004 -23.476839479643274 2.2151893300067953 2.0758349520735697 13.701745264853132 0.4167966411542208
0.021553099240659217 4.165249602668254 32.28834656844578 -20.480256765178023 17.1455223068004 -23.476839479643274 2.2151893300067953 2.0758349520735697 13.701745264853132 0.4167966411542208
0.021553099484334967 4.165249592668254 32.28834657844578 -20.480256765178023 17.1455223068004 -23.476839479643274 2.2151893300067953 2.0758349520735697 13.701745264853132 0.4167966411542208
0.021553099496423984 4.165249592668254 32.28834656844578 -20.480256755178022 17.1455223068004 -23.476839479643274 2.2151893300067953 2.0758349520735697 13.701745264853132 0.4167966411542208
0.02155309949851756 4.165249592668254 32.28834656844578 -20.480256765178023 17.145522316800403 -23.476839479643274 2.2151893300067953 2.0758349520735697 13.701745264853132 0.4167966411542208
0.021553099489158005 4.165249592668254 32.28834656844578 -20.480256765178023 17.1455223068004 -23.476839469643274 2.2151893300067953 2.0758349520735697 13.701745264853132 0.4167966411542208
0.021553099357960924 4.165249592668254 32.28834656844578 -20.480256765178023 17.1455223068004 -23.476839479643274 2.2151893400067952 2.0758349520735697 13.701745264853132 0.4167966411542208
0.021553098977488614 4.165249592668254 32.28834656844578 -20.480256765178023 17.1455223068004 -23.476839479643274 2.2151893300067953 2.0758349620735697 13.701745264853132 0.4167966411542208
0.02155309951098769 4.165249592668254 32.28834656844578 -20.480256765178023 17.1455223068004 -23.476839479643274 2.2151893300067953 2.0758349520735697 13.701745274853133 0.4167966411542208
0.021553099292380404 4.165249592668254 32.28834656844578 -20.480256765178023 17.1455223068004 -23.476839479643274 2.2151893300067953 2.0758349520735697 13.701745264853132 0.4167966511542208
0.026460322164491065 4.165247942414675 32.288346002867605 -20.48025702529968 17.14552210415522 -23.47683998313748 2.215185208124225 2.0758391235567246 13.701745520368624 0.4167952651692197
0.026460321252635876 4.165247952414675 32.288346002867605 -20.48025702529968 17.14552210415522 -23.47683998313748 2.215185208124225 2.0758391235567246 13.701745520368624 0.4167952651692197
0.026460322195911684 4.165247942414675 32.288346012867606 -20.48025702529968 17.14552210415522 -23.47683998313748 2.215185208124225 2.0758391235567246 13.701745520368624 0.4167952651692197
0.026460322186624523 4.165247942414675 32.288346002867605 -20.480257015299678 17.14552210415522 -23.47683998313748 2.215185208124225 2.0758391235567246 13.701745520368624 0.4167952651692197
0.026460322183172593 4.165247942414675 32.288346002867605 -20.48025702529968 17.14552211415522 -23.47683998313748 2.215185208124225 2.0758391235567246 13.701745520368624 0.4167952651692197
0.02646032220129467 4.165247942414675 32.288346002867605 -20.48025702529968 17.14552210415522 -23.47683997313748 2.215185208124225 2.0758391235567246 13.701745520368624 0.4167952651692197
0.026460322746059646 4.165247942414675 32.288346002867605 -20.48025702529968 17.14552210415522 -23.47683998313748 2.215185218124225 2.0758391235567246 13.701745520368624 0.4167952651692197
0.02646032161161819 4.165247942414675 32.288346002867605 -20.48025702529968 17.14552210415522 -23.47683998313748 2.215185208124225 2.0758391335567246 13.701745520368624 0.4167952651692197
0.02646032211646628 4.165247942414675 32.288346002867605 -20.48025702529968 17.14552210415522 -23.47683998313748 2.215185208124225 2.0758391235567246 13.701745530368624 0.4167952651692197
0.0264603206275809 4.165247942414675 32.288346002867605 -20.48025702529968 17.14552210415522 -23.47683998313748 2.215185208124225 2.0758391235567246 13.701745520368624 0.4167952751692197
0.021553099501795382 4.165249592668254 32.28834656844578 -20.480256765178023 17.1455223068004 -23.476839479643274 2.2151893300067953 2.0758349520735697 13.701745264853132 0.4167966411542208
0.021553099240659217 4.165249602668254 32.28834656844578 -20.480256765178023 17.1455223068004 -23.476839479643274 2.2151893300067953 2.0758349520735697 13.701745264853132 0.4167966411542208
0.021553099484334967 4.165249592668254 32.28834657844578 -20.480256765178023 17.1455223068004 -23.476839479643274 2.2151893300067953 2.0758349520735697 13.701745264853132 0.4167966411542208
0.021553099496423984 4.165249592668254 32.28834656844578 -20.480256755178022 17.1455223068004 -23.476839479643274 2.2151893300067953 2.0758349520735697 13.701745264853132 0.4167966411542208
0.02155309949851756 4.165249592668254 32.28834656844578 -20.480256765178023 17.145522316800403 -23.476839479643274 2.2151893300067953 2.0758349520735697 13.701745264853132 0.4167966411542208
0.021553099489158005 4.165249592668254 32.28834656844578 -20.480256765178023 17.1455223068004 -23.476839469643274 2.2151893300067953 2.0758349520735697 13.701745264853132 0.4167966411542208
0.021553099357960924 4.165249592668254 32.28834656844578 -20.480256765178023 17.1455223068004 -23.476839479643274 2.2151893400067952 2.0758349520735697 13.701745264853132 0.4167966411542208
0.021553098977488614 4.165249592668254 32.28834656844578 -20.480256765178023 17.1455223068004 -23.476839479643274 2.2151893300067953 2.0758349620735697 13.701745264853132 0.4167966411542208
0.02155309951098769 4.165249592668254 32.28834656844578 -20.480256765178023 17.1455223068004 -23.476839479643274 2.2151893300067953 2.0758349520735697 13.701745274853133 0.4167966411542208
0.021553099292380404 4.165249592668254 32.28834656844578 -20.480256765178023 17.1455223068004 -23.476839479643274 2.2151893300067953 2.0758349520735697 13.701745264853132 0.4167966511542208
0.02500860292946921 4.102023610272711 32.26675875410833 -20.490892064746177 17.13925520999776 -23.494702991806427 2.0590791652471916 2.2367273290877985 13.71283228125544 0.36768363031865775
0.025008601506576782 4.1020236202727105 32.26675875410833 -20.490892064746177 17.13925520999776 -23.494702991806427 2.0590791652471916 2.2367273290877985 13.71283228125544 0.36768363031865775
0.02500860289430367 4.102023610272711 32.26675876410833 -20.490892064746177 17.13925520999776 -23.494702991806427 2.0590791652471916 2.2367273290877985 13.71283228125544 0.36768363031865775
0.025008602922078148 4.102023610272711 32.26675875410833 -20.490892054746176 17.13925520999776 -23.494702991806427 2.0590791652471916 2.2367273290877985 13.71283228125544 0.36768363031865775
0.025008602923561385 4.102023610272711 32.26675875410833 -20.490892064746177 17.13925521999776 -23.494702991806427 2.0590791652471916 2.2367273290877985 13.71283228125544 0.36768363031865775
0.025008602906666844 4.102023610272711 32.26675875410833 -20.490892064746177 17.13925520999776 -23.494702981806427 2.0590791652471916 2.2367273290877985 13.71283228125544 0.36768363031865775
0.025008602781652782 4.102023610272711 32.26675875410833 -20.490892064746177 17.13925520999776 -23.494702991806427 2.0590791752471915 2.2367273290877985 13.71283228125544 0.36768363031865775
0.025008601829696765 4.102023610272711 32.26675875410833 -20.490892064746177 17.13925520999776 -23.494702991806427 2.0590791652471916 2.2367273390877984 13.71283228125544 0.36768363031865775
0.02500860291976345 4.102023610272711 32.26675875410833 -20.490892064746177 17.13925520999776 -23.494702991806427 2.0590791652471916 2.2367273290877985 13.712832291255442 0.36768363031865775
0.02500860107394013 4.102023610272711 32.26675875410833 -20.490892064746177 17.13925520999776 -23.494702991806427 2.0590791652471916 2.2367273290877985 13.71283228125544 0.36768364031865775
0.02585888455162306 4.156833487042919 32.285472982005516 -20.481672445901854 17.144688084117625 -23.479217318618776 2.1944092711445067 2.0972515784027883 13.70322107428426 0.41025913440289036
0.025858883605281283 4.156833497042919 32.285472982005516 -20.481672445901854 17.144688084117625 -23.479217318618776 2.1944092711445067 2.0972515784027883 13.70322107428426 0.41025913440289036
0.025858884578263446 4.156833487042919 32.285472992005516 -20.481672445901854 17.144688084117625 -23.479217318618776 2.1944092711445067 2.0972515784027883 13.70322107428426 0.41025913440289036
0.02585888457159947 4.156833487042919 32.285472982005516 -20.481672435901853 17.144688084117625 -23.479217318618776 2.1944092711445067 2.0972515784027883 13.70322107428426 0.41025913440289036
0.02585888456868007 4.156833487042919 32.285472982005516 -20.481672445901854 17.144688094117626 -23.479217318618776 2.1944092711445067 2.0972515784027883 13.70322107428426 0.41025913440289036
0.025858884584225784 4.156833487042919 32.285472982005516 -20.481672445901854 17.144688084117625 -23.479217308618775 2.1944092711445067 2.0972515784027883 13.70322107428426 0.41025913440289036
0.02585888508073135 4.156833487042919 32.285472982005516 -20.481672445901854 17.144688084117625 -23.479217318618776 2.1944092811445066 2.0972515784027883 13.70322107428426 0.41025913440289036
0.025858883967533997 4.156833487042919 32.285472982005516 -20.481672445901854 17.144688084117625 -23.479217318618776 2.1944092711445067 2.0972515884027882 13.70322107428426 0.41025913440289036
0.025858884506138526 4.156833487042919 32.285472982005516 -20.481672445901854 17.144688084117625 -23.479217318618776 2.1944092711445067 2.0972515784027883 13.70322108428426 0.41025913440289036
0.02585888297829155 4.156833487042919 32.285472982005516 -20.481672445901854 17.144688084117625 -23.479217318618776 2.1944092711445067 2.0972515784027883 13.70322107428426 0.41025914440289035
0.026449955033456752 4.165113713330906 32.28830017394473 -20.480279621564005 17.145508838145137 -23.476877870224225 2.2148538327169605 2.0761807268443957 13.701769092026469 0.4166910920885573
0.02644995412119891 4.165113723330906 32.28830017394473 -20.480279621564005 17.145508838145137 -23.476877870224225 2.2148538327169605 2.0761807268443957 13.701769092026469 0.4166910920885573
0.026449955064827314 4.165113713330906 32.28830018394473 -20.480279621564005 17.145508838145137 -23.476877870224225 2.2148538327169605 2.0761807268443957 13.701769092026469 0.4166910920885573
0.02644995505557691 4.165113713330906 32.28830017394473 -20.480279611564004 17.145508838145137 -23.476877870224225 2.2148538327169605 2.0761807268443957 13.701769092026469 0.4166910920885573
0.02644995505212976 4.165113713330906 32.28830017394473 -20.480279621564005 17.145508848145138 -23.476877870224225 2.2148538327169605 2.0761807268443957 13.701769092026469 0.4166910920885573
0.026449955070240564 4.165113713330906 32.28830017394473 -20.480279621564005 17.145508838145137 -23.476877860224224 2.2148538327169605 2.0761807268443957 13.701769092026469 0.4166910920885573
0.026449955614372106 4.165113713330906 32.28830017394473 -20.480279621564005 17.145508838145137 -23.476877870224225 2.2148538427169604 2.0761807268443957 13.701769092026469 0.4166910920885573
0.026449954480308412 4.165113713330906 32.28830017394473 -20.480279621564005 17.145508838145137 -23.476877870224225 2.2148538327169605 2.0761807368443956 13.701769092026469 0.4166910920885573
0.026449954985470012 4.165113713330906 32.28830017394473 -20.480279621564005 17.145508838145137 -23.476877870224225 2.2148538327169605 2.0761807268443957 13.70176910202647 0.4166910920885573
0.0264499534959781 4.165113713330906 32.28830017394473 -20.480279621564005 17.145508838145137 -23.476877870224225 2.2148538327169605 2.0761807268443957 13.701769092026469 0.4166911020885573
0.021553097652398243 4.165249558602482 32.288346556814396 -20.48025677090826 17.14552230342373 -23.476839489268027 2.2151892458955937 2.075835038761398 13.701745270826748 0.41679661469243107
0.02155309739126175 4.165249568602482 32.288346556814396 -20.48025677090826 17.14552230342373 -23.476839489268027 2.2151892458955937 2.075835038761398 13.701745270826748 0.41679661469243107
0.02155309763493944 4.165249558602482 32.2883465668144 -20.48025677090826 17.14552230342373 -23.476839489268027 2.2151892458955937 2.075835038761398 13.701745270826748 0.41679661469243107
0.021553097647025066 4.165249558602482 32.288346556814396 -20.480256760908258 17.14552230342373 -23.476839489268027 2.2151892458955937 2.075835038761398 13.701745270826748 0.41679661469243107
0.5691896268185886 4.728912880179687 32.40993806452906 -20.42597835994438 17.187123897218854 -23.370339868938927 3.150121192047732 1.6724670937654809 13.646628785353208 0.7907544823937784
0.5691896406952427 4.728912890179687 32.40993806452906 -20.42597835994438 17.187123897218854 -23.370339868938927 3.150121192047732 1.6724670937654809 13.646628785353208 0.7907544823937784
0.5691896282407547 4.728912880179687 32.40993807452906 -20.42597835994438 17.187123897218854 -23.370339868938927 3.150121192047732 1.6724670937654809 13.646628785353208 0.7907544823937784
0.5691896272742948 4.728912880179687 32.40993806452906 -20.42597834994438 17.187123897218854 -23.370339868938927 3.150121192047732 1.6724670937654809 13.646628785353208 0.7907544823937784
0.5691896271319657 4.728912880179687 32.40993806452906 -20.42597835994438 17.187123907218854 -23.370339868938927 3.150121192047732 1.6724670937654809 13.646628785353208 0.7907544823937784
0.5691896278829781 4.728912880179687 32.40993806452906 -20.42597835994438 17.187123897218854 -23.370339858938927 3.150121192047732 1.6724670937654809 13.646628785353208 0.7907544823937784
0.5691896349317268 4.728912880179687 32.40993806452906 -20.42597835994438 17.187123897218854 -23.370339868938927 3.150121202047732 1.6724670937654809 13.646628785353208 0.7907544823937784
0.5691896526439313 4.728912880179687 32.40993806452906 -20.42597835994438 17.187123897218854 -23.370339868938927 3.150121192047732 1.6724671037654808 13.646628785353208 0.7907544823937784
0.5691896259494362 4.728912880179687 32.40993806452906 -20.42597835994438 17.187123897218854 -23.370339868938927 3.150121192047732 1.6724670937654809 13.646628795353209 0.7907544823937784
0.5691896336908647 4.728912880179687 32.40993806452906 -20.42597835994438 17.187123897218854 -23.370339868938927 3.150121192047732 1.6724670937654809 13.646628785353208 0.7907544923937785
0.6152344665130666 4.284908896227994 32.36443377116871 -20.440559347751186 17.177096936184334 -23.404396574505462 2.8905293874608526 0.8461472200893452 13.674438594552612 0.5708658900447888
0.6152344758015462 4.284908906227994 32.36443377116871 -20.440559347751186 17.177096936184334 -23.404396574505462 2.8905293874608526 0.8461472200893452 13.674438594552612 0.5708658900447888
0.615234466200898 4.284908896227994 32.364433781168714 -20.440559347751186 17.177096936184334 -23.404396574505462 2.8905293874608526 0.8461472200893452 13.674438594552612 0.5708658900447888
0.6152344663533135 4.284908896227994 32.36443377116871 -20.440559337751186 17.177096936184334 -23.404396574505462 2.8905293874608526 0.8461472200893452 13.674438594552612 0.5708658900447888
0.6152344663409968 4.284908896227994 32.36443377116871 -20.440559347751186 17.177096946184335 -23.404396574505462 2.8905293874608526 0.8461472200893452 13.674438594552612 0.5708658900447888
0.6152344661690258 4.284908896227994 32.36443377116871 -20.440559347751186 17.177096936184334 -23.40439656450546 2.8905293874608526 0.8461472200893452 13.674438594552612 0.5708658900447888
0.6152344636929467 4.284908896227994 32.36443377116871 -20.440559347751186 17.177096936184334 -23.404396574505462 2.8905293974608526 0.8461472200893452 13.674438594552612 0.5708658900447888
0.6152344600064582 4.284908896227994 32.36443377116871 -20.440559347751186 17.177096936184334 -23.404396574505462 2.8905293874608526 0.8461472300893452 13.674438594552612 0.5708658900447888
0.6152344670751434 4.284908896227994 32.36443377116871 -20.440559347751186 17.177096936184334 -23.404396574505462 2.8905293874608526 0.8461472200893452 13.674438604552613 0.5708658900447888
0.6152344769235386 4.284908896227994 32.36443377116871 -20.440559347751186 17.177096936184334 -23.404396574505462 2.8905293874608526 0.8461472200893452 13.674438594552612 0.5708659000447889
0.20399482450534467 4.585733272987659 32.39526412671684 -20.430680345021337 17.183890466001696 -23.38132226076765 3.066409662524468 1.4060006673273182 13.655596717401513 0.7198461945934564
0.2039948255979285 4.585733282987659 32.39526412671684 -20.430680345021337 17.183890466001696 -23.38132226076765 3.066409662524468 1.4060006673273182 13.655596717401513 0.7198461945934564
0.20399482338182753 4.585733272987659 32.39526413671684 -20.430680345021337 17.183890466001696 -23.38132226076765 3.066409662524468 1.4060006673273182 13.655596717401513 0.7198461945934564
0.20399482409907843 4.585733272987659 32.39526412671684 -20.430680335021336 17.183890466001696 -23.38132226076765 3.066409662524468 1.4060006673273182 13.655596717401513 0.7198461945934564
0.20399482419697573 4.585733272987659 32.39526412671684 -20.430680345021337 17.183890476001697 -23.38132226076765 3.066409662524468 1.4060006673273182 13.655596717401513 0.7198461945934564
0.20399482360590523 4.585733272987659 32.39526412671684 -20.430680345021337 17.183890466001696 -23.38132225076765 3.066409662524468 1.4060006673273182 13.655596717401513 0.7198461945934564
0.20399481725052904 4.585733272987659 32.39526412671684 -20.430680345021337 17.183890466001696 -23.38132226076765 3.066409672524468 1.4060006673273182 13.655596717401513 0.7198461945934564
0.20399480286297986 4.585733272987659 32.39526412671684 -20.430680345021337 17.183890466001696 -23.38132226076765 3.066409662524468 1.4060006773273181 13.655596717401513 0.7198461945934564
0.20399482553920215 4.585733272987659 32.39526412671684 -20.430680345021337 17.183890466001696 -23.38132226076765 3.066409662524468 1.4060006673273182 13.655596727401514 0.7198461945934564
0.2039948269461787 4.585733272987659 32.39526412671684 -20.430680345021337 17.183890466001696 -23.38132226076765 3.066409662524468 1.4060006673273182 13.655596717401513 0.7198462045934565
0.11279598540179359 4.598281265524998 32.4011833236177 -20.428610184865384 17.18542277688715 -23.376672533299093 3.103347687395326 1.5181393189698729 13.650677100857358 0.7189362660302513
0.11279598828281494 4.5982812755249975 32.4011833236177 -20.428610184865384 17.18542277688715 -23.376672533299093 3.103347687395326 1.5181393189698729 13.650677100857358 0.7189362660302513
0.11279598609934866 4.598281265524998 32.4011833336177 -20.428610184865384 17.18542277688715 -23.376672533299093 3.103347687395326 1.5181393189698729 13.650677100857358 0.7189362660302513
0.11279598564327027 4.598281265524998 32.4011833236177 -20.428610174865383 17.18542277688715 -23.376672533299093 3.103347687395326 1.5181393189698729 13.650677100857358 0.7189362660302513
0.11279598558045337 4.598281265524998 32.4011833236177 -20.428610184865384 17.185422786887152 -23.376672533299093 3.103347687395326 1.5181393189698729 13.650677100857358 0.7189362660302513
0.11279598594628305 4.598281265524998 32.4011833236177 -20.428610184865384 17.18542277688715 -23.376672523299092 3.103347687395326 1.5181393189698729 13.650677100857358 0.7189362660302513
0.11279598963159568 4.598281265524998 32.4011833236177 -20.428610184865384 17.18542277688715 -23.376672533299093 3.103347697395326 1.5181393189698729 13.650677100857358 0.7189362660302513
0.11279599740136294 4.598281265524998 32.4011833236177 -20.428610184865384 17.18542277688715 -23.376672533299093 3.103347687395326 1.5181393289698728 13.650677100857358 0.7189362660302513
0.11279598488085517 4.598281265524998 32.4011833236177 -20.428610184865384 17.18542277688715 -23.376672533299093 3.103347687395326 1.5181393189698729 13.650677110857359 0.7189362660302513
0.11279598665170829 4.598281265524998 32.4011833236177 -20.428610184865384 17.18542277688715 -23.376672533299093 3.103347687395326 1.5181393189698729 13.650677100857358 0.7189362760302513
0.044643318621997566 4.583302860742709 32.39887246024756 -20.429385829658315 17.184864492357196 -23.37844590883179 3.0896864854289037 1.4776632244237815 13.65226842055007 0.7117769455381262
0.0446433190467892 4.583302870742709 32.39887246024756 -20.429385829658315 17.184864492357196 -23.37844590883179 3.0896864854289037 1.4776632244237815 13.65226842055007 0.7117769455381262
0.044643318763935944 4.583302860742709 32.39887247024756 -20.429385829658315 17.184864492357196 -23.37844590883179 3.0896864854289037 1.4776632244237815 13.65226842055007 0.7117769455381262
0.044643318674709775 4.583302860742709 32.39887246024756 -20.429385819658314 17.184864492357196 -23.37844590883179 3.0896864854289037 1.4776632244237815 13.65226842055007 0.7117769455381262
0.04464331866219025 4.583302860742709 32.39887246024756 -20.429385829658315 17.184864502357197 -23.37844590883179 3.0896864854289037 1.4776632244237815 13.65226842055007 0.7117769455381262
0.04464331873666508 4.583302860742709 32.39887246024756 -20.429385829658315 17.184864492357196 -23.37844589883179 3.0896864854289037 1.4776632244237815 13.65226842055007 0.7117769455381262
0.04464331954593368 4.583302860742709 32.39887246024756 -20.429385829658315 17.184864492357196 -23.37844590883179 3.0896864954289036 1.4776632244237815 13.65226842055007 0.7117769455381262
0.044643320562369575 4.583302860742709 32.39887246024756 -20.429385829658315 17.184864492357196 -23.37844590883179 3.0896864854289037 1.4776632344237814 13.65226842055007 0.7117769455381262
0.04464331851912963 4.583302860742709 32.39887246024756 -20.429385829658315 17.184864492357196 -23.37844590883179 3.0896864854289037 1.4776632244237815 13.652268430550071 0.7117769455381262
0.044643318800792996 4.583302860742709 32.39887246024756 -20.429385829658315 17.184864492357196 -23.37844590883179 3.0896864854289037 1.4776632244237815 13.65226842055007 0.7117769555381263
0.04388078339044967 4.580663671409717 32.39828294174204 -20.42960319915846 17.184700656245703 -23.37891971089336 3.0858608894299544 1.4698744448929466 13.65266831318505 0.7105431408298913
0.043880783468843124 4.580663681409717 32.39828294174204 -20.42960319915846 17.184700656245703 -23.37891971089336 3.0858608894299544 1.4698744448929466 13.65266831318505 0.7105431408298913
0.04388078339212321 4.580663671409717 32.39828295174204 -20.42960319915846 17.184700656245703 -23.37891971089336 3.0858608894299544 1.4698744448929466 13.65266831318505 0.7105431408298913
0.04388078339467543 4.580663671409717 32.39828294174204 -20.42960318915846 17.184700656245703 -23.37891971089336 3.0858608894299544 1.4698744448929466 13.65266831318505 0.7105431408298913
0.04388078339441688 4.580663671409717 32.39828294174204 -20.42960319915846 17.184700666245703 -23.37891971089336 3.0858608894299544 1.4698744448929466 13.65266831318505 0.7105431408298913
0.04388078339543831 4.580663671409717 32.39828294174204 -20.42960319915846 17.184700656245703 -23.37891970089336 3.0858608894299544 1.4698744448929466 13.65266831318505 0.7105431408298913
0.04388078346663834 4.580663671409717 32.39828294174204 -20.42960319915846 17.184700656245703 -23.37891971089336 3.0858608994299543 1.4698744448929466 13.65266831318505 0.7105431408298913
0.04388078268767764 4.580663671409717 32.39828294174204 -20.42960319915846 17.184700656245703 -23.37891971089336 3.0858608894299544 1.4698744548929465 13.65266831318505 0.7105431408298913
0.0438807834014203 4.580663671409717 32.39828294174204 -20.42960319915846 17.184700656245703 -23.37891971089336 3.0858608894299544 1.4698744448929466 13.65266832318505 0.7105431408298913
0.04388078348846356 4.580663671409717 32.39828294174204 -20.42960319915846 17.184700656245703 -23.37891971089336 3.0858608894299544 1.4698744448929466 13.65266831318505 0.7105431508298914
0.043788540682075446 4.580472891817597 32.39828881047122 -20.429609828660173 17.184693727188122 -23.37892383975922 3.085742734252797 1.471780451427768 13.652632687549886 0.7102765051093234
0.043788540820311195 4.580472901817597 32.39828881047122 -20.429609828660173 17.184693727188122 -23.37892383975922 3.085742734252797 1.471780451427768 13.652632687549886 0.7102765051093234
0.043788540710833726 4.580472891817597 32.39828882047122 -20.429609828660173 17.184693727188122 -23.37892383975922 3.085742734252797 1.471780451427768 13.652632687549886 0.7102765051093234
0.04378854069569021 4.580472891817597 32.39828881047122 -20.429609818660172 17.184693727188122 -23.37892383975922 3.085742734252797 1.471780451427768 13.652632687549886 0.7102765051093234
0.043788540693070754 4.580472891817597 32.39828881047122 -20.429609828660173 17.184693737188123 -23.37892383975922 3.085742734252797 1.471780451427768 13.652632687549886 0.7102765051093234
0.043788540708277264 4.580472891817597 32.39828881047122 -20.429609828660173 17.184693727188122 -23.37892382975922 3.085742734252797 1.471780451427768 13.652632687549886 0.7102765051093234
0.04378854092283383 4.580472891817597 32.39828881047122 -20.429609828660173 17.184693727188122 -23.37892383975922 3.085742744252797 1.471780451427768 13.652632687549886 0.7102765051093234
0.04378854048794886 4.580472891817597 32.39828881047122 -20.429609828660173 17.184693727188122 -23.37892383975922 3.085742734252797 1.4717804614277679 13.652632687549886 0.7102765051093234
0.04378854067086821 4.580472891817597 32.39828881047122 -20.429609828660173 17.184693727188122 -23.37892383975922 3.085742734252797 1.471780451427768 13.652632697549887 0.7102765051093234
0.043788540790668413 4.580472891817597 32.39828881047122 -20.429609828660173 17.184693727188122 -23.37892383975922 3.085742734252797 1.471780451427768 13.652632687549886 0.7102765151093234
0.043713318722964224 4.579390537135816 32.398130730846034 -20.429685465638713 17.184632849768313 -23.379068395507268 3.084406712643437 1.4732678386150468 13.652679525896152 0.7094350971971781
0.043713318890931274 4.579390547135816 32.398130730846034 -20.429685465638713 17.184632849768313 -23.379068395507268 3.084406712643437 1.4732678386150468 13.652679525896152 0.7094350971971781
0.043713318764600634 4.579390537135816 32.398130740846035 -20.429685465638713 17.184632849768313 -23.379068395507268 3.084406712643437 1.4732678386150468 13.652679525896152 0.7094350971971781
0.04371331874104687 4.579390537135816 32.398130730846034 -20.42968545563871 17.184632849768313 -23.379068395507268 3.084406712643437 1.4732678386150468 13.652679525896152 0.7094350971971781
0.043713318737309166 4.579390537135816 32.398130730846034 -20.429685465638713 17.184632859768314 -23.379068395507268 3.084406712643437 1.4732678386150468 13.652679525896152 0.7094350971971781
0.0437133187592723 4.579390537135816 32.398130730846034 -20.429685465638713 17.184632849768313 -23.379068385507267 3.084406712643437 1.4732678386150468 13.652679525896152 0.7094350971971781
0.04371331904180305 4.579390537135816 32.398130730846034 -20.429685465638713 17.184632849768313 -23.379068395507268 3.084406722643437 1.4732678386150468 13.652679525896152 0.7094350971971781
0.043713318774194154 4.579390537135816 32.398130730846034 -20.429685465638713 17.184632849768313 -23.379068395507268 3.084406712643437 1.4732678486150468 13.652679525896152 0.7094350971971781
0.04371331870125369 4.579390537135816 32.398130730846034 -20.429685465638713 17.184632849768313 -23.379068395507268 3.084406712643437 1.4732678386150468 13.652679535896153 0.7094350971971781
0.04371331883744876 4.579390537135816 32.398130730846034 -20.429685465638713 17.184632849768313 -23.379068395507268 3.084406712643437 1.4732678386150468 13.652679525896152 0.7094351071971782
0.0433634917381766 4.5723185174232395 32.39703812105596 -20.43019064091127 17.184229180433547 -23.380050013634715 3.075488358792022 1.4798392184081988 13.653065874850947 0.7041614747455845
0.043363491992766505 4.572318527423239 32.39703812105596 -20.43019064091127 17.184229180433547 -23.380050013634715 3.075488358792022 1.4798392184081988 13.653065874850947 0.7041614747455845
0.04336349181497266 4.5723185174232395 32.39703813105596 -20.43019064091127 17.184229180433547 -23.380050013634715 3.075488358792022 1.4798392184081988 13.653065874850947 0.7041614747455845
0.04336349176835001 4.5723185174232395 32.39703812105596 -20.43019063091127 17.184229180433547 -23.380050013634715 3.075488358792022 1.4798392184081988 13.653065874850947 0.7041614747455845
0.04336349176152506 4.5723185174232395 32.39703812105596 -20.43019064091127 17.18422919043355 -23.380050013634715 3.075488358792022 1.4798392184081988 13.653065874850947 0.7041614747455845
0.0433634918018719 4.5723185174232395 32.39703812105596 -20.43019064091127 17.184229180433547 -23.380050003634715 3.075488358792022 1.4798392184081988 13.653065874850947 0.7041614747455845
0.043363492270809115 4.5723185174232395 32.39703812105596 -20.43019064091127 17.184229180433547 -23.380050013634715 3.075488368792022 1.4798392184081988 13.653065874850947 0.7041614747455845
0.04336349247017717 4.5723185174232395 32.39703812105596 -20.43019064091127 17.184229180433547 -23.380050013634715 3.075488358792022 1.4798392284081987 13.653065874850947 0.7041614747455845
0.043363491687727386 4.5723185174232395 32.39703812105596 -20.43019064091127 17.184229180433547 -23.380050013634715 3.075488358792022 1.4798392184081988 13.653065884850948 0.7041614747455845
0.04336349187176902 4.5723185174232395 32.39703812105596 -20.43019064091127 17.184229180433547 -23.380050013634715 3.075488358792022 1.4798392184081988 13.653065874850947 0.7041614847455846
0.04251788249367007 4.5524677040252035 32.39391864999681 -20.43161493250982 17.183094506543473 -23.3828338455316 3.050327450893414 1.4949094324066523 13.654229903159745 0.6895995533025343
0.04251788286234903 4.5524677140252034 32.39391864999681 -20.43161493250982 17.183094506543473 -23.3828338455316 3.050327450893414 1.4949094324066523 13.654229903159745 0.6895995533025343
0.04251788261043404 4.5524677040252035 32.393918659996814 -20.43161493250982 17.183094506543473 -23.3828338455316 3.050327450893414 1.4949094324066523 13.654229903159745 0.6895995533025343
0.04251788253754608 4.5524677040252035 32.39391864999681 -20.43161492250982 17.183094506543473 -23.3828338455316 3.050327450893414 1.4949094324066523 13.654229903159745 0.6895995533025343
0.04251788252719034 4.5524677040252035 32.39391864999681 -20.43161493250982 17.183094516543473 -23.3828338455316 3.050327450893414 1.4949094324066523 13.654229903159745 0.6895995533025343
0.04251788258851138 4.5524677040252035 32.39391864999681 -20.43161493250982 17.183094506543473 -23.3828338355316 3.050327450893414 1.4949094324066523 13.654229903159745 0.6895995533025343
0.0425178832738216 4.5524677040252035 32.39391864999681 -20.43161493250982 17.183094506543473 -23.3828338455316 3.050327460893414 1.4949094324066523 13.654229903159745 0.6895995533025343
0.04251788401084867 4.5524677040252035 32.39391864999681 -20.43161493250982 17.183094506543473 -23.3828338455316 3.050327450893414 1.4949094424066522 13.654229903159745 0.6895995533025343
0.04251788241080706 4.5524677040252035 32.39391864999681 -20.43161493250982 17.183094506543473 -23.3828338455316 3.050327450893414 1.4949094324066523 13.654229913159746 0.6895995533025343
0.04251788265709787 4.5524677040252035 32.39391864999681 -20.43161493250982 17.183094506543473 -23.3828338455316 3.050327450893414 1.4949094324066523 13.654229903159745 0.6895995633025344
0.038488373865208064 4.466621917257024 32.38039813200501 -20.43776187026561 17.178203004639354 -23.39487292767417 2.9416365571546903 1.5548553897587236 13.659355734954305 0.627027105718686
0.0384883743173608 4.466621927257024 32.38039813200501 -20.43776187026561 17.178203004639354 -23.39487292767417 2.9416365571546903 1.5548553897587236 13.659355734954305 0.627027105718686
0.03848837399822381 4.466621917257024 32.38039814200501 -20.43776187026561 17.178203004639354 -23.39487292767417 2.9416365571546903 1.5548553897587236 13.659355734954305 0.627027105718686
0.038488373914892175 4.466621917257024 32.38039813200501 -20.43776186026561 17.178203004639354 -23.39487292767417 2.9416365571546903 1.5548553897587236 13.659355734954305 0.627027105718686
0.03848837390322746 4.466621917257024 32.38039813200501 -20.43776187026561 17.178203014639355 -23.39487292767417 2.9416365571546903 1.5548553897587236 13.659355734954305 0.627027105718686
0.03848837397302968 4.466621917257024 32.38039813200501 -20.43776187026561 17.178203004639354 -23.39487291767417 2.9416365571546903 1.5548553897587236 13.659355734954305 0.627027105718686
0.03848837477880886 4.466621917257024 32.38039813200501 -20.43776187026561 17.178203004639354 -23.39487292767417 2.9416365671546902 1.5548553897587236 13.659355734954305 0.627027105718686
0.03848837568719094 4.466621917257024 32.38039813200501 -20.43776187026561 17.178203004639354 -23.39487292767417 2.9416365571546903 1.5548553997587236 13.659355734954305 0.627027105718686
0.03848837376926103 4.466621917257024 32.38039813200501 -20.43776187026561 17.178203004639354 -23.39487292767417 2.9416365571546903 1.5548553897587236 13.659355744954306 0.627027105718686
0.03848837404459871 4.466621917257024 32.38039813200501 -20.43776187026561 17.178203004639354 -23.39487292767417 2.9416365571546903 1.5548553897587236 13.659355734954305 0.6270271157186861
0.05363355725050332 4.123238770184306 32.32631606003781 -20.462349621288773 17.158636997022878 -23.443029256244458 2.5068729821997957 1.7946392191670089 13.679859062132545 0.3767373153832929
0.0536335566770253 4.123238780184306 32.32631606003781 -20.462349621288773 17.158636997022878 -23.443029256244458 2.5068729821997957 1.7946392191670089 13.679859062132545 0.3767373153832929
0.053633557248142574 4.123238770184306 32.32631607003781 -20.462349621288773 17.158636997022878 -23.443029256244458 2.5068729821997957 1.7946392191670089 13.679859062132545 0.3767373153832929
0.05363355725505597 4.123238770184306 32.32631606003781 -20.462349611288772 17.158636997022878 -23.443029256244458 2.5068729821997957 1.7946392191670089 13.679859062132545 0.3767373153832929
0.05363355725422917 4.123238770184306 32.32631606003781 -20.462349621288773 17.15863700702288 -23.443029256244458 2.5068729821997957 1.7946392191670089 13.679859062132545 0.3767373153832929
0.0536335572542535 4.123238770184306 32.32631606003781 -20.462349621288773 17.158636997022878 -23.443029246244457 2.5068729821997957 1.7946392191670089 13.679859062132545 0.3767373153832929
0.05363355739815133 4.123238770184306 32.32631606003781 -20.462349621288773 17.158636997022878 -23.443029256244458 2.5068729921997956 1.7946392191670089 13.679859062132545 0.3767373153832929
0.05363355655616736 4.123238770184306 32.32631606003781 -20.462349621288773 17.158636997022878 -23.443029256244458 2.5068729821997957 1.7946392291670088 13.679859062132545 0.3767373153832929
0.05363355723922006 4.123238770184306 32.32631606003781 -20.462349621288773 17.158636997022878 -23.443029256244458 2.5068729821997957 1.7946392191670089 13.679859072132546 0.3767373153832929
0.05363355632460432 4.123238770184306 32.32631606003781 -20.462349621288773 17.158636997022878 -23.443029256244458 2.5068729821997957 1.7946392191670089 13.679859062132545 0.3767373253832929
0.03345410088236176 4.410545806892521 32.37156627097098 -20.441777167614195 17.175007782008752 -23.402737086467862 2.8706375858322164 1.5940132360192296 13.66270402635267 0.5861535857873666
0.03345410078838319 4.410545816892521 32.37156627097098 -20.441777167614195 17.175007782008752 -23.402737086467862 2.8706375858322164 1.5940132360192296 13.66270402635267 0.5861535857873666
0.03345410092687692 4.410545806892521 32.37156628097098 -20.441777167614195 17.175007782008752 -23.402737086467862 2.8706375858322164 1.5940132360192296 13.66270402635267 0.5861535857873666
0.03345410090334011 4.410545806892521 32.37156627097098 -20.441777157614194 17.175007782008752 -23.402737086467862 2.8706375858322164 1.5940132360192296 13.66270402635267 0.5861535857873666
0.03345410089958201 4.410545806892521 32.37156627097098 -20.441777167614195 17.175007792008753 -23.402737086467862 2.8706375858322164 1.5940132360192296 13.66270402635267 0.5861535857873666
0.033454100923287225 4.410545806892521 32.37156627097098 -20.441777167614195 17.175007782008752 -23.40273707646786 2.8706375858322164 1.5940132360192296 13.66270402635267 0.5861535857873666
0.03345410128772746 4.410545806892521 32.37156627097098 -20.441777167614195 17.175007782008752 -23.402737086467862 2.8706375958322163 1.5940132360192296 13.66270402635267 0.5861535857873666
0.03345410074754348 4.410545806892521 32.37156627097098 -20.441777167614195 17.175007782008752 -23.402737086467862 2.8706375858322164 1.5940132460192296 13.66270402635267 0.5861535857873666
0.033454100847258854 4.410545806892521 32.37156627097098 -20.441777167614195 17.175007782008752 -23.402737086467862 2.8706375858322164 1.5940132360192296 13.66270403635267 0.5861535857873666
0.033454100661806284 4.410545806892521 32.37156627097098 -20.441777167614195 17.175007782008752 -23.402737086467862 2.8706375858322164 1.5940132360192296 13.66270402635267 0.5861535957873667
0.061712121923381956 3.625454356920636 32.246678804613815 -20.498613025107332 17.12975982849922 -23.514010853326248 1.8650401225998388 2.1543952850260593 13.71031329349927 0.01631239389274719
0.06171212192846833 3.625454366920636 32.246678804613815 -20.498613025107332 17.12975982849922 -23.514010853326248 1.8650401225998388 2.1543952850260593 13.71031329349927 0.01631239389274719
0.06171212192099481 3.625454356920636 32.246678814613816 -20.498613025107332 17.12975982849922 -23.514010853326248 1.8650401225998388 2.1543952850260593 13.71031329349927 0.01631239389274719
0.061712121922225596 3.625454356920636 32.246678804613815 -20.49861301510733 17.12975982849922 -23.514010853326248 1.8650401225998388 2.1543952850260593 13.71031329349927 0.01631239389274719
0.06171212192230395 3.625454356920636 32.246678804613815 -20.498613025107332 17.129759838499222 -23.514010853326248 1.8650401225998388 2.1543952850260593 13.71031329349927 0.01631239389274719
0.06171212192106582 3.625454356920636 32.246678804613815 -20.498613025107332 17.12975982849922 -23.514010843326247 1.8650401225998388 2.1543952850260593 13.71031329349927 0.01631239389274719
0.06171212189300817 3.625454356920636 32.246678804613815 -20.498613025107332 17.12975982849922 -23.514010853326248 1.8650401325998387 2.1543952850260593 13.71031329349927 0.01631239389274719
0.061712121902573414 3.625454356920636 32.246678804613815 -20.498613025107332 17.12975982849922 -23.514010853326248 1.8650401225998388 2.154395295026059 13.71031329349927 0.01631239389274719
0.061712121925250704 3.625454356920636 32.246678804613815 -20.498613025107332 17.12975982849922 -23.514010853326248 1.8650401225998388 2.1543952850260593 13.710313303499271 0.01631239389274719
0.061712122432220844 3.625454356920636 32.246678804613815 -20.498613025107332 17.12975982849922 -23.514010853326248 1.8650401225998388 2.1543952850260593 13.71031329349927 0.016312403892747192
0.03155909232378569 4.335389728680973 32.359610909350984 -20.447218011672714 17.17067623727852 -23.413389221228982 2.7743726709630843 1.647658091156823 13.667261617452906 0.5316032156518524
0.031559091985269606 4.3353897386809725 32.359610909350984 -20.447218011672714 17.17067623727852 -23.413389221228982 2.7743726709630843 1.647658091156823 13.667261617452906 0.5316032156518524
0.03155909231541286 4.335389728680973 32.359610919350985 -20.447218011672714 17.17067623727852 -23.413389221228982 2.7743726709630843 1.647658091156823 13.667261617452906 0.5316032156518524
0.03155909232550186 4.335389728680973 32.359610909350984 -20.447218001672713 17.17067623727852 -23.413389221228982 2.7743726709630843 1.647658091156823 13.667261617452906 0.5316032156518524
0.03155909232587777 4.335389728680973 32.359610909350984 -20.447218011672714 17.17067624727852 -23.413389221228982 2.7743726709630843 1.647658091156823 13.667261617452906 0.5316032156518524
0.03155909232212875 4.335389728680973 32.359610909350984 -20.447218011672714 17.17067623727852 -23.41338921122898 2.7743726709630843 1.647658091156823 13.667261617452906 0.5316032156518524
0.0315590923798368 4.335389728680973 32.359610909350984 -20.447218011672714 17.17067623727852 -23.413389221228982 2.774372680963084 1.647658091156823 13.667261617452906 0.5316032156518524
0.03155909143062305 4.335389728680973 32.359610909350984 -20.447218011672714 17.17067623727852 -23.413389221228982 2.7743726709630843 1.647658101156823 13.667261617452906 0.5316032156518524
0.03155909232603524 4.335389728680973 32.359610909350984 -20.447218011672714 17.17067623727852 -23.413389221228982 2.7743726709630843 1.647658091156823 13.667261627452907 0.5316032156518524
0.03155909194659695 4.335389728680973 32.359610909350984 -20.447218011672714 17.17067623727852 -23.413389221228982 2.7743726709630843 1.647658091156823 13.667261617452906 0.5316032256518525
0.03078921560843793 4.310507815413895 32.354016390105976 -20.449784087701914 17.168641489952506 -23.418396034557233 2.728549479165772 1.671086759481001 13.669806157185086 0.5177249768197763
0.030789215176240104 4.310507825413895 32.354016390105976 -20.449784087701914 17.168641489952506 -23.418396034557233 2.728549479165772 1.671086759481001 13.669806157185086 0.5177249768197763
0.03078921557402962 4.310507815413895 32.35401640010598 -20.449784087701914 17.168641489952506 -23.418396034557233 2.728549479165772 1.671086759481001 13.669806157185086 0.5177249768197763
0.03078921560023226 4.310507815413895 32.354016390105976 -20.449784077701914 17.168641489952506 -23.418396034557233 2.728549479165772 1.671086759481001 13.669806157185086 0.5177249768197763
0.030789215602451556 4.310507815413895 32.354016390105976 -20.449784087701914 17.168641499952507 -23.418396034557233 2.728549479165772 1.671086759481001 13.669806157185086 0.5177249768197763
0.030789215585225117 4.310507815413895 32.354016390105976 -20.449784087701914 17.168641489952506 -23.418396024557232 2.728549479165772 1.671086759481001 13.669806157185086 0.5177249768197763
0.03078921547724111 4.310507815413895 32.354016390105976 -20.449784087701914 17.168641489952506 -23.418396034557233 2.728549489165772 1.671086759481001 13.669806157185086 0.5177249768197763
0.0307892144017851 4.310507815413895 32.354016390105976 -20.449784087701914 17.168641489952506 -23.418396034557233 2.728549479165772 1.671086769481001 13.669806157185086 0.5177249768197763
0.030789215630067635 4.310507815413895 32.354016390105976 -20.449784087701914 17.168641489952506 -23.418396034557233 2.728549479165772 1.671086759481001 13.669806167185087 0.5177249768197763
0.030789215204240147 4.310507815413895 32.354016390105976 -20.449784087701914 17.168641489952506 -23.418396034557233 2.728549479165772 1.671086759481001 13.669806157185086 0.5177249868197763
0.033297584020367574 4.29389516316 32.344989267332814 -20.45396528437578 17.165362801736215 -23.426510540300907 2.6532920614604576 1.705019942870623 13.674816625452678 0.5209623814271201
0.0332975833006573 4.29389517316 32.344989267332814 -20.45396528437578 17.165362801736215 -23.426510540300907 2.6532920614604576 1.705019942870623 13.674816625452678 0.5209623814271201
0.03329758395908962 4.29389516316 32.344989277332814 -20.45396528437578 17.165362801736215 -23.426510540300907 2.6532920614604576 1.705019942870623 13.674816625452678 0.5209623814271201
0.03329758400359461 4.29389516316 32.344989267332814 -20.45396527437578 17.165362801736215 -23.426510540300907 2.6532920614604576 1.705019942870623 13.674816625452678 0.5209623814271201
0.033297584007307576 4.29389516316 32.344989267332814 -20.45396528437578 17.165362811736216 -23.426510540300907 2.6532920614604576 1.705019942870623 13.674816625452678 0.5209623814271201
0.033297583976669674 4.29389516316 32.344989267332814 -20.45396528437578 17.165362801736215 -23.426510530300906 2.6532920614604576 1.705019942870623 13.674816625452678 0.5209623814271201
0.033297583738599035 4.29389516316 32.344989267332814 -20.45396528437578 17.165362801736215 -23.426510540300907 2.6532920714604575 1.705019942870623 13.674816625452678 0.5209623814271201
0.0332975822197697 4.29389516316 32.344989267332814 -20.45396528437578 17.165362801736215 -23.426510540300907 2.6532920614604576 1.705019952870623 13.674816625452678 0.5209623814271201
0.03329758405746525 4.29389516316 32.344989267332814 -20.45396528437578 17.165362801736215 -23.426510540300907 2.6532920614604576 1.705019942870623 13.674816635452679 0.5209623814271201
0.03329758338607204 4.29389516316 32.344989267332814 -20.45396528437578 17.165362801736215 -23.426510540300907 2.6532920614604576 1.705019942870623 13.674816625452678 0.5209623914271202
0.030578238850181537 4.30904620506779 32.353222167977016 -20.450151956734757 17.16835302520014 -23.419109963035794 2.721928199272705 1.674072260601505 13.670246986990394 0.5180098093676623
0.030578238411410736 4.30904621506779 32.353222167977016 -20.450151956734757 17.16835302520014 -23.419109963035794 2.721928199272705 1.674072260601505 13.670246986990394 0.5180098093676623
0.03057823881181831 4.30904620506779 32.35322217797702 -20.450151956734757 17.16835302520014 -23.419109963035794 2.721928199272705 1.674072260601505 13.670246986990394 0.5180098093676623
0.03057823884041216 4.30904620506779 32.353222167977016 -20.450151946734756 17.16835302520014 -23.419109963035794 2.721928199272705 1.674072260601505 13.670246986990394 0.5180098093676623
0.030578238842878722 4.30904620506779 32.353222167977016 -20.450151956734757 17.16835303520014 -23.419109963035794 2.721928199272705 1.674072260601505 13.670246986990394 0.5180098093676623
0.030578238823620315 4.30904620506779 32.353222167977016 -20.450151956734757 17.16835302520014 -23.419109953035793 2.721928199272705 1.674072260601505 13.670246986990394 0.5180098093676623
0.030578238688964806 4.30904620506779 32.353222167977016 -20.450151956734757 17.16835302520014 -23.419109963035794 2.721928209272705 1.674072260601505 13.670246986990394 0.5180098093676623
0.03057823760346044 4.30904620506779 32.353222167977016 -20.450151956734757 17.16835302520014 -23.419109963035794 2.721928199272705 1.674072270601505 13.670246986990394 0.5180098093676623
0.030578238875030916 4.30904620506779 32.353222167977016 -20.450151956734757 17.16835302520014 -23.419109963035794 2.721928199272705 1.674072260601505 13.670246996990395 0.5180098093676623
0.030578238454485714 4.30904620506779 32.353222167977016 -20.450151956734757 17.16835302520014 -23.419109963035794 2.721928199272705 1.674072260601505 13.670246986990394 0.5180098193676623
0.02942654130534095 4.299046517408649 32.34778845355184 -20.452668752977832 17.16637947771395 -23.423994344030767 2.6766283483166218 1.694497730899123 13.673262948375502 0.5199585069269045
0.02942654082263666 4.299046527408649 32.34778845355184 -20.452668752977832 17.16637947771395 -23.423994344030767 2.6766283483166218 1.694497730899123 13.673262948375502 0.5199585069269045
0.029426541237608163 4.299046517408649 32.347788463551844 -20.452668752977832 17.16637947771395 -23.423994344030767 2.6766283483166218 1.694497730899123 13.673262948375502 0.5199585069269045
0.029426541283754385 4.299046517408649 32.34778845355184 -20.45266874297783 17.16637947771395 -23.423994344030767 2.6766283483166218 1.694497730899123 13.673262948375502 0.5199585069269045
0.029426541288055805 4.299046517408649 32.34778845355184 -20.452668752977832 17.16637948771395 -23.423994344030767 2.6766283483166218 1.694497730899123 13.673262948375502 0.5199585069269045
0.029426541253608076 4.299046517408649 32.34778845355184 -20.452668752977832 17.16637947771395 -23.423994334030766 2.6766283483166218 1.694497730899123 13.673262948375502 0.5199585069269045
0.029426540914226095 4.299046517408649 32.34778845355184 -20.452668752977832 17.16637947771395 -23.423994344030767 2.6766283583166217 1.694497730899123 13.673262948375502 0.5199585069269045
0.029426539762940983 4.299046517408649 32.34778845355184 -20.452668752977832 17.16637947771395 -23.423994344030767 2.6766283483166218 1.6944977408991229 13.673262948375502 0.5199585069269045
0.029426541354140977 4.299046517408649 32.34778845355184 -20.452668752977832 17.16637947771395 -23.423994344030767 2.6766283483166218 1.694497730899123 13.673262958375503 0.5199585069269045
0.029426540983816054 4.299046517408649 32.34778845355184 -20.452668752977832 17.16637947771395 -23.423994344030767 2.6766283483166218 1.694497730899123 13.673262948375502 0.5199585169269045
0.02971938984338389 4.312913286469644 32.34059424390209 -20.456034255862058 17.16384672528794 -23.43045276691739 2.6164696848786244 1.7178030953106578 13.678153240607275 0.547349001188362
0.029719389115961826 4.3129132964696435 32.34059424390209 -20.456034255862058 17.16384672528794 -23.43045276691739 2.6164696848786244 1.7178030953106578 13.678153240607275 0.547349001188362
0.02971938973382071 4.312913286469644 32.34059425390209 -20.456034255862058 17.16384672528794 -23.43045276691739 2.6164696848786244 1.7178030953106578 13.678153240607275 0.547349001188362
0.02971938980654669 4.312913286469644 32.34059424390209 -20.456034245862057 17.16384672528794 -23.43045276691739 2.6164696848786244 1.7178030953106578 13.678153240607275 0.547349001188362
0.029719389813081146 4.312913286469644 32.34059424390209 -20.456034255862058 17.16384673528794 -23.43045276691739 2.6164696848786244 1.7178030953106578 13.678153240607275 0.547349001188362
0.02971938975739679 4.312913286469644 32.34059424390209 -20.456034255862058 17.16384672528794 -23.43045275691739 2.6164696848786244 1.7178030953106578 13.678153240607275 0.547349001188362
0.02971938916268006 4.312913286469644 32.34059424390209 -20.456034255862058 17.16384672528794 -23.43045276691739 2.6164696948786244 1.7178030953106578 13.678153240607275 0.547349001188362
0.029719387565431483 4.312913286469644 32.34059424390209 -20.456034255862058 17.16384672528794 -23.43045276691739 2.6164696848786244 1.7178031053106577 13.678153240607275 0.547349001188362
0.02971938992210885 4.312913286469644 32.34059424390209 -20.456034255862058 17.16384672528794 -23.43045276691739 2.6164696848786244 1.7178030953106578 13.678153250607275 0.547349001188362
0.029719389443791582 4.312913286469644 32.34059424390209 -20.456034255862058 17.16384672528794 -23.43045276691739 2.6164696848786244 1.7178030953106578 13.678153240607275 0.5473490111883621
0.02899836746691367 4.301459155000866 32.34653675457489 -20.45325430673873 17.16593881170964 -23.42511802567385 2.666161522751877 1.6985525614102719 13.674113795665408 0.524724096938097
0.02899836699614004 4.301459165000866 32.34653675457489 -20.45325430673873 17.16593881170964 -23.42511802567385 2.666161522751877 1.6985525614102719 13.674113795665408 0.524724096938097
0.028998367391629257 4.301459155000866 32.34653676457489 -20.45325430673873 17.16593881170964 -23.42511802567385 2.666161522751877 1.6985525614102719 13.674113795665408 0.524724096938097
0.02899836744208064 4.301459155000866 32.34653675457489 -20.45325429673873 17.16593881170964 -23.42511802567385 2.666161522751877 1.6985525614102719 13.674113795665408 0.524724096938097
0.028998367446799723 4.301459155000866 32.34653675457489 -20.45325430673873 17.16593882170964 -23.42511802567385 2.666161522751877 1.6985525614102719 13.674113795665408 0.524724096938097
0.02899836740843972 4.301459155000866 32.34653675457489 -20.45325430673873 17.16593881170964 -23.42511801567385 2.666161522751877 1.6985525614102719 13.674113795665408 0.524724096938097
0.028998367011584265 4.301459155000866 32.34653675457489 -20.45325430673873 17.16593881170964 -23.42511802567385 2.666161532751877 1.6985525614102719 13.674113795665408 0.524724096938097
0.028998365869287786 4.301459155000866 32.34653675457489 -20.45325430673873 17.16593881170964 -23.42511802567385 2.666161522751877 1.6985525714102718 13.674113795665408 0.524724096938097
0.028998367522642978 4.301459155000866 32.34653675457489 -20.45325430673873 17.16593881170964 -23.42511802567385 2.666161522751877 1.6985525614102719 13.674113805665408 0.524724096938097
0.028998367198346493 4.301459155000866 32.34653675457489 -20.45325430673873 17.16593881170964 -23.42511802567385 2.666161522751877 1.6985525614102719 13.674113795665408 0.524724106938097
0.02857203859327909 4.324677824245145 32.33971017861294 -20.45641397210315 17.16378555837353 -23.431093612548512 2.612608266827939 1.7203040776913454 13.67868611037111 0.5481889400921215
0.02857203790456275 4.324677834245145 32.33971017861294 -20.45641397210315 17.16378555837353 -23.431093612548512 2.612608266827939 1.7203040776913454 13.67868611037111 0.5481889400921215
0.028572038488506767 4.324677824245145 32.33971018861294 -20.45641397210315 17.16378555837353 -23.431093612548512 2.612608266827939 1.7203040776913454 13.67868611037111 0.5481889400921215
0.02857203855797707 4.324677824245145 32.33971017861294 -20.45641396210315 17.16378555837353 -23.431093612548512 2.612608266827939 1.7203040776913454 13.67868611037111 0.5481889400921215
0.028572038564059106 4.324677824245145 32.33971017861294 -20.45641397210315 17.16378556837353 -23.431093612548512 2.612608266827939 1.7203040776913454 13.67868611037111 0.5481889400921215
0.028572038510902106 4.324677824245145 32.33971017861294 -20.45641397210315 17.16378555837353 -23.43109360254851 2.612608266827939 1.7203040776913454 13.67868611037111 0.5481889400921215
0.028572037942651063 4.324677824245145 32.33971017861294 -20.45641397210315 17.16378555837353 -23.431093612548512 2.612608276827939 1.7203040776913454 13.67868611037111 0.5481889400921215
0.028572036409475015 4.324677824245145 32.33971017861294 -20.45641397210315 17.16378555837353 -23.431093612548512 2.612608266827939 1.7203040876913454 13.67868611037111 0.5481889400921215
0.028572038669128014 4.324677824245145 32.33971017861294 -20.45641397210315 17.16378555837353 -23.431093612548512 2.612608266827939 1.7203040776913454 13.678686120371111 0.5481889400921215
0.028572038229339083 4.324677824245145 32.33971017861294 -20.45641397210315 17.16378555837353 -23.431093612548512 2.612608266827939 1.7203040776913454 13.67868611037111 0.5481889500921215
0.04802963322367768 4.417552501222263 32.31240387476513 -20.46905263356082 17.155172545029085 -23.45499596004716 2.398395243132187 1.8073101428156395 13.696975369193922 0.6420483127082196
0.04802963350175582 4.417552511222263 32.31240387476513 -20.46905263356082 17.155172545029085 -23.45499596004716 2.398395243132187 1.8073101428156395 13.696975369193922 0.6420483127082196
0.04802963290883157 4.417552501222263 32.31240388476513 -20.46905263356082 17.155172545029085 -23.45499596004716 2.398395243132187 1.8073101428156395 13.696975369193922 0.6420483127082196
0.0480296330818969 4.417552501222263 32.31240387476513 -20.46905262356082 17.155172545029085 -23.45499596004716 2.398395243132187 1.8073101428156395 13.696975369193922 0.6420483127082196
0.048029633099670954 4.417552501222263 32.31240387476513 -20.46905263356082 17.155172555029086 -23.45499596004716 2.398395243132187 1.8073101428156395 13.696975369193922 0.6420483127082196
0.04802963293433272 4.417552501222263 32.31240387476513 -20.46905263356082 17.155172545029085 -23.45499595004716 2.398395243132187 1.8073101428156395 13.696975369193922 0.6420483127082196
0.048029630105051346 4.417552501222263 32.31240387476513 -20.46905263356082 17.155172545029085 -23.45499596004716 2.398395253132187 1.8073101428156395 13.696975369193922 0.6420483127082196
0.04802963010573994 4.417552501222263 32.31240387476513 -20.46905263356082 17.155172545029085 -23.45499596004716 2.398395243132187 1.8073101528156394 13.696975369193922 0.6420483127082196
0.04802963349237118 4.417552501222263 32.31240387476513 -20.46905263356082 17.155172545029085 -23.45499596004716 2.398395243132187 1.8073101428156395 13.696975379193923 0.6420483127082196
0.048029634887812235 4.417552501222263 32.31240387476513 -20.46905263356082 17.155172545029085 -23.45499596004716 2.398395243132187 1.8073101428156395 13.696975369193922 0.6420483227082197
0.026986811760927473 4.3457733294514 32.333507839140715 -20.45928471100915 17.161829203059433 -23.43652277916864 2.563952033463761 1.7400665894926786 13.68284032298614 0.5695081085471195
0.026986811248990904 4.3457733394514 32.333507839140715 -20.45928471100915 17.161829203059433 -23.43652277916864 2.563952033463761 1.7400665894926786 13.68284032298614 0.5695081085471195
0.02698681159927909 4.3457733294514 32.333507849140716 -20.45928471100915 17.161829203059433 -23.43652277916864 2.563952033463761 1.7400665894926786 13.68284032298614 0.5695081085471195
0.026986811699389872 4.3457733294514 32.333507839140715 -20.45928470100915 17.161829203059433 -23.43652277916864 2.563952033463761 1.7400665894926786 13.68284032298614 0.5695081085471195
0.02698681170853777 4.3457733294514 32.333507839140715 -20.45928471100915 17.161829213059434 -23.43652277916864 2.563952033463761 1.7400665894926786 13.68284032298614 0.5695081085471195
0.02698681162559683 4.3457733294514 32.333507839140715 -20.45928471100915 17.161829203059433 -23.43652276916864 2.563952033463761 1.7400665894926786 13.68284032298614 0.5695081085471195
0.026986810558436825 4.3457733294514 32.333507839140715 -20.45928471100915 17.161829203059433 -23.43652277916864 2.563952043463761 1.7400665894926786 13.68284032298614 0.5695081085471195
0.026986809263546824 4.3457733294514 32.333507839140715 -20.45928471100915 17.161829203059433 -23.43652277916864 2.563952033463761 1.7400665994926785 13.68284032298614 0.5695081085471195
0.026986811889952764 4.3457733294514 32.333507839140715 -20.45928471100915 17.161829203059433 -23.43652277916864 2.563952033463761 1.7400665894926786 13.68284033298614 0.5695081085471195
0.026986811884678514 4.3457733294514 32.333507839140715 -20.45928471100915 17.161829203059433 -23.43652277916864 2.563952033463761 1.7400665894926786 13.68284032298614 0.5695081185471196
0.025916578223956918 4.3753644913594885 32.33689604376683 -20.457659487897267 17.163339223676495 -23.433302705359566 2.5962717105425974 1.7245149645595914 13.681543057381736 0.581410426523257
0.025916577935470753 4.375364501359488 32.33689604376683 -20.457659487897267 17.163339223676495 -23.433302705359566 2.5962717105425974 1.7245149645595914 13.681543057381736 0.581410426523257
0.02591657811353385 4.3753644913594885 32.33689605376683 -20.457659487897267 17.163339223676495 -23.433302705359566 2.5962717105425974 1.7245149645595914 13.681543057381736 0.581410426523257
0.025916578182398918 4.3753644913594885 32.33689604376683 -20.457659477897266 17.163339223676495 -23.433302705359566 2.5962717105425974 1.7245149645595914 13.681543057381736 0.581410426523257
0.025916578188255303 4.3753644913594885 32.33689604376683 -20.457659487897267 17.163339233676496 -23.433302705359566 2.5962717105425974 1.7245149645595914 13.681543057381736 0.581410426523257
0.025916578131751952 4.3753644913594885 32.33689604376683 -20.457659487897267 17.163339223676495 -23.433302695359565 2.5962717105425974 1.7245149645595914 13.681543057381736 0.581410426523257
0.02591657743024132 4.3753644913594885 32.33689604376683 -20.457659487897267 17.163339223676495 -23.433302705359566 2.5962717205425974 1.7245149645595914 13.681543057381736 0.581410426523257
0.02591657647178394 4.3753644913594885 32.33689604376683 -20.457659487897267 17.163339223676495 -23.433302705359566 2.5962717105425974 1.7245149745595914 13.681543057381736 0.581410426523257
0.025916578316397054 4.3753644913594885 32.33689604376683 -20.457659487897267 17.163339223676495 -23.433302705359566 2.5962717105425974 1.7245149645595914 13.681543067381737 0.581410426523257
0.02591657838176381 4.3753644913594885 32.33689604376683 -20.457659487897267 17.163339223676495 -23.433302705359566 2.5962717105425974 1.7245149645595914 13.681543057381736 0.5814104365232571
0.028804353002498853 4.3802451701445255 32.337972858176585 -20.45705643752322 17.164073400779326 -23.432082496071295 2.61139976019397 1.7230962744458 13.68062025521605 0.5694035864269973
0.028804353494183664 4.3802451801445255 32.337972858176585 -20.45705643752322 17.164073400779326 -23.432082496071295 2.61139976019397 1.7230962744458 13.68062025521605 0.5694035864269973
0.02880435299881918 4.3802451701445255 32.337972868176585 -20.45705643752322 17.164073400779326 -23.432082496071295 2.61139976019397 1.7230962744458 13.68062025521605 0.5694035864269973
0.028804352998698098 4.3802451701445255 32.337972858176585 -20.45705642752322 17.164073400779326 -23.432082496071295 2.61139976019397 1.7230962744458 13.68062025521605 0.5694035864269973
0.028804352997338845 4.3802451701445255 32.337972858176585 -20.45705643752322 17.164073410779327 -23.432082496071295 2.61139976019397 1.7230962744458 13.68062025521605 0.5694035864269973
0.02880435299554604 4.3802451701445255 32.337972858176585 -20.45705643752322 17.164073400779326 -23.432082486071295 2.61139976019397 1.7230962744458 13.68062025521605 0.5694035864269973
0.02880435293430974 4.3802451701445255 32.337972858176585 -20.45705643752322 17.164073400779326 -23.432082496071295 2.61139977019397 1.7230962744458 13.68062025521605 0.5694035864269973
0.028804353333123547 4.3802451701445255 32.337972858176585 -20.45705643752322 17.164073400779326 -23.432082496071295 2.61139976019397 1.7230962844458 13.68062025521605 0.5694035864269973
0.028804353025666744 4.3802451701445255 32.337972858176585 -20.45705643752322 17.164073400779326 -23.432082496071295 2.61139976019397 1.7230962744458 13.680620265216051 0.5694035864269973
0.02880435361763547 4.3802451701445255 32.337972858176585 -20.45705643752322 17.164073400779326 -23.432082496071295 2.61139976019397 1.7230962744458 13.68062025521605 0.5694035964269973
0.025841046020486036 4.375650035012856 32.33695904269261 -20.45762420649184 17.16338217663886 -23.4332313171299 2.5971567756648963 1.7244319642278896 13.681489068927808 0.5807079674724792
0.025841045737492626 4.375650045012856 32.33695904269261 -20.45762420649184 17.16338217663886 -23.4332313171299 2.5971567756648963 1.7244319642278896 13.681489068927808 0.5807079674724792
0.025841045913862958 4.375650035012856 32.33695905269261 -20.45762420649184 17.16338217663886 -23.4332313171299 2.5971567756648963 1.7244319642278896 13.681489068927808 0.5807079674724792
0.025841045980481554 4.375650035012856 32.33695904269261 -20.45762419649184 17.16338217663886 -23.4332313171299 2.5971567756648963 1.7244319642278896 13.681489068927808 0.5807079674724792
0.025841045986096132 4.375650035012856 32.33695904269261 -20.45762420649184 17.16338218663886 -23.4332313171299 2.5971567756648963 1.7244319642278896 13.681489068927808 0.5807079674724792
0.025841045931581368 4.375650035012856 32.33695904269261 -20.45762420649184 17.16338217663886 -23.433231307129898 2.5971567756648963 1.7244319642278896 13.681489068927808 0.5807079674724792
0.025841045258430236 4.375650035012856 32.33695904269261 -20.45762420649184 17.16338217663886 -23.4332313171299 2.5971567856648963 1.7244319642278896 13.681489068927808 0.5807079674724792
0.025841044313243793 4.375650035012856 32.33695904269261 -20.45762420649184 17.16338217663886 -23.4332313171299 2.5971567756648963 1.7244319742278895 13.681489068927808 0.5807079674724792
0.025841046109854746 4.375650035012856 32.33695904269261 -20.45762420649184 17.16338217663886 -23.4332313171299 2.5971567756648963 1.7244319642278896 13.68148907892781 0.5807079674724792
0.025841046169179673 4.375650035012856 32.33695904269261 -20.45762420649184 17.16338217663886 -23.4332313171299 2.5971567756648963 1.7244319642278896 13.681489068927808 0.5807079774724793
0.02905121329410066 4.378682824199758 32.33762816091203 -20.457249478972553 17.163838384571566 -23.43247309523122 2.6065571454540852 1.7235504089717104 13.680915651878047 0.5732470759824612
0.02905121373915174 4.378682834199758 32.33762816091203 -20.457249478972553 17.163838384571566 -23.43247309523122 2.6065571454540852 1.7235504089717104 13.680915651878047 0.5732470759824612
0.029051213272059558 4.378682824199758 32.33762817091203 -20.457249478972553 17.163838384571566 -23.43247309523122 2.6065571454540852 1.7235504089717104 13.680915651878047 0.5732470759824612
0.029051213282993642 4.378682824199758 32.33762816091203 -20.457249468972552 17.163838384571566 -23.43247309523122 2.6065571454540852 1.7235504089717104 13.680915651878047 0.5732470759824612
0.02905121328291809 4.378682824199758 32.33762816091203 -20.457249478972553 17.163838394571567 -23.43247309523122 2.6065571454540852 1.7235504089717104 13.680915651878047 0.5732470759824612
0.029051213271543218 4.378682824199758 32.33762816091203 -20.457249478972553 17.163838384571566 -23.43247308523122 2.6065571454540852 1.7235504089717104 13.680915651878047 0.5732470759824612
0.02905121308034168 4.378682824199758 32.33762816091203 -20.457249478972553 17.163838384571566 -23.43247309523122 2.606557155454085 1.7235504089717104 13.680915651878047 0.5732470759824612
0.029051213381396764 4.378682824199758 32.33762816091203 -20.457249478972553 17.163838384571566 -23.43247309523122 2.6065571454540852 1.7235504189717104 13.680915651878047 0.5732470759824612
0.029051213331633224 4.378682824199758 32.33762816091203 -20.457249478972553 17.163838384571566 -23.43247309523122 2.6065571454540852 1.7235504089717104 13.680915661878048 0.5732470759824612
0.029051213928023067 4.378682824199758 32.33762816091203 -20.457249478972553 17.163838384571566 -23.43247309523122 2.6065571454540852 1.7235504089717104 13.680915651878047 0.5732470859824612
0.02581414533133924 4.375754867145004 32.336982171596496 -20.45761125356884 17.163397946033744 -23.43320510824646 2.5974817111441713 1.7244014921734812 13.681469248053942 0.5804500724740385
0.02581414505039197 4.375754877145004 32.336982171596496 -20.45761125356884 17.163397946033744 -23.43320510824646 2.5974817111441713 1.7244014921734812 13.681469248053942 0.5804500724740385
0.025814145226125997 4.375754867145004 32.3369821815965 -20.45761125356884 17.163397946033744 -23.43320510824646 2.5974817111441713 1.7244014921734812 13.681469248053942 0.5804500724740385
0.02581414529192229 4.375754867145004 32.336982171596496 -20.457611243568838 17.163397946033744 -23.43320510824646 2.5974817111441713 1.7244014921734812 13.681469248053942 0.5804500724740385
0.025814145297442196 4.375754867145004 32.336982171596496 -20.45761125356884 17.163397956033744 -23.43320510824646 2.5974817111441713 1.7244014921734812 13.681469248053942 0.5804500724740385
0.02581414524366222 4.375754867145004 32.336982171596496 -20.45761125356884 17.163397946033744 -23.43320509824646 2.5974817111441713 1.7244014921734812 13.681469248053942 0.5804500724740385
0.02581414458094979 4.375754867145004 32.336982171596496 -20.45761125356884 17.163397946033744 -23.43320510824646 2.597481721144171 1.7244014921734812 13.681469248053942 0.5804500724740385
0.02581414364069156 4.375754867145004 32.336982171596496 -20.45761125356884 17.163397946033744 -23.43320510824646 2.5974817111441713 1.724401502173481 13.681469248053942 0.5804500724740385
0.025814145419581158 4.375754867145004 32.336982171596496 -20.45761125356884 17.163397946033744 -23.43320510824646 2.5974817111441713 1.7244014921734812 13.681469258053943 0.5804500724740385
0.025814145476692887 4.375754867145004 32.336982171596496 -20.45761125356884 17.163397946033744 -23.43320510824646 2.5974817111441713 1.7244014921734812 13.681469248053942 0.5804500824740385
0.02924812174486333 4.377687318801142 32.33740852454475 -20.457372482335288 17.163688635468706 -23.432721979656403 2.6034714977887146 1.7238397772603125 13.681103874577852 0.5756960947895975
0.029248122160679266 4.377687328801142 32.33740852454475 -20.457372482335288 17.163688635468706 -23.432721979656403 2.6034714977887146 1.7238397772603125 13.681103874577852 0.5756960947895975
0.029248121711162218 4.377687318801142 32.33740853454475 -20.457372482335288 17.163688635468706 -23.432721979656403 2.6034714977887146 1.7238397772603125 13.681103874577852 0.5756960947895975
0.02924812172917242 4.377687318801142 32.33740852454475 -20.457372472335287 17.163688635468706 -23.432721979656403 2.6034714977887146 1.7238397772603125 13.681103874577852 0.5756960947895975
0.029248121729784436 4.377687318801142 32.33740852454475 -20.457372482335288 17.163688645468707 -23.432721979656403 2.6034714977887146 1.7238397772603125 13.681103874577852 0.5756960947895975
0.02924812171245565 4.377687318801142 32.33740852454475 -20.457372482335288 17.163688635468706 -23.432721969656402 2.6034714977887146 1.7238397772603125 13.681103874577852 0.5756960947895975
0.0292481214383327 4.377687318801142 32.33740852454475 -20.457372482335288 17.163688635468706 -23.432721979656403 2.6034715077887145 1.7238397772603125 13.681103874577852 0.5756960947895975
0.02924812167750865 4.377687318801142 32.33740852454475 -20.457372482335288 17.163688635468706 -23.432721979656403 2.6034714977887146 1.7238397872603124 13.681103874577852 0.5756960947895975
0.029248121791560357 4.377687318801142 32.33740852454475 -20.457372482335288 17.163688635468706 -23.432721979656403 2.6034714977887146 1.7238397772603125 13.681103884577853 0.5756960947895975
0.029248122390949077 4.377687318801142 32.33740852454475 -20.457372482335288 17.163688635468706 -23.432721979656403 2.6034714977887146 1.7238397772603125 13.681103874577852 0.5756961047895975
0.025803617294247447 4.375796375749621 32.33699132955701 -20.457606124819204 17.163404189974067 -23.43319473075859 2.59761037034492 1.7243894266699724 13.681461399918073 0.5803479581575268
0.025803617014123766 4.375796385749621 32.33699132955701 -20.457606124819204 17.163404189974067 -23.43319473075859 2.59761037034492 1.7243894266699724 13.681461399918073 0.5803479581575268
0.025803617189593533 4.375796375749621 32.33699133955701 -20.457606124819204 17.163404189974067 -23.43319473075859 2.59761037034492 1.7243894266699724 13.681461399918073 0.5803479581575268
0.025803617255054256 4.375796375749621 32.33699132955701 -20.457606114819203 17.163404189974067 -23.43319473075859 2.59761037034492 1.7243894266699724 13.681461399918073 0.5803479581575268
0.025803617260543126 4.375796375749621 32.33699132955701 -20.457606124819204 17.163404199974067 -23.43319473075859 2.59761037034492 1.7243894266699724 13.681461399918073 0.5803479581575268
0.025803617207041465 4.375796375749621 32.33699132955701 -20.457606124819204 17.163404189974067 -23.43319472075859 2.59761037034492 1.7243894266699724 13.681461399918073 0.5803479581575268
0.02580361654847213 4.375796375749621 32.33699132955701 -20.457606124819204 17.163404189974067 -23.43319473075859 2.59761038034492 1.7243894266699724 13.681461399918073 0.5803479581575268
0.025803615610182035 4.375796375749621 32.33699132955701 -20.457606124819204 17.163404189974067 -23.43319473075859 2.59761037034492 1.7243894366699724 13.681461399918073 0.5803479581575268
0.025803617382039068 4.375796375749621 32.33699132955701 -20.457606124819204 17.163404189974067 -23.43319473075859 2.59761037034492 1.7243894266699724 13.681461409918073 0.5803479581575268
0.02580361743828623 4.375796375749621 32.33699132955701 -20.457606124819204 17.163404189974067 -23.43319473075859 2.59761037034492 1.7243894266699724 13.681461399918073 0.5803479681575269
0.029391653577170215 4.3770443981636245 32.337266678248916 -20.45745192077982 17.163591924000528 -23.43288271503115 2.601478714457824 1.7240266580595969 13.681225433193527 0.5772777283346935
0.029391653974414653 4.377044408163624 32.337266678248916 -20.45745192077982 17.163591924000528 -23.43288271503115 2.601478714457824 1.7240266580595969 13.681225433193527 0.5772777283346935
0.029391653535982172 4.3770443981636245 32.33726668824892 -20.45745192077982 17.163591924000528 -23.43288271503115 2.601478714457824 1.7240266580595969 13.681225433193527 0.5772777283346935
0.02939165355844297 4.3770443981636245 32.337266678248916 -20.45745191077982 17.163591924000528 -23.43288271503115 2.601478714457824 1.7240266580595969 13.681225433193527 0.5772777283346935
0.029391653559617873 4.3770443981636245 32.337266678248916 -20.45745192077982 17.16359193400053 -23.43288271503115 2.601478714457824 1.7240266580595969 13.681225433193527 0.5772777283346935
0.02939165353830992 4.3770443981636245 32.337266678248916 -20.45745192077982 17.163591924000528 -23.432882705031147 2.601478714457824 1.7240266580595969 13.681225433193527 0.5772777283346935
0.029391653210847794 4.3770443981636245 32.337266678248916 -20.45745192077982 17.163591924000528 -23.43288271503115 2.601478724457824 1.7240266580595969 13.681225433193527 0.5772777283346935
0.029391653410325895 4.3770443981636245 32.337266678248916 -20.45745192077982 17.163591924000528 -23.43288271503115 2.601478714457824 1.7240266680595968 13.681225433193527 0.5772777283346935
0.029391653629641083 4.3770443981636245 32.337266678248916 -20.45745192077982 17.163591924000528 -23.43288271503115 2.601478714457824 1.7240266580595969 13.681225443193528 0.5772777283346935
0.029391654231091767 4.3770443981636245 32.337266678248916 -20.45745192077982 17.163591924000528 -23.43288271503115 2.601478714457824 1.7240266580595969 13.681225433193527 0.5772777383346935
0.025799305525381358 4.375813455832726 32.33699509790162 -20.45760401442617 17.163406759249057 -23.433190460599263 2.5976633114124725 1.7243844619209876 13.68145817054397 0.5803059398572651
0.025799305245590057 4.375813465832726 32.33699509790162 -20.45760401442617 17.163406759249057 -23.433190460599263 2.5976633114124725 1.7243844619209876 13.68145817054397 0.5803059398572651
0.025799305420955983 4.375813455832726 32.33699510790162 -20.45760401442617 17.163406759249057 -23.433190460599263 2.5976633114124725 1.7243844619209876 13.68145817054397 0.5803059398572651
0.025799305486283033 4.375813455832726 32.33699509790162 -20.45760400442617 17.163406759249057 -23.433190460599263 2.5976633114124725 1.7243844619209876 13.68145817054397 0.5803059398572651
0.025799305491745844 4.375813455832726 32.33699509790162 -20.45760401442617 17.163406769249058 -23.433190460599263 2.5976633114124725 1.7243844619209876 13.68145817054397 0.5803059398572651
0.025799305438374397 4.375813455832726 32.33699509790162 -20.45760401442617 17.163406759249057 -23.433190450599263 2.5976633114124725 1.7243844619209876 13.68145817054397 0.5803059398572651
0.0257993047815157 4.375813455832726 32.33699509790162 -20.45760401442617 17.163406759249057 -23.433190460599263 2.5976633214124725 1.7243844619209876 13.68145817054397 0.5803059398572651
0.025799303844020745 4.375813455832726 32.33699509790162 -20.45760401442617 17.163406759249057 -23.433190460599263 2.5976633114124725 1.7243844719209875 13.68145817054397 0.5803059398572651
0.025799305612985008 4.375813455832726 32.33699509790162 -20.45760401442617 17.163406759249057 -23.433190460599263 2.5976633114124725 1.7243844619209876 13.68145818054397 0.5803059398572651
0.025799305668864778 4.375813455832726 32.33699509790162 -20.45760401442617 17.163406759249057 -23.433190460599263 2.5976633114124725 1.7243844619209876 13.68145817054397 0.5803059498572651
0.029491969656567453 4.3766258777711196 32.33717434093084 -20.457503632619577 17.16352896798503 -23.432987348524307 2.600181477422405 1.7241483113724696 13.681304563892677 0.5783073202523679
0.02949197004181126 4.3766258877711195 32.33717434093084 -20.457503632619577 17.16352896798503 -23.432987348524307 2.600181477422405 1.7241483113724696 13.681304563892677 0.5783073202523679
0.029491969610479986 4.3766258777711196 32.33717435093084 -20.457503632619577 17.16352896798503 -23.432987348524307 2.600181477422405 1.7241483113724696 13.681304563892677 0.5783073202523679
0.02949196963591552 4.3766258777711196 32.33717434093084 -20.457503622619576 17.16352896798503 -23.432987348524307 2.600181477422405 1.7241483113724696 13.681304563892677 0.5783073202523679
0.02949196963738271 4.3766258777711196 32.33717434093084 -20.457503632619577 17.16352897798503 -23.432987348524307 2.600181477422405 1.7241483113724696 13.681304563892677 0.5783073202523679
0.029491969613602 4.3766258777711196 32.33717434093084 -20.457503632619577 17.16352896798503 -23.432987338524306 2.600181477422405 1.7241483113724696 13.681304563892677 0.5783073202523679
0.029491969251400702 4.3766258777711196 32.33717434093084 -20.457503632619577 17.16352896798503 -23.432987348524307 2.6001814874224047 1.7241483113724696 13.681304563892677 0.5783073202523679
0.02949196942519841 4.3766258777711196 32.33717434093084 -20.457503632619577 17.16352896798503 -23.432987348524307 2.600181477422405 1.7241483213724695 13.681304563892677 0.5783073202523679
0.029491969712828626 4.3766258777711196 32.33717434093084 -20.457503632619577 17.16352896798503 -23.432987348524307 2.600181477422405 1.7241483113724696 13.681304573892678 0.5783073202523679
0.029491970315627232 4.3766258777711196 32.33717434093084 -20.457503632619577 17.16352896798503 -23.432987348524307 2.600181477422405 1.7241483113724696 13.681304563892677 0.5783073302523679
0.025797496081620876 4.375820637561424 32.336996682392076 -20.457603127061038 17.163407839562062 -23.43318866510883 2.597685571748199 1.7243823743737523 13.681456812676531 0.5802882722598076
0.025797495801970053 4.375820647561424 32.336996682392076 -20.457603127061038 17.163407839562062 -23.43318866510883 2.597685571748199 1.7243823743737523 13.681456812676531 0.5802882722598076
0.025797495977290197 4.375820637561424 32.33699669239208 -20.457603127061038 17.163407839562062 -23.43318866510883 2.597685571748199 1.7243823743737523 13.681456812676531 0.5802882722598076
0.025797496042561173 4.375820637561424 32.336996682392076 -20.457603117061037 17.163407839562062 -23.43318866510883 2.597685571748199 1.7243823743737523 13.681456812676531 0.5802882722598076
0.02579749604801803 4.375820637561424 32.336996682392076 -20.457603127061038 17.163407849562063 -23.43318866510883 2.597685571748199 1.7243823743737523 13.681456812676531 0.5802882722598076
0.02579749599469821 4.375820637561424 32.336996682392076 -20.457603127061038 17.163407839562062 -23.43318865510883 2.597685571748199 1.7243823743737523 13.681456812676531 0.5802882722598076
0.02579749533855157 4.375820637561424 32.336996682392076 -20.457603127061038 17.163407839562062 -23.43318866510883 2.5976855817481987 1.7243823743737523 13.681456812676531 0.5802882722598076
0.025797494401398526 4.375820637561424 32.336996682392076 -20.457603127061038 17.163407839562062 -23.43318866510883 2.597685571748199 1.7243823843737522 13.681456812676531 0.5802882722598076
0.02579749616914703 4.375820637561424 32.336996682392076 -20.457603127061038 17.163407839562062 -23.43318866510883 2.597685571748199 1.7243823743737523 13.681456822676532 0.5802882722598076
0.025797496224875274 4.375820637561424 32.336996682392076 -20.457603127061038 17.163407839562062 -23.43318866510883 2.597685571748199 1.7243823743737523 13.681456812676531 0.5802882822598077
0.029560521449251833 4.376352096099823 32.33711393702766 -20.457537460729675 17.16348778432122 -23.433055796163043 2.5993328694931748 1.7242278927929058 13.681356328479188 0.5789808439348973
0.0295605218267763 4.376352106099823 32.33711393702766 -20.457537460729675 17.16348778432122 -23.433055796163043 2.5993328694931748 1.7242278927929058 13.681356328479188 0.5789808439348973
0.02956052140005358 4.376352096099823 32.33711394702766 -20.457537460729675 17.16348778432122 -23.433055796163043 2.5993328694931748 1.7242278927929058 13.681356328479188 0.5789808439348973
0.029560521427361694 4.376352096099823 32.33711393702766 -20.457537450729674 17.16348778432122 -23.433055796163043 2.5993328694931748 1.7242278927929058 13.681356328479188 0.5789808439348973
0.029560521429035837 4.376352096099823 32.33711393702766 -20.457537460729675 17.16348779432122 -23.433055796163043 2.5993328694931748 1.7242278927929058 13.681356328479188 0.5789808439348973
0.029560521403567585 4.376352096099823 32.33711393702766 -20.457537460729675 17.16348778432122 -23.43305578616304 2.5993328694931748 1.7242278927929058 13.681356328479188 0.5789808439348973
0.02956052101881074 4.376352096099823 32.33711393702766 -20.457537460729675 17.16348778432122 -23.433055796163043 2.5993328794931747 1.7242278927929058 13.681356328479188 0.5789808439348973
0.029560521175801577 4.376352096099823 32.33711393702766 -20.457537460729675 17.16348778432122 -23.433055796163043 2.5993328694931748 1.7242279027929057 13.681356328479188 0.5789808439348973
0.029560521508009346 4.376352096099823 32.33711393702766 -20.457537460729675 17.16348778432122 -23.433055796163043 2.5993328694931748 1.7242278927929058 13.681356338479189 0.5789808439348973
0.029560522111728632 4.376352096099823 32.33711393702766 -20.457537460729675 17.16348778432122 -23.433055796163043 2.5993328694931748 1.7242278927929058 13.681356328479188 0.5789808539348974
0.025796725981287922 4.375823696637519 32.336997357309926 -20.45760274908554 17.163408299724207 -23.43318790031499 2.5976950535963375 1.7243814851775554 13.68145623428935 0.5802807467005293
0.025796725701706276 4.375823706637519 32.336997357309926 -20.45760274908554 17.163408299724207 -23.43318790031499 2.5976950535963375 1.7243814851775554 13.68145623428935 0.5802807467005293
0.0257967258770025 4.375823696637519 32.33699736730993 -20.45760274908554 17.163408299724207 -23.43318790031499 2.5976950535963375 1.7243814851775554 13.68145623428935 0.5802807467005293
0.025796725942251575 4.375823696637519 32.336997357309926 -20.45760273908554 17.163408299724207 -23.43318790031499 2.5976950535963375 1.7243814851775554 13.68145623428935 0.5802807467005293
0.025796725947703172 4.375823696637519 32.336997357309926 -20.45760274908554 17.163408309724208 -23.43318790031499 2.5976950535963375 1.7243814851775554 13.68145623428935 0.5802807467005293
0.025796725894402295 4.375823696637519 32.336997357309926 -20.45760274908554 17.163408299724207 -23.43318789031499 2.5976950535963375 1.7243814851775554 13.68145623428935 0.5802807467005293
0.025796725238569063 4.375823696637519 32.336997357309926 -20.45760274908554 17.163408299724207 -23.43318790031499 2.5976950635963374 1.7243814851775554 13.68145623428935 0.5802807467005293
0.02579672430155395 4.375823696637519 32.336997357309926 -20.45760274908554 17.163408299724207 -23.43318790031499 2.5976950535963375 1.7243814951775553 13.68145623428935 0.5802807467005293
0.02579672606879552 4.375823696637519 32.336997357309926 -20.45760274908554 17.163408299724207 -23.43318790031499 2.5976950535963375 1.7243814851775554 13.68145624428935 0.5802807467005293
0.025796726124459938 4.375823696637519 32.336997357309926 -20.45760274908554 17.163408299724207 -23.43318790031499 2.5976950535963375 1.7243814851775554 13.68145623428935 0.5802807567005294
0.029606761285999986 4.376172440282639 32.33707429992363 -20.45755965877067 17.163460759558237 -23.433100711574706 2.59877601208825 1.7242801142036865 13.681390296454643 0.5794228108752122
0.029606761658439392 4.376172450282639 32.33707429992363 -20.45755965877067 17.163460759558237 -23.433100711574706 2.59877601208825 1.7242801142036865 13.681390296454643 0.5794228108752122
0.02960676123473213 4.376172440282639 32.33707430992363 -20.45755965877067 17.163460759558237 -23.433100711574706 2.59877601208825 1.7242801142036865 13.681390296454643 0.5794228108752122
0.029606761263292473 4.376172440282639 32.33707429992363 -20.45755964877067 17.163460759558237 -23.433100711574706 2.59877601208825 1.7242801142036865 13.681390296454643 0.5794228108752122
0.02960676126511181 4.376172440282639 32.33707429992363 -20.45755965877067 17.163460769558238 -23.433100711574706 2.59877601208825 1.7242801142036865 13.681390296454643 0.5794228108752122
0.029606761238575002 4.376172440282639 32.33707429992363 -20.45755965877067 17.163460759558237 -23.433100701574705 2.59877601208825 1.7242801142036865 13.681390296454643 0.5794228108752122
0.029606760838979392 4.376172440282639 32.33707429992363 -20.45755965877067 17.163460759558237 -23.433100711574706 2.59877602208825 1.7242801142036865 13.681390296454643 0.5794228108752122
0.029606760985033592 4.376172440282639 32.33707429992363 -20.45755965877067 17.163460759558237 -23.433100711574706 2.59877601208825 1.7242801242036865 13.681390296454643 0.5794228108752122
0.02960676134635561 4.376172440282639 32.33707429992363 -20.45755965877067 17.163460759558237 -23.433100711574706 2.59877601208825 1.7242801142036865 13.681390306454643 0.5794228108752122
0.029606761950685668 4.376172440282639 32.33707429992363 -20.45755965877067 17.163460759558237 -23.433100711574706 2.59877601208825 1.7242801142036865 13.681390296454643 0.5794228208752122
0.025796395441420473 4.375825010107742 32.33699764709824 -20.457602586794856 17.163408497303234 -23.43318757193678 2.597699124801107 1.7243811033849192 13.681455985948244 0.580277515464131
0.025796395161864834 4.375825020107742 32.33699764709824 -20.457602586794856 17.163408497303234 -23.43318757193678 2.597699124801107 1.7243811033849192 13.681455985948244 0.580277515464131
0.025796395337153152 4.375825010107742 32.33699765709824 -20.457602586794856 17.163408497303234 -23.43318757193678 2.597699124801107 1.7243811033849192 13.681455985948244 0.580277515464131
0.025796395402389614 4.375825010107742 32.33699764709824 -20.457602576794855 17.163408497303234 -23.43318757193678 2.597699124801107 1.7243811033849192 13.681455985948244 0.580277515464131
0.025796395407838648 4.375825010107742 32.33699764709824 -20.457602586794856 17.163408507303235 -23.43318757193678 2.597699124801107 1.7243811033849192 13.681455985948244 0.580277515464131
0.02579639535455531 4.375825010107742 32.33699764709824 -20.457602586794856 17.163408497303234 -23.43318756193678 2.597699124801107 1.7243811033849192 13.681455985948244 0.580277515464131
0.025796394698849725 4.375825010107742 32.33699764709824 -20.457602586794856 17.163408497303234 -23.43318757193678 2.597699134801107 1.7243811033849192 13.681455985948244 0.580277515464131
0.025796393761897064 4.375825010107742 32.33699764709824 -20.457602586794856 17.163408497303234 -23.43318757193678 2.597699124801107 1.7243811133849192 13.681455985948244 0.580277515464131
0.02579639552890575 4.375825010107742 32.33699764709824 -20.457602586794856 17.163408497303234 -23.43318757193678 2.597699124801107 1.7243811033849192 13.681455995948244 0.580277515464131
0.02579639558454717 4.375825010107742 32.33699764709824 -20.457602586794856 17.163408497303234 -23.43318757193678 2.597699124801107 1.7243811033849192 13.681455985948244 0.580277525464131
0.029637706222687236 4.3760543140231745 32.337048237962996 -20.45757425429889 17.163442990391534 -23.43313024409781 2.5984098704106215 1.7243144505253056 13.681412630882468 0.5797134104354446
0.02963770659176699 4.376054324023174 32.337048237962996 -20.45757425429889 17.163442990391534 -23.43313024409781 2.5984098704106215 1.7243144505253056 13.681412630882468 0.5797134104354446
0.029637706170044104 4.3760543140231745 32.337048247963 -20.45757425429889 17.163442990391534 -23.43313024409781 2.5984098704106215 1.7243144505253056 13.681412630882468 0.5797134104354446
0.029637706199415595 4.3760543140231745 32.337048237962996 -20.45757424429889 17.163442990391534 -23.43313024409781 2.5984098704106215 1.7243144505253056 13.681412630882468 0.5797134104354446
0.02963770620132483 4.3760543140231745 32.337048237962996 -20.45757425429889 17.163443000391535 -23.43313024409781 2.5984098704106215 1.7243144505253056 13.681412630882468 0.5797134104354446
0.02963770617407518 4.3760543140231745 32.337048237962996 -20.45757425429889 17.163442990391534 -23.43313023409781 2.5984098704106215 1.7243144505253056 13.681412630882468 0.5797134104354446
0.029637705764709074 4.3760543140231745 32.337048237962996 -20.45757425429889 17.163442990391534 -23.43313024409781 2.5984098804106215 1.7243144505253056 13.681412630882468 0.5797134104354446
0.029637705903614052 4.3760543140231745 32.337048237962996 -20.45757425429889 17.163442990391534 -23.43313024409781 2.5984098704106215 1.7243144605253056 13.681412630882468 0.5797134104354446
0.02963770628408936 4.3760543140231745 32.337048237962996 -20.45757425429889 17.163442990391534 -23.43313024409781 2.5984098704106215 1.7243144505253056 13.681412640882469 0.5797134104354446
0.029637706888847655 4.3760543140231745 32.337048237962996 -20.45757425429889 17.163442990391534 -23.43313024409781 2.5984098704106215 1.7243144505253056 13.681412630882468 0.5797134204354446
0.025796252821143336 4.37582557692576 32.33699777215416 -20.45760251675955 17.16340858256695 -23.433187430227676 2.5977008816983553 1.72438093862523 13.681455878778541 0.5802761210488026
0.025796252541603757 4.37582558692576 32.33699777215416 -20.45760251675955 17.16340858256695 -23.433187430227676 2.5977008816983553 1.72438093862523 13.681455878778541 0.5802761210488026
0.025796252716882424 4.37582557692576 32.336997782154164 -20.45760251675955 17.16340858256695 -23.433187430227676 2.5977008816983553 1.72438093862523 13.681455878778541 0.5802761210488026
0.025796252782111614 4.37582557692576 32.33699777215416 -20.45760250675955 17.16340858256695 -23.433187430227676 2.5977008816983553 1.72438093862523 13.681455878778541 0.5802761210488026
0.025796252787568977 4.37582557692576 32.33699777215416 -20.45760251675955 17.163408592566952 -23.433187430227676 2.5977008816983553 1.72438093862523 13.681455878778541 0.5802761210488026
0.02579625273428166 4.37582557692576 32.33699777215416 -20.45760251675955 17.16340858256695 -23.433187420227675 2.5977008816983553 1.72438093862523 13.681455878778541 0.5802761210488026
0.0257962520786279 4.37582557692576 32.33699777215416 -20.45760251675955 17.16340858256695 -23.433187430227676 2.5977008916983553 1.72438093862523 13.681455878778541 0.5802761210488026
0.0257962511417083 4.37582557692576 32.33699777215416 -20.45760251675955 17.16340858256695 -23.433187430227676 2.5977008816983553 1.72438094862523 13.681455878778541 0.5802761210488026
0.02579625290862112 4.37582557692576 32.33699777215416 -20.45760251675955 17.16340858256695 -23.433187430227676 2.5977008816983553 1.72438093862523 13.681455888778542 0.5802761210488026
0.025796252964254203 4.37582557692576 32.33699777215416 -20.45760251675955 17.16340858256695 -23.433187430227676 2.5977008816983553 1.72438093862523 13.681455878778541 0.5802761310488026
0.029658313721891746 4.3759765434100535 32.33703107958799 -20.457583863535515 17.163431291731175 -23.433149687381967 2.598168814248451 1.72433705647928 13.681427335167132 0.5799047320439863
0.029658314088807546 4.375976553410053 32.33703107958799 -20.457583863535515 17.163431291731175 -23.433149687381967 2.598168814248451 1.72433705647928 13.681427335167132 0.5799047320439863
0.029658313668359217 4.3759765434100535 32.33703108958799 -20.457583863535515 17.163431291731175 -23.433149687381967 2.598168814248451 1.72433705647928 13.681427335167132 0.5799047320439863
0.029658313698263303 4.3759765434100535 32.33703107958799 -20.457583853535514 17.163431291731175 -23.433149687381967 2.598168814248451 1.72433705647928 13.681427335167132 0.5799047320439863
0.029658313700228447 4.3759765434100535 32.33703107958799 -20.457583863535515 17.163431301731176 -23.433149687381967 2.598168814248451 1.72433705647928 13.681427335167132 0.5799047320439863
0.029658313672553116 4.3759765434100535 32.33703107958799 -20.457583863535515 17.163431291731175 -23.433149677381966 2.598168814248451 1.72433705647928 13.681427335167132 0.5799047320439863
0.029658313256829914 4.3759765434100535 32.33703107958799 -20.457583863535515 17.163431291731175 -23.433149687381967 2.598168824248451 1.72433705647928 13.681427335167132 0.5799047320439863
0.02965831339093783 4.3759765434100535 32.33703107958799 -20.457583863535515 17.163431291731175 -23.433149687381967 2.598168814248451 1.7243370664792799 13.681427335167132 0.5799047320439863
0.02965831378400353 4.3759765434100535 32.33703107958799 -20.457583863535515 17.163431291731175 -23.433149687381967 2.598168814248451 1.72433705647928 13.681427345167133 0.5799047320439863
0.0296583143890269 4.3759765434100535 32.33703107958799 -20.457583863535515 17.163431291731175 -23.433149687381967 2.598168814248451 1.72433705647928 13.681427335167132 0.5799047420439863
0.025796191077280976 4.375825822331481 32.336997826297534 -20.457602486437537 17.163408619482155 -23.433187368874258 2.597701642352781 1.7243808672919823 13.681455832379067 0.5802755173321127
0.02579619079774318 4.375825832331481 32.336997826297534 -20.457602486437537 17.163408619482155 -23.433187368874258 2.597701642352781 1.7243808672919823 13.681455832379067 0.5802755173321127
0.025796190973024737 4.375825822331481 32.336997836297535 -20.457602486437537 17.163408619482155 -23.433187368874258 2.597701642352781 1.7243808672919823 13.681455832379067 0.5802755173321127
0.025796191038254295 4.375825822331481 32.336997826297534 -20.457602476437536 17.163408619482155 -23.433187368874258 2.597701642352781 1.7243808672919823 13.681455832379067 0.5802755173321127
0.02579619104370912 4.375825822331481 32.336997826297534 -20.457602486437537 17.163408629482156 -23.433187368874258 2.597701642352781 1.7243808672919823 13.681455832379067 0.5802755173321127
0.025796190990422962 4.375825822331481 32.336997826297534 -20.457602486437537 17.163408619482155 -23.433187358874257 2.597701642352781 1.7243808672919823 13.681455832379067 0.5802755173321127
0.025796190334801287 4.375825822331481 32.336997826297534 -20.457602486437537 17.163408619482155 -23.433187368874258 2.597701652352781 1.7243808672919823 13.681455832379067 0.5802755173321127
0.02579618939789282 4.375825822331481 32.336997826297534 -20.457602486437537 17.163408619482155 -23.433187368874258 2.597701642352781 1.7243808772919822 13.681455832379067 0.5802755173321127
0.025796191164754307 4.375825822331481 32.336997826297534 -20.457602486437537 17.163408619482155 -23.433187368874258 2.597701642352781 1.7243808672919823 13.681455842379068 0.5802755173321127
0.025796191220380606 4.375825822331481 32.336997826297534 -20.457602486437537 17.163408619482155 -23.433187368874258 2.597701642352781 1.7243808672919823 13.681455832379067 0.5802755273321127
0.025779375718948318 4.375893022674168 32.33701265257489 -20.457594183249892 17.163418728107427 -23.433170568243455 2.5979099351262946 1.7243613338487846 13.681443126641915 0.5801101993907775
0.025779375440741447 4.375893032674168 32.33701265257489 -20.457594183249892 17.163418728107427 -23.433170568243455 2.5979099351262946 1.7243613338487846 13.681443126641915 0.5801101993907775
0.02577937561559374 4.375893022674168 32.33701266257489 -20.457594183249892 17.163418728107427 -23.433170568243455 2.5979099351262946 1.7243613338487846 13.681443126641915 0.5801101993907775
0.025779375680291285 4.375893022674168 32.33701265257489 -20.45759417324989 17.163418728107427 -23.433170568243455 2.5979099351262946 1.7243613338487846 13.681443126641915 0.5801101993907775
0.025779375685684162 4.375893022674168 32.33701265257489 -20.457594183249892 17.163418738107428 -23.433170568243455 2.5979099351262946 1.7243613338487846 13.681443126641915 0.5801101993907775
0.025779375632869698 4.375893022674168 32.33701265257489 -20.457594183249892 17.163418728107427 -23.433170558243454 2.5979099351262946 1.7243613338487846 13.681443126641915 0.5801101993907775
0.02577937498395583 4.375893022674168 32.33701265257489 -20.457594183249892 17.163418728107427 -23.433170568243455 2.5979099451262946 1.7243613338487846 13.681443126641915 0.5801101993907775
0.02577937405024012 4.375893022674168 32.33701265257489 -20.457594183249892 17.163418728107427 -23.433170568243455 2.5979099351262946 1.7243613438487846 13.681443126641915 0.5801101993907775
0.025779375805702318 4.375893022674168 32.33701265257489 -20.457594183249892 17.163418728107427 -23.433170568243455 2.5979099351262946 1.7243613338487846 13.681443136641915 0.5801101993907775
0.025779375859916843 4.375893022674168 32.33701265257489 -20.457594183249892 17.163418728107427 -23.433170568243455 2.5979099351262946 1.7243613338487846 13.681443126641915 0.5801102093907775
0.02576571949112246 4.375948146359852 32.337024814403534 -20.457587372238404 17.163427020099103 -23.43315678687487 2.5980807953469176 1.7243453107849116 13.681432704268559 0.5799745909418953
0.02576571921400835 4.375948156359852 32.337024814403534 -20.457587372238404 17.163427020099103 -23.43315678687487 2.5980807953469176 1.7243453107849116 13.681432704268559 0.5799745909418953
0.02576571938851711 4.375948146359852 32.337024824403535 -20.457587372238404 17.163427020099103 -23.43315678687487 2.5980807953469176 1.7243453107849116 13.681432704268559 0.5799745909418953
0.02576571945276752 4.375948146359852 32.337024814403534 -20.457587362238403 17.163427020099103 -23.43315678687487 2.5980807953469176 1.7243453107849116 13.681432704268559 0.5799745909418953
0.025765719458120118 4.375948146359852 32.337024814403534 -20.457587372238404 17.163427030099104 -23.43315678687487 2.5980807953469176 1.7243453107849116 13.681432704268559 0.5799745909418953
0.025765719405686963 4.375948146359852 32.337024814403534 -20.457587372238404 17.163427020099103 -23.43315677687487 2.5980807953469176 1.7243453107849116 13.681432704268559 0.5799745909418953
0.025765718762292108 4.375948146359852 32.337024814403534 -20.457587372238404 17.163427020099103 -23.43315678687487 2.5980808053469175 1.7243453107849116 13.681432704268559 0.5799745909418953
0.025765717831186995 4.375948146359852 32.337024814403534 -20.457587372238404 17.163427020099103 -23.43315678687487 2.5980807953469176 1.7243453207849115 13.681432704268559 0.5799745909418953
0.025765719577271952 4.375948146359852 32.337024814403534 -20.457587372238404 17.163427020099103 -23.43315678687487 2.5980807953469176 1.7243453107849116 13.68143271426856 0.5799745909418953
0.0257657196303377 4.375948146359852 32.337024814403534 -20.457587372238404 17.163427020099103 -23.43315678687487 2.5980807953469176 1.7243453107849116 13.681432704268559 0.5799746009418953
0.169656019073297 4.404213108085984 32.34793834950557 -20.453503688231443 17.16690938490862 -23.424082209534003 2.6756432706969457 1.8997322635869072 13.672299044605845 0.5656297373472109
0.16965602482453254 4.404213118085984 32.34793834950557 -20.453503688231443 17.16690938490862 -23.424082209534003 2.6756432706969457 1.8997322635869072 13.672299044605845 0.5656297373472109
0.16965601957829748 4.404213108085984 32.34793835950557 -20.453503688231443 17.16690938490862 -23.424082209534003 2.6756432706969457 1.8997322635869072 13.672299044605845 0.5656297373472109
0.169656019246959 4.404213108085984 32.34793834950557 -20.453503678231442 17.16690938490862 -23.424082209534003 2.6756432706969457 1.8997322635869072 13.672299044605845 0.5656297373472109
0.16965601920253434 4.404213108085984 32.34793834950557 -20.453503688231443 17.166909394908622 -23.424082209534003 2.6756432706969457 1.8997322635869072 13.672299044605845 0.5656297373472109
0.16965601946617515 4.404213108085984 32.34793834950557 -20.453503688231443 17.16690938490862 -23.424082199534002 2.6756432706969457 1.8997322635869072 13.672299044605845 0.5656297373472109
0.16965602254429424 4.404213108085984 32.34793834950557 -20.453503688231443 17.16690938490862 -23.424082209534003 2.6756432806969457 1.8997322635869072 13.672299044605845 0.5656297373472109
0.1696560272565401 4.404213108085984 32.34793834950557 -20.453503688231443 17.16690938490862 -23.424082209534003 2.6756432706969457 1.899732273586907 13.672299044605845 0.5656297373472109
0.16965601879045525 4.404213108085984 32.34793834950557 -20.453503688231443 17.16690938490862 -23.424082209534003 2.6756432706969457 1.8997322635869072 13.672299054605846 0.5656297373472109
0.16965602249168127 4.404213108085984 32.34793834950557 -20.453503688231443 17.16690938490862 -23.424082209534003 2.6756432706969457 1.8997322635869072 13.672299044605845 0.5656297473472109
0.030209494658212762 4.377143306606465 32.337576915990134 -20.45740323991564 17.163559360998644 -23.43273416653794 2.6011657871881932 1.7353189211582316 13.680973068497178 0.5804373840103254
0.03020949548344353 4.377143316606465 32.337576915990134 -20.45740323991564 17.163559360998644 -23.43273416653794 2.6011657871881932 1.7353189211582316 13.680973068497178 0.5804373840103254
0.030209494701667162 4.377143306606465 32.337576925990135 -20.45740323991564 17.163559360998644 -23.43273416653794 2.6011657871881932 1.7353189211582316 13.680973068497178 0.5804373840103254
0.030209494671340157 4.377143306606465 32.337576915990134 -20.457403229915638 17.163559360998644 -23.43273416653794 2.6011657871881932 1.7353189211582316 13.680973068497178 0.5804373840103254
0.03020949466672636 4.377143306606465 32.337576915990134 -20.45740323991564 17.163559370998644 -23.43273416653794 2.6011657871881932 1.7353189211582316 13.680973068497178 0.5804373840103254
0.030209494689198597 4.377143306606465 32.337576915990134 -20.45740323991564 17.163559360998644 -23.43273415653794 2.6011657871881932 1.7353189211582316 13.680973068497178 0.5804373840103254
0.030209494919083677 4.377143306606465 32.337576915990134 -20.45740323991564 17.163559360998644 -23.43273416653794 2.601165797188193 1.7353189211582316 13.680973068497178 0.5804373840103254
0.0302094958565679 4.377143306606465 32.337576915990134 -20.45740323991564 17.163559360998644 -23.43273416653794 2.6011657871881932 1.7353189311582315 13.680973068497178 0.5804373840103254
0.030209494650569966 4.377143306606465 32.337576915990134 -20.45740323991564 17.163559360998644 -23.43273416653794 2.6011657871881932 1.7353189211582316 13.680973078497178 0.5804373840103254
0.030209495439640497 4.377143306606465 32.337576915990134 -20.45740323991564 17.163559360998644 -23.43273416653794 2.6011657871881932 1.7353189211582316 13.680973068497178 0.5804373940103255
0.025735983517553854 4.375504936841911 32.33694980169815 -20.457639255963983 17.16335660451043 -23.4332578166567 2.5966581199556438 1.7253679856359194 13.681498054189863 0.5813336004305089
0.02573598325689456 4.375504946841911 32.33694980169815 -20.457639255963983 17.16335660451043 -23.4332578166567 2.5966581199556438 1.7253679856359194 13.681498054189863 0.5813336004305089
0.025735983414970836 4.375504936841911 32.33694981169815 -20.457639255963983 17.16335660451043 -23.4332578166567 2.5966581199556438 1.7253679856359194 13.681498054189863 0.5813336004305089
0.02573598347904287 4.375504936841911 32.33694980169815 -20.457639245963982 17.16335660451043 -23.4332578166567 2.5966581199556438 1.7253679856359194 13.681498054189863 0.5813336004305089
0.025735983484379665 4.375504936841911 32.33694980169815 -20.457639255963983 17.16335661451043 -23.4332578166567 2.5966581199556438 1.7253679856359194 13.681498054189863 0.5813336004305089
0.02573598343194174 4.375504936841911 32.33694980169815 -20.457639255963983 17.16335660451043 -23.433257806656698 2.5966581199556438 1.7253679856359194 13.681498054189863 0.5813336004305089
0.025735982784354527 4.375504936841911 32.33694980169815 -20.457639255963983 17.16335660451043 -23.4332578166567 2.5966581299556437 1.7253679856359194 13.681498054189863 0.5813336004305089
0.025735981882231692 4.375504936841911 32.33694980169815 -20.457639255963983 17.16335660451043 -23.4332578166567 2.5966581199556438 1.7253679956359194 13.681498054189863 0.5813336004305089
0.025735983604147684 4.375504936841911 32.33694980169815 -20.457639255963983 17.16335660451043 -23.4332578166567 2.5966581199556438 1.7253679856359194 13.681498064189864 0.5813336004305089
0.025735983675900798 4.375504936841911 32.33694980169815 -20.457639255963983 17.16335660451043 -23.4332578166567 2.5966581199556438 1.7253679856359194 13.681498054189863 0.5813336104305089
0.02984895748506642 4.3765862608865165 32.337363697130854 -20.457483485372077 17.163490423792652 -23.43291220757832 2.599633180329126 1.7319356030806454 13.68115156363269 0.5807420975931877
0.02984895815614401 4.376586270886516 32.337363697130854 -20.457483485372077 17.163490423792652 -23.43291220757832 2.599633180329126 1.7319356030806454 13.68115156363269 0.5807420975931877
0.02984895749583133 4.3765862608865165 32.337363707130855 -20.457483485372077 17.163490423792652 -23.43291220757832 2.599633180329126 1.7319356030806454 13.68115156363269 0.5807420975931877
0.029848957485783666 4.3765862608865165 32.337363697130854 -20.457483475372076 17.163490423792652 -23.43291220757832 2.599633180329126 1.7319356030806454 13.68115156363269 0.5807420975931877
0.02984895748341276 4.3765862608865165 32.337363697130854 -20.457483485372077 17.163490433792653 -23.43291220757832 2.599633180329126 1.7319356030806454 13.68115156363269 0.5807420975931877
0.02984895748893757 4.3765862608865165 32.337363697130854 -20.457483485372077 17.163490423792652 -23.432912197578318 2.599633180329126 1.7319356030806454 13.68115156363269 0.5807420975931877
0.029848957500433388 4.3765862608865165 32.337363697130854 -20.457483485372077 17.163490423792652 -23.43291220757832 2.599633190329126 1.7319356030806454 13.68115156363269 0.5807420975931877
0.02984895817662199 4.3765862608865165 32.337363697130854 -20.457483485372077 17.163490423792652 -23.43291220757832 2.599633180329126 1.7319356130806454 13.68115156363269 0.5807420975931877
0.029848957501027087 4.3765862608865165 32.337363697130854 -20.457483485372077 17.163490423792652 -23.43291220757832 2.599633180329126 1.7319356030806454 13.681151573632691 0.5807420975931877
0.02984895823066988 4.3765862608865165 32.337363697130854 -20.457483485372077 17.163490423792652 -23.43291220757832 2.599633180329126 1.7319356030806454 13.68115156363269 0.5807421075931878
0.02976078572199228 4.375557187313922 32.33696980146771 -20.457631729000173 17.163363070768806 -23.433241116540238 2.596801877333048 1.7256853383417894 13.681481311479617 0.5813050185242798
0.02976078612007729 4.375557197313922 32.33696980146771 -20.457631729000173 17.163363070768806 -23.433241116540238 2.596801877333048 1.7256853383417894 13.681481311479617 0.5813050185242798
0.029760785672443592 4.375557187313922 32.33696981146771 -20.457631729000173 17.163363070768806 -23.433241116540238 2.596801877333048 1.7256853383417894 13.681481311479617 0.5813050185242798
0.029760785699764966 4.375557187313922 32.33696980146771 -20.457631719000172 17.163363070768806 -23.433241116540238 2.596801877333048 1.7256853383417894 13.681481311479617 0.5813050185242798
0.029760785701460388 4.375557187313922 32.33696980146771 -20.457631729000173 17.163363080768807 -23.433241116540238 2.596801877333048 1.7256853383417894 13.681481311479617 0.5813050185242798
0.029760785675798273 4.375557187313922 32.33696980146771 -20.457631729000173 17.163363070768806 -23.433241106540237 2.596801877333048 1.7256853383417894 13.681481311479617 0.5813050185242798
0.029760785283527387 4.375557187313922 32.33696980146771 -20.457631729000173 17.163363070768806 -23.433241116540238 2.596801887333048 1.7256853383417894 13.681481311479617 0.5813050185242798
0.029760785470786148 4.375557187313922 32.33696980146771 -20.457631729000173 17.163363070768806 -23.433241116540238 2.596801877333048 1.7256853483417893 13.681481311479617 0.5813050185242798
0.029760785781615343 4.375557187313922 32.33696980146771 -20.457631729000173 17.163363070768806 -23.433241116540238 2.596801877333048 1.7256853383417894 13.681481321479618 0.5813050185242798
0.02976078640698278 4.375557187313922 32.33696980146771 -20.457631729000173 17.163363070768806 -23.433241116540238 2.596801877333048 1.7256853383417894 13.681481311479617 0.5813050285242799
0.025735811256384293 4.375505075755357 32.33694985486966 -20.457639235952747 17.163356621701666 -23.433257772257658 2.5966585021499475 1.7253688293518985 13.681498009677584 0.5813335244424661
0.02573581099574693 4.375505085755357 32.33694985486966 -20.457639235952747 17.163356621701666 -23.433257772257658 2.5966585021499475 1.7253688293518985 13.681498009677584 0.5813335244424661
0.025735811153804956 4.375505075755357 32.33694986486966 -20.457639235952747 17.163356621701666 -23.433257772257658 2.5966585021499475 1.7253688293518985 13.681498009677584 0.5813335244424661
0.02573581121787542 4.375505075755357 32.33694985486966 -20.457639225952747 17.163356621701666 -23.433257772257658 2.5966585021499475 1.7253688293518985 13.681498009677584 0.5813335244424661
0.025735811223205906 4.375505075755357 32.33694985486966 -20.457639235952747 17.163356631701667 -23.433257772257658 2.5966585021499475 1.7253688293518985 13.681498009677584 0.5813335244424661
0.025735811170768858 4.375505075755357 32.33694985486966 -20.457639235952747 17.163356621701666 -23.433257762257657 2.5966585021499475 1.7253688293518985 13.681498009677584 0.5813335244424661
0.025735810523244116 4.375505075755357 32.33694985486966 -20.457639235952747 17.163356621701666 -23.433257772257658 2.5966585121499475 1.7253688293518985 13.681498009677584 0.5813335244424661
0.025735809621175092 4.375505075755357 32.33694985486966 -20.457639235952747 17.163356621701666 -23.433257772257658 2.5966585021499475 1.7253688393518984 13.681498009677584 0.5813335244424661
0.025735811342967783 4.375505075755357 32.33694985486966 -20.457639235952747 17.163356621701666 -23.433257772257658 2.5966585021499475 1.7253688293518985 13.681498019677585 0.5813335244424661
0.025735811414730143 4.375505075755357 32.33694985486966 -20.457639235952747 17.163356621701666 -23.433257772257658 2.5966585021499475 1.7253688293518985 13.681498009677584 0.5813335344424662
0.029768135498173427 4.3755314608725495 32.336959954228455 -20.45763543503355 17.163359886992456 -23.433249339137095 2.5967310958530105 1.7255290841402935 13.681489555048277 0.5813190913298758
0.02976813588969646 4.3755314708725495 32.336959954228455 -20.45763543503355 17.163359886992456 -23.433249339137095 2.5967310958530105 1.7255290841402935 13.681489555048277 0.5813190913298758
0.029768135447141974 4.3755314608725495 32.336959964228456 -20.45763543503355 17.163359886992456 -23.433249339137095 2.5967310958530105 1.7255290841402935 13.681489555048277 0.5813190913298758
0.029768135475370813 4.3755314608725495 32.336959954228455 -20.457635425033548 17.163359886992456 -23.433249339137095 2.5967310958530105 1.7255290841402935 13.681489555048277 0.5813190913298758
0.02976813547716364 4.3755314608725495 32.336959954228455 -20.45763543503355 17.163359896992457 -23.433249339137095 2.5967310958530105 1.7255290841402935 13.681489555048277 0.5813190913298758
0.02976813545077242 4.3755314608725495 32.336959954228455 -20.45763543503355 17.163359886992456 -23.433249329137094 2.5967310958530105 1.7255290841402935 13.681489555048277 0.5813190913298758
0.029768135048576633 4.3755314608725495 32.336959954228455 -20.45763543503355 17.163359886992456 -23.433249339137095 2.5967311058530105 1.7255290841402935 13.681489555048277 0.5813190913298758
0.02976813522372477 4.3755314608725495 32.336959954228455 -20.45763543503355 17.163359886992456 -23.433249339137095 2.5967310958530105 1.7255290941402934 13.681489555048277 0.5813190913298758
0.02976813555884649 4.3755314608725495 32.336959954228455 -20.45763543503355 17.163359886992456 -23.433249339137095 2.5967310958530105 1.7255290841402935 13.681489565048278 0.5813190913298758
0.029768136181768445 4.3755314608725495 32.336959954228455 -20.45763543503355 17.163359886992456 -23.433249339137095 2.5967310958530105 1.7255290841402935 13.681489555048277 0.5813191013298759
0.025735767218732 4.375505111269484 32.33694986846331 -20.457639230836747 17.163356626096718 -23.433257760906756 2.5966585998604086 1.7253690450533805 13.68149799829773 0.5813335050156283
0.025735766958102802 4.375505121269484 32.33694986846331 -20.457639230836747 17.163356626096718 -23.433257760906756 2.5966585998604086 1.7253690450533805 13.68149799829773 0.5813335050156283
0.025735767116158347 4.375505111269484 32.33694987846331 -20.457639230836747 17.163356626096718 -23.433257760906756 2.5966585998604086 1.7253690450533805 13.68149799829773 0.5813335050156283
0.025735767180221213 4.375505111269484 32.33694986846331 -20.457639220836747 17.163356626096718 -23.433257760906756 2.5966585998604086 1.7253690450533805 13.68149799829773 0.5813335050156283
0.025735767185555775 4.375505111269484 32.33694986846331 -20.457639230836747 17.16335663609672 -23.433257760906756 2.5966585998604086 1.7253690450533805 13.68149799829773 0.5813335050156283
0.0257357671331225 4.375505111269484 32.33694986846331 -20.457639230836747 17.163356626096718 -23.433257750906755 2.5966585998604086 1.7253690450533805 13.68149799829773 0.5813335050156283
0.025735766485604446 4.375505111269484 32.33694986846331 -20.457639230836747 17.163356626096718 -23.433257760906756 2.5966586098604085 1.7253690450533805 13.68149799829773 0.5813335050156283
0.02573576558354932 4.375505111269484 32.33694986846331 -20.457639230836747 17.163356626096718 -23.433257760906756 2.5966585998604086 1.7253690550533805 13.68149799829773 0.5813335050156283
0.02573576730531314 4.375505111269484 32.33694986846331 -20.457639230836747 17.163356626096718 -23.433257760906756 2.5966585998604086 1.7253690450533805 13.68149800829773 0.5813335050156283
0.02573576737707614 4.375505111269484 32.33694986846331 -20.457639230836747 17.163356626096718 -23.433257760906756 2.5966585998604086 1.7253690450533805 13.68149799829773 0.5813335150156284
0.02977298875842783 4.375515295871735 32.33695376679552 -20.45763776368957 17.163357886492406 -23.433254505739153 2.5966866208840123 1.7254309030798856 13.681494734827796 0.5813279338631523
0.029772989145928866 4.375515305871735 32.33695376679552 -20.45763776368957 17.163357886492406 -23.433254505739153 2.5966866208840123 1.7254309030798856 13.681494734827796 0.5813279338631523
0.029772988706461178 4.375515295871735 32.33695377679552 -20.45763776368957 17.163357886492406 -23.433254505739153 2.5966866208840123 1.7254309030798856 13.681494734827796 0.5813279338631523
0.029772988735293774 4.375515295871735 32.33695376679552 -20.457637753689568 17.163357886492406 -23.433254505739153 2.5966866208840123 1.7254309030798856 13.681494734827796 0.5813279338631523
0.029772988737153096 4.375515295871735 32.33695376679552 -20.45763776368957 17.163357896492407 -23.433254505739153 2.5966866208840123 1.7254309030798856 13.681494734827796 0.5813279338631523
0.02977298871023657 4.375515295871735 32.33695376679552 -20.45763776368957 17.163357886492406 -23.433254495739153 2.5966866208840123 1.7254309030798856 13.681494734827796 0.5813279338631523
0.02977298830186482 4.375515295871735 32.33695376679552 -20.45763776368957 17.163357886492406 -23.433254505739153 2.596686630884012 1.7254309030798856 13.681494734827796 0.5813279338631523
0.029772988469414785 4.375515295871735 32.33695376679552 -20.45763776368957 17.163357886492406 -23.433254505739153 2.5966866208840123 1.7254309130798855 13.681494734827796 0.5813279338631523
0.029772988819794337 4.375515295871735 32.33695376679552 -20.45763776368957 17.163357886492406 -23.433254505739153 2.5966866208840123 1.7254309030798856 13.681494744827797 0.5813279338631523
0.029772989441170156 4.375515295871735 32.33695376679552 -20.45763776368957 17.163357886492406 -23.433254505739153 2.5966866208840123 1.7254309030798856 13.681494734827796 0.5813279438631523
0.025735767218732 4.375505111269484 32.33694986846331 -20.457639230836747 17.163356626096718 -23.433257760906756 2.5966585998604086 1.7253690450533805 13.68149799829773 0.5813335050156283
0.025735766958102802 4.375505121269484 32.33694986846331 -20.457639230836747 17.163356626096718 -23.433257760906756 2.5966585998604086 1.7253690450533805 13.68149799829773 0.5813335050156283
0.025735767116158347 4.375505111269484 32.33694987846331 -20.457639230836747 17.163356626096718 -23.433257760906756 2.5966585998604086 1.7253690450533805 13.68149799829773 0.5813335050156283
0.025735767180221213 4.375505111269484 32.33694986846331 -20.457639220836747 17.163356626096718 -23.433257760906756 2.5966585998604086 1.7253690450533805 13.68149799829773 0.5813335050156283
0.025735767185555775 4.375505111269484 32.33694986846331 -20.457639230836747 17.16335663609672 -23.433257760906756 2.5966585998604086 1.7253690450533805 13.68149799829773 0.5813335050156283
0.0257357671331225 4.375505111269484 32.33694986846331 -20.457639230836747 17.163356626096718 -23.433257750906755 2.5966585998604086 1.7253690450533805 13.68149799829773 0.5813335050156283
0.025735766485604446 4.375505111269484 32.33694986846331 -20.457639230836747 17.163356626096718 -23.433257760906756 2.5966586098604085 1.7253690450533805 13.68149799829773 0.5813335050156283
0.02573576558354932 4.375505111269484 32.33694986846331 -20.457639230836747 17.163356626096718 -23.433257760906756 2.5966585998604086 1.7253690550533805 13.68149799829773 0.5813335050156283
0.02573576730531314 4.375505111269484 32.33694986846331 -20.457639230836747 17.163356626096718 -23.433257760906756 2.5966585998604086 1.7253690450533805 13.68149800829773 0.5813335050156283
0.02573576737707614 4.375505111269484 32.33694986846331 -20.457639230836747 17.163356626096718 -23.433257760906756 2.5966585998604086 1.7253690450533805 13.68149799829773 0.5813335150156284
0.03034762407948088 4.37661588348261 32.33766299697666 -20.457380368977923 17.163588467359315 -23.432666492732082 2.6013580297424306 1.7374589317753484 13.680828118317788 0.5791111734313475
0.03034762497177724 4.37661589348261 32.33766299697666 -20.457380368977923 17.163588467359315 -23.432666492732082 2.6013580297424306 1.7374589317753484 13.680828118317788 0.5791111734313475
0.030347624138239535 4.37661588348261 32.33766300697666 -20.457380368977923 17.163588467359315 -23.432666492732082 2.6013580297424306 1.7374589317753484 13.680828118317788 0.5791111734313475
0.030347624098462683 4.37661588348261 32.33766299697666 -20.45738035897792 17.163588467359315 -23.432666492732082 2.6013580297424306 1.7374589317753484 13.680828118317788 0.5791111734313475
0.030347624092810284 4.37661588348261 32.33766299697666 -20.457380368977923 17.163588477359315 -23.432666492732082 2.6013580297424306 1.7374589317753484 13.680828118317788 0.5791111734313475
0.03034762412317901 4.37661588348261 32.33766299697666 -20.457380368977923 17.163588467359315 -23.43266648273208 2.6013580297424306 1.7374589317753484 13.680828118317788 0.5791111734313475
0.03034762445658068 4.37661588348261 32.33766299697666 -20.457380368977923 17.163588467359315 -23.432666492732082 2.6013580397424305 1.7374589317753484 13.680828118317788 0.5791111734313475
0.03034762550369328 4.37661588348261 32.33766299697666 -20.457380368977923 17.163588467359315 -23.432666492732082 2.6013580297424306 1.7374589417753483 13.680828118317788 0.5791111734313475
0.03034762406059319 4.37661588348261 32.33766299697666 -20.457380368977923 17.163588467359315 -23.432666492732082 2.6013580297424306 1.7374589317753484 13.680828128317788 0.5791111734313475
0.03034762487228004 4.37661588348261 32.33766299697666 -20.457380368977923 17.163588467359315 -23.432666492732082 2.6013580297424306 1.7374589317753484 13.680828118317788 0.5791111834313476
0.029730022316373426 4.375590266099209 32.33700453884163 -20.457619385780085 17.163374399680723 -23.433212432674612 2.5970188709823185 1.726295888768987 13.681446643470021 0.5811631350104949
0.029730022737847955 4.375590276099209 32.33700453884163 -20.457619385780085 17.163374399680723 -23.433212432674612 2.5970188709823185 1.726295888768987 13.681446643470021 0.5811631350104949
0.029730022272252 4.375590266099209 32.337004548841634 -20.457619385780085 17.163374399680723 -23.433212432674612 2.5970188709823185 1.726295888768987 13.681446643470021 0.5811631350104949
0.029730022296221237 4.375590266099209 32.33700453884163 -20.457619375780084 17.163374399680723 -23.433212432674612 2.5970188709823185 1.726295888768987 13.681446643470021 0.5811631350104949
0.029730022297546066 4.375590266099209 32.33700453884163 -20.457619385780085 17.163374409680724 -23.433212432674612 2.5970188709823185 1.726295888768987 13.681446643470021 0.5811631350104949
0.02973002227467375 4.375590266099209 32.33700453884163 -20.457619385780085 17.163374399680723 -23.43321242267461 2.5970188709823185 1.726295888768987 13.681446643470021 0.5811631350104949
0.029730021918894487 4.375590266099209 32.33700453884163 -20.457619385780085 17.163374399680723 -23.433212432674612 2.5970188809823185 1.726295888768987 13.681446643470021 0.5811631350104949
0.029730022149678625 4.375590266099209 32.33700453884163 -20.457619385780085 17.163374399680723 -23.433212432674612 2.5970188709823185 1.726295898768987 13.681446643470021 0.5811631350104949
0.02973002237204048 4.375590266099209 32.33700453884163 -20.457619385780085 17.163374399680723 -23.433212432674612 2.5970188709823185 1.726295888768987 13.681446653470022 0.5811631350104949
0.029730023006027576 4.375590266099209 32.33700453884163 -20.457619385780085 17.163374399680723 -23.433212432674612 2.5970188709823185 1.726295888768987 13.681446643470021 0.5811631450104949
0.025734384919648235 4.375505749739892 32.33695027836864 -20.45763908204329 17.16335675935877 -23.433257421046587 2.596661301086527 1.7253759943043745 13.681497613251597 0.5813322276223553
0.02573438465923104 4.375505759739892 32.33695027836864 -20.45763908204329 17.16335675935877 -23.433257421046587 2.596661301086527 1.7253759943043745 13.681497613251597 0.5813322276223553
0.025734384817133166 4.375505749739892 32.33695028836864 -20.45763908204329 17.16335675935877 -23.433257421046587 2.596661301086527 1.7253759943043745 13.681497613251597 0.5813322276223553
0.025734384881160532 4.375505749739892 32.33695027836864 -20.45763907204329 17.16335675935877 -23.433257421046587 2.596661301086527 1.7253759943043745 13.681497613251597 0.5813322276223553
0.025734384886484808 4.375505749739892 32.33695027836864 -20.45763908204329 17.16335676935877 -23.433257421046587 2.596661301086527 1.7253759943043745 13.681497613251597 0.5813322276223553
0.02573438483408445 4.375505749739892 32.33695027836864 -20.45763908204329 17.16335675935877 -23.433257411046586 2.596661301086527 1.7253759943043745 13.681497613251597 0.5813322276223553
0.02573438418699827 4.375505749739892 32.33695027836864 -20.45763908204329 17.16335675935877 -23.433257421046587 2.596661311086527 1.7253759943043745 13.681497613251597 0.5813322276223553
0.0257343832853834 4.375505749739892 32.33695027836864 -20.45763908204329 17.16335675935877 -23.433257421046587 2.596661301086527 1.7253760043043744 13.681497613251597 0.5813322276223553
0.025734385006183507 4.375505749739892 32.33695027836864 -20.45763908204329 17.16335675935877 -23.433257421046587 2.596661301086527 1.7253759943043745 13.681497623251598 0.5813322276223553
0.025734385077988347 4.375505749739892 32.33695027836864 -20.45763908204329 17.16335675935877 -23.433257421046587 2.596661301086527 1.7253759943043745 13.681497613251597 0.5813322376223553
0.02974393194222997 4.375561530537041 32.33698609028082 -20.457626082509574 17.16336840197126 -23.433227728721082 2.5968972972177493 1.7259831246510189 13.681463973195758 0.5812206264985273
0.02974393235128269 4.375561540537041 32.33698609028082 -20.457626082509574 17.16336840197126 -23.433227728721082 2.5968972972177493 1.7259831246510189 13.681463973195758 0.5812206264985273
0.029743931895253276 4.375561530537041 32.33698610028082 -20.457626082509574 17.16336840197126 -23.433227728721082 2.5968972972177493 1.7259831246510189 13.681463973195758 0.5812206264985273
0.029743931920969007 4.375561530537041 32.33698609028082 -20.457626072509573 17.16336840197126 -23.433227728721082 2.5968972972177493 1.7259831246510189 13.681463973195758 0.5812206264985273
0.029743931922466122 4.375561530537041 32.33698609028082 -20.457626082509574 17.16336841197126 -23.433227728721082 2.5968972972177493 1.7259831246510189 13.681463973195758 0.5812206264985273
0.029743931898136917 4.375561530537041 32.33698609028082 -20.457626082509574 17.16336840197126 -23.43322771872108 2.5968972972177493 1.7259831246510189 13.681463973195758 0.5812206264985273
0.02974393152323875 4.375561530537041 32.33698609028082 -20.457626082509574 17.16336840197126 -23.433227728721082 2.5968973072177493 1.7259831246510189 13.681463973195758 0.5812206264985273
0.029743931731031837 4.375561530537041 32.33698609028082 -20.457626082509574 17.16336840197126 -23.433227728721082 2.5968972972177493 1.7259831346510188 13.681463973195758 0.5812206264985273
0.029743931999987264 4.375561530537041 32.33698609028082 -20.457626082509574 17.16336840197126 -23.433227728721082 2.5968972972177493 1.7259831246510189 13.681463983195759 0.5812206264985273
0.029743932629291515 4.375561530537041 32.33698609028082 -20.457626082509574 17.16336840197126 -23.433227728721082 2.5968972972177493 1.7259831246510189 13.681463973195758 0.5812206364985274
0.02573378947825247 4.375506024881345 32.33695045501261 -20.457639017922467 17.163356816786514 -23.433257274587767 2.596662465148746 1.725378989003885 13.68149744732041 0.5813316771444673
0.02573378921794026 4.375506034881345 32.33695045501261 -20.457639017922467 17.163356816786514 -23.433257274587767 2.596662465148746 1.725378989003885 13.68149744732041 0.5813316771444673
0.0257337893757664 4.375506024881345 32.33695046501261 -20.457639017922467 17.163356816786514 -23.433257274587767 2.596662465148746 1.725378989003885 13.68149744732041 0.5813316771444673
0.02573378943977976 4.375506024881345 32.33695045501261 -20.457639007922467 17.163356816786514 -23.433257274587767 2.596662465148746 1.725378989003885 13.68149744732041 0.5813316771444673
0.025733789445105335 4.375506024881345 32.33695045501261 -20.457639017922467 17.163356826786515 -23.433257274587767 2.596662465148746 1.725378989003885 13.68149744732041 0.5813316771444673
0.02573378939272681 4.375506024881345 32.33695045501261 -20.457639017922467 17.163356816786514 -23.433257264587766 2.596662465148746 1.725378989003885 13.68149744732041 0.5813316771444673
0.02573378874581352 4.375506024881345 32.33695045501261 -20.457639017922467 17.163356816786514 -23.433257274587767 2.596662475148746 1.725378989003885 13.68149744732041 0.5813316771444673
0.02573378784438752 4.375506024881345 32.33695045501261 -20.457639017922467 17.163356816786514 -23.433257274587767 2.596662465148746 1.725378999003885 13.68149744732041 0.5813316771444673
0.02573378956476465 4.375506024881345 32.33695045501261 -20.457639017922467 17.163356816786514 -23.433257274587767 2.596662465148746 1.725378989003885 13.681497457320411 0.5813316771444673
0.025733789636603558 4.375506024881345 32.33695045501261 -20.457639017922467 17.163356816786514 -23.433257274587767 2.596662465148746 1.725378989003885 13.68149744732041 0.5813316871444674
0.0297539838455922 4.375542658614105 32.33697397428963 -20.45763048054996 17.163364463008445 -23.433237774315756 2.596817454314288 1.7257777185309935 13.68147535439814 0.581258383718147
0.029753984246541326 4.375542668614105 32.33697397428963 -20.45763048054996 17.163364463008445 -23.433237774315756 2.596817454314288 1.7257777185309935 13.68147535439814 0.581258383718147
0.02975398379676368 4.375542658614105 32.33697398428963 -20.45763048054996 17.163364463008445 -23.433237774315756 2.596817454314288 1.7257777185309935 13.68147535439814 0.581258383718147
0.029753983823614813 4.375542658614105 32.33697397428963 -20.457630470549958 17.163364463008445 -23.433237774315756 2.596817454314288 1.7257777185309935 13.68147535439814 0.581258383718147
0.029753983825262648 4.375542658614105 32.33697397428963 -20.45763048054996 17.163364473008446 -23.433237774315756 2.596817454314288 1.7257777185309935 13.68147535439814 0.581258383718147
0.029753983800019996 4.375542658614105 32.33697397428963 -20.45763048054996 17.163364463008445 -23.433237764315756 2.596817454314288 1.7257777185309935 13.68147535439814 0.581258383718147
0.029753983412534102 4.375542658614105 32.33697397428963 -20.45763048054996 17.163364463008445 -23.433237774315756 2.596817464314288 1.7257777185309935 13.68147535439814 0.581258383718147
0.02975398360525344 4.375542658614105 32.33697397428963 -20.45763048054996 17.163364463008445 -23.433237774315756 2.596817454314288 1.7257777285309934 13.68147535439814 0.581258383718147
0.029753983904669358 4.375542658614105 32.33697397428963 -20.45763048054996 17.163364463008445 -23.433237774315756 2.596817454314288 1.7257777185309935 13.68147536439814 0.581258383718147
0.029753984531035376 4.375542658614105 32.33697397428963 -20.45763048054996 17.163364463008445 -23.433237774315756 2.596817454314288 1.7257777185309935 13.68147535439814 0.581258393718147
0.025733531952874637 4.375506143899712 32.33695053142377 -20.457638990185625 17.163356841628122 -23.43325721123385 2.5966629686889537 1.7253802844257178 13.6814973755433 0.5813314390233898
0.025733531692601237 4.375506153899712 32.33695053142377 -20.457638990185625 17.163356841628122 -23.43325721123385 2.5966629686889537 1.7253802844257178 13.6814973755433 0.5813314390233898
0.02573353185040064 4.375506143899712 32.33695054142377 -20.457638990185625 17.163356841628122 -23.43325721123385 2.5966629686889537 1.7253802844257178 13.6814973755433 0.5813314390233898
0.02573353191440643 4.375506143899712 32.33695053142377 -20.457638980185624 17.163356841628122 -23.43325721123385 2.5966629686889537 1.7253802844257178 13.6814973755433 0.5813314390233898
0.02573353191972931 4.375506143899712 32.33695053142377 -20.457638990185625 17.163356851628123 -23.43325721123385 2.5966629686889537 1.7253802844257178 13.6814973755433 0.5813314390233898
0.025733531867352943 4.375506143899712 32.33695053142377 -20.457638990185625 17.163356841628122 -23.43325720123385 2.5966629686889537 1.7253802844257178 13.6814973755433 0.5813314390233898
0.025733531220535257 4.375506143899712 32.33695053142377 -20.457638990185625 17.163356841628122 -23.43325721123385 2.5966629786889537 1.7253802844257178 13.6814973755433 0.5813314390233898
0.025733530319183608 4.375506143899712 32.33695053142377 -20.457638990185625 17.163356841628122 -23.43325721123385 2.5966629686889537 1.7253802944257177 13.6814973755433 0.5813314390233898
0.02573353203938141 4.375506143899712 32.33695053142377 -20.457638990185625 17.163356841628122 -23.43325721123385 2.5966629686889537 1.7253802844257178 13.6814973855433 0.5813314390233898
0.025733532111221577 4.375506143899712 32.33695053142377 -20.457638990185625 17.163356841628122 -23.43325721123385 2.5966629686889537 1.7253802844257178 13.6814973755433 0.5813314490233898
0.029760992267848188 4.375530243611211 32.33696600371523 -20.457633373826084 17.163361871739134 -23.43324438286791 2.5967649292016746 1.7256425909351996 13.681482841587494 0.5812832225219295
0.029760992663487685 4.375530253611211 32.33696600371523 -20.457633373826084 17.163361871739134 -23.43324438286791 2.5967649292016746 1.7256425909351996 13.681482841587494 0.5812832225219295
0.029760992217815405 4.375530243611211 32.336966013715234 -20.457633373826084 17.163361871739134 -23.43324438286791 2.5967649292016746 1.7256425909351996 13.681482841587494 0.5812832225219295
0.02976099224543392 4.375530243611211 32.33696600371523 -20.457633363826083 17.163361871739134 -23.43324438286791 2.5967649292016746 1.7256425909351996 13.681482841587494 0.5812832225219295
0.029760992247179787 4.375530243611211 32.33696600371523 -20.457633373826084 17.163361881739135 -23.43324438286791 2.5967649292016746 1.7256425909351996 13.681482841587494 0.5812832225219295
0.029760992221226207 4.375530243611211 32.33696600371523 -20.457633373826084 17.163361871739134 -23.433244372867907 2.5967649292016746 1.7256425909351996 13.681482841587494 0.5812832225219295
0.029760991825570113 4.375530243611211 32.33696600371523 -20.457633373826084 17.163361871739134 -23.43324438286791 2.5967649392016745 1.7256425909351996 13.681482841587494 0.5812832225219295
0.02976099200839573 4.375530243611211 32.33696600371523 -20.457633373826084 17.163361871739134 -23.43324438286791 2.5967649292016746 1.7256426009351995 13.681482841587494 0.5812832225219295
0.029760992327810327 4.375530243611211 32.33696600371523 -20.457633373826084 17.163361871739134 -23.43324438286791 2.5967649292016746 1.7256425909351996 13.681482851587495 0.5812832225219295
0.0297609929521985 4.375530243611211 32.33696600371523 -20.457633373826084 17.163361871739134 -23.43324438286791 2.5967649292016746 1.7256425909351996 13.681482841587494 0.5812832325219296
0.025733420292803674 4.375506195508676 32.33695056455732 -20.45763897815832 17.163356852399986 -23.433257183762205 2.5966631870349874 1.7253808461489224 13.681497344419176 0.5813313357688888
0.025733420032550136 4.3755062055086755 32.33695056455732 -20.45763897815832 17.163356852399986 -23.433257183762205 2.5966631870349874 1.7253808461489224 13.681497344419176 0.5813313357688888
0.025733420190336462 4.375506195508676 32.33695057455732 -20.45763897815832 17.163356852399986 -23.433257183762205 2.5966631870349874 1.7253808461489224 13.681497344419176 0.5813313357688888
0.025733420254335747 4.375506195508676 32.33695056455732 -20.45763896815832 17.163356852399986 -23.433257183762205 2.5966631870349874 1.7253808461489224 13.681497344419176 0.5813313357688888
0.025733420259660435 4.375506195508676 32.33695056455732 -20.45763897815832 17.163356862399986 -23.433257183762205 2.5966631870349874 1.7253808461489224 13.681497344419176 0.5813313357688888
0.02573342020728305 4.375506195508676 32.33695056455732 -20.45763897815832 17.163356852399986 -23.433257173762204 2.5966631870349874 1.7253808461489224 13.681497344419176 0.5813313357688888
0.02573341956049538 4.375506195508676 32.33695056455732 -20.45763897815832 17.163356852399986 -23.433257183762205 2.5966631970349874 1.7253808461489224 13.681497344419176 0.5813313357688888
0.025733418659194426 4.375506195508676 32.33695056455732 -20.45763897815832 17.163356852399986 -23.433257183762205 2.5966631870349874 1.7253808561489223 13.681497344419176 0.5813313357688888
0.025733420379312446 4.375506195508676 32.33695056455732 -20.45763897815832 17.163356852399986 -23.433257183762205 2.5966631870349874 1.7253808461489224 13.681497354419177 0.5813313357688888
0.02573342045115711 4.375506195508676 32.33695056455732 -20.45763897815832 17.163356852399986 -23.433257183762205 2.5966631870349874 1.7253808461489224 13.681497344419176 0.5813313457688889
0.02976677451580857 4.375520395890934 32.336959681365755 -20.45763566880533 17.1633598163151 -23.43324962484599 2.5967232656901174 1.725535406202624 13.68148878051051 0.5813029249411525
0.029766774907209338 4.375520405890934 32.336959681365755 -20.45763566880533 17.1633598163151 -23.43324962484599 2.5967232656901174 1.725535406202624 13.68148878051051 0.5813029249411525
0.029766774464781737 4.375520395890934 32.336959691365756 -20.45763566880533 17.1633598163151 -23.43324962484599 2.5967232656901174 1.725535406202624 13.68148878051051 0.5813029249411525
0.029766774492989347 4.375520395890934 32.336959681365755 -20.45763565880533 17.1633598163151 -23.43324962484599 2.5967232656901174 1.725535406202624 13.68148878051051 0.5813029249411525
0.02976677449481789 4.375520395890934 32.336959681365755 -20.45763566880533 17.1633598263151 -23.43324962484599 2.5967232656901174 1.725535406202624 13.68148878051051 0.5813029249411525
0.02976677446834482 4.375520395890934 32.336959681365755 -20.45763566880533 17.1633598163151 -23.433249614845987 2.5967232656901174 1.725535406202624 13.68148878051051 0.5813029249411525
0.02976677406621778 4.375520395890934 32.336959681365755 -20.45763566880533 17.1633598163151 -23.43324962484599 2.5967232756901173 1.725535406202624 13.68148878051051 0.5813029249411525
0.029766774241203373 4.375520395890934 32.336959681365755 -20.45763566880533 17.1633598163151 -23.43324962484599 2.5967232656901174 1.725535416202624 13.68148878051051 0.5813029249411525
0.02976677457648271 4.375520395890934 32.336959681365755 -20.45763566880533 17.1633598163151 -23.43324962484599 2.5967232656901174 1.725535406202624 13.68148879051051 0.5813029249411525
0.0297667751993006 4.375520395890934 32.336959681365755 -20.45763566880533 17.1633598163151 -23.43324962484599 2.5967232656901174 1.725535406202624 13.68148878051051 0.5813029349411526
0.025733381464434074 4.375506213455603 32.33695057607945 -20.45763897397585 17.163356856145885 -23.43325717420899 2.59666326296444 1.725381041487188 13.681497333595816 0.5813312998623161
0.025733381204178857 4.375506223455603 32.33695057607945 -20.45763897397585 17.163356856145885 -23.43325717420899 2.59666326296444 1.725381041487188 13.681497333595816 0.5813312998623161
0.02573338136196171 4.375506213455603 32.33695058607945 -20.45763897397585 17.163356856145885 -23.43325717420899 2.59666326296444 1.725381041487188 13.681497333595816 0.5813312998623161
0.025733381425959347 4.375506213455603 32.33695057607945 -20.45763896397585 17.163356856145885 -23.43325717420899 2.59666326296444 1.725381041487188 13.681497333595816 0.5813312998623161
0.025733381431284428 4.375506213455603 32.33695057607945 -20.45763897397585 17.163356866145886 -23.43325717420899 2.59666326296444 1.725381041487188 13.681497333595816 0.5813312998623161
0.02573338137891034 4.375506213455603 32.33695057607945 -20.45763897397585 17.163356856145885 -23.43325716420899 2.59666326296444 1.725381041487188 13.681497333595816 0.5813312998623161
0.02573338073213278 4.375506213455603 32.33695057607945 -20.45763897397585 17.163356856145885 -23.43325717420899 2.59666327296444 1.725381041487188 13.681497333595816 0.5813312998623161
0.025733379830843978 4.375506213455603 32.33695057607945 -20.45763897397585 17.163356856145885 -23.43325717420899 2.59666326296444 1.725381051487188 13.681497333595816 0.5813312998623161
0.025733381550928913 4.375506213455603 32.33695057607945 -20.45763897397585 17.163356856145885 -23.43325717420899 2.59666326296444 1.725381041487188 13.681497343595817 0.5813312998623161
0.025733381622772417 4.375506213455603 32.33695057607945 -20.45763897397585 17.163356856145885 -23.43325717420899 2.59666326296444 1.725381041487188 13.681497333595816 0.5813313098623162
0.029769835726480946 4.375515313744191 32.3369564185692 -20.457636853183132 17.16335875556538 -23.433252330091577 2.5967017642589596 1.7254800910104446 13.681491845430857 0.581313092836146
0.02976983611574668 4.375515323744191 32.3369564185692 -20.457636853183132 17.16335875556538 -23.433252330091577 2.5967017642589596 1.7254800910104446 13.681491845430857 0.581313092836146
0.029769835674957085 4.375515313744191 32.3369564285692 -20.457636853183132 17.16335875556538 -23.433252330091577 2.5967017642589596 1.7254800910104446 13.681491845430857 0.581313092836146
0.0297698357034895 4.375515313744191 32.3369564185692 -20.45763684318313 17.16335875556538 -23.433252330091577 2.5967017642589596 1.7254800910104446 13.681491845430857 0.581313092836146
0.02976983570531325 4.375515313744191 32.3369564185692 -20.457636853183132 17.16335876556538 -23.433252330091577 2.5967017642589596 1.7254800910104446 13.681491845430857 0.581313092836146
0.02976983567862533 4.375515313744191 32.3369564185692 -20.457636853183132 17.16335875556538 -23.433252320091576 2.5967017642589596 1.7254800910104446 13.681491845430857 0.581313092836146
0.029769835273067802 4.375515313744191 32.3369564185692 -20.457636853183132 17.16335875556538 -23.433252330091577 2.5967017742589595 1.7254800910104446 13.681491845430857 0.581313092836146
0.02976983544401507 4.375515313744191 32.3369564185692 -20.457636853183132 17.16335875556538 -23.433252330091577 2.5967017642589596 1.7254801010104446 13.681491845430857 0.581313092836146
0.02976983578753307 4.375515313744191 32.3369564185692 -20.457636853183132 17.16335875556538 -23.433252330091577 2.5967017642589596 1.7254800910104446 13.681491855430858 0.581313092836146
0.029769836409488805 4.375515313744191 32.3369564185692 -20.457636853183132 17.16335875556538 -23.433252330091577 2.5967017642589596 1.7254800910104446 13.681491845430857 0.581313102836146
0.02573336550512979 4.375506220832261 32.33695058081535 -20.457638972256746 17.163356857685546 -23.433257170282367 2.5966632941734327 1.7253811217763289 13.681497329147131 0.5813312851037747
0.025733365244883837 4.3755062308322605 32.33695058081535 -20.457638972256746 17.163356857685546 -23.433257170282367 2.5966632941734327 1.7253811217763289 13.681497329147131 0.5813312851037747
0.025733365402659518 4.375506220832261 32.33695059081535 -20.457638972256746 17.163356857685546 -23.433257170282367 2.5966632941734327 1.7253811217763289 13.681497329147131 0.5813312851037747
0.025733365466663858 4.375506220832261 32.33695058081535 -20.457638962256745 17.163356857685546 -23.433257170282367 2.5966632941734327 1.7253811217763289 13.681497329147131 0.5813312851037747
0.025733365471984904 4.375506220832261 32.33695058081535 -20.457638972256746 17.163356867685547 -23.433257170282367 2.5966632941734327 1.7253811217763289 13.681497329147131 0.5813312851037747
0.025733365419615507 4.375506220832261 32.33695058081535 -20.457638972256746 17.163356857685546 -23.433257160282366 2.5966632941734327 1.7253811217763289 13.681497329147131 0.5813312851037747
0.025733364772837688 4.375506220832261 32.33695058081535 -20.457638972256746 17.163356857685546 -23.433257170282367 2.5966633041734326 1.7253811217763289 13.681497329147131 0.5813312851037747
0.0257333638715551 4.375506220832261 32.33695058081535 -20.457638972256746 17.163356857685546 -23.433257170282367 2.5966632941734327 1.7253811317763288 13.681497329147131 0.5813312851037747
0.02573336559163326 4.375506220832261 32.33695058081535 -20.457638972256746 17.163356857685546 -23.433257170282367 2.5966632941734327 1.7253811217763289 13.681497339147132 0.5813312851037747
0.025733365663477035 4.375506220832261 32.33695058081535 -20.457638972256746 17.163356857685546 -23.433257170282367 2.5966632941734327 1.7253811217763289 13.681497329147131 0.5813312951037748
0.025725641522782127 4.375509796749554 32.336952876595305 -20.457638138900826 17.163357604053857 -23.43325526680831 2.596678423083205 1.7254200428390887 13.6814951725975 0.5813241307350817
0.02572564126375757 4.375509806749554 32.336952876595305 -20.457638138900826 17.163357604053857 -23.43325526680831 2.596678423083205 1.7254200428390887 13.6814951725975 0.5813241307350817
0.025725641420665264 4.375509796749554 32.336952886595306 -20.457638138900826 17.163357604053857 -23.43325526680831 2.596678423083205 1.7254200428390887 13.6814951725975 0.5813241307350817
0.025725641484451483 4.375509796749554 32.336952876595305 -20.457638128900825 17.163357604053857 -23.43325526680831 2.596678423083205 1.7254200428390887 13.6814951725975 0.5813241307350817
0.025725641489754876 4.375509796749554 32.336952876595305 -20.457638138900826 17.163357614053858 -23.43325526680831 2.596678423083205 1.7254200428390887 13.6814951725975 0.5813241307350817
0.025725641437558056 4.375509796749554 32.336952876595305 -20.457638138900826 17.163357604053857 -23.43325525680831 2.596678423083205 1.7254200428390887 13.6814951725975 0.5813241307350817
0.02572564079319675 4.375509796749554 32.336952876595305 -20.457638138900826 17.163357604053857 -23.43325526680831 2.596678433083205 1.7254200428390887 13.6814951725975 0.5813241307350817
0.025725639894383725 4.375509796749554 32.336952876595305 -20.457638138900826 17.163357604053857 -23.43325526680831 2.596678423083205 1.7254200528390886 13.6814951725975 0.5813241307350817
0.02572564160902823 4.375509796749554 32.336952876595305 -20.457638138900826 17.163357604053857 -23.43325526680831 2.596678423083205 1.7254200428390887 13.681495182597502 0.5813241307350817
0.025725641681129452 4.375509796749554 32.336952876595305 -20.457638138900826 17.163357604053857 -23.43325526680831 2.596678423083205 1.7254200428390887 13.6814951725975 0.5813241407350818
0.029770978857193372 4.375513437966014 32.33695521429808 -20.45763729032715 17.16335836405146 -23.433253328575265 2.596693828259203 1.7254596746321837 13.681492976667517 0.5813168457217841
0.02977097924568903 4.375513447966014 32.33695521429808 -20.45763729032715 17.16335836405146 -23.433253328575265 2.596693828259203 1.7254596746321837 13.681492976667517 0.5813168457217841
0.029770978805506384 4.375513437966014 32.33695522429808 -20.45763729032715 17.16335836405146 -23.433253328575265 2.596693828259203 1.7254596746321837 13.681492976667517 0.5813168457217841
0.029770978834173147 4.375513437966014 32.33695521429808 -20.45763728032715 17.16335836405146 -23.433253328575265 2.596693828259203 1.7254596746321837 13.681492976667517 0.5813168457217841
0.02977097883598929 4.375513437966014 32.33695521429808 -20.45763729032715 17.163358374051462 -23.433253328575265 2.596693828259203 1.7254596746321837 13.681492976667517 0.5813168457217841
0.029770978809258098 4.375513437966014 32.33695521429808 -20.45763729032715 17.16335836405146 -23.433253318575265 2.596693828259203 1.7254596746321837 13.681492976667517 0.5813168457217841
0.0297709784024569 4.375513437966014 32.33695521429808 -20.45763729032715 17.16335836405146 -23.433253328575265 2.596693838259203 1.7254596746321837 13.681492976667517 0.5813168457217841
0.029770978571856326 4.375513437966014 32.33695521429808 -20.45763729032715 17.16335836405146 -23.433253328575265 2.596693828259203 1.7254596846321837 13.681492976667517 0.5813168457217841
0.029770978918417353 4.375513437966014 32.33695521429808 -20.45763729032715 17.16335836405146 -23.433253328575265 2.596693828259203 1.7254596746321837 13.681492986667518 0.5813168457217841
0.029770979540104426 4.375513437966014 32.33695521429808 -20.45763729032715 17.16335836405146 -23.433253328575265 2.596693828259203 1.7254596746321837 13.681492976667517 0.5813168557217842
0.0257256389853786 4.375509797926181 32.33695287735071 -20.457638138626617 17.163357604299442 -23.433255266181988 2.5966784280612503 1.7254200556457493 13.681495171887907 0.5813241283809947
0.025725638726344383 4.375509807926181 32.33695287735071 -20.457638138626617 17.163357604299442 -23.433255266181988 2.5966784280612503 1.7254200556457493 13.681495171887907 0.5813241283809947
0.02572563888325816 4.375509797926181 32.33695288735071 -20.457638138626617 17.163357604299442 -23.433255266181988 2.5966784280612503 1.7254200556457493 13.681495171887907 0.5813241283809947
0.025725638947042575 4.375509797926181 32.33695287735071 -20.457638128626616 17.163357604299442 -23.433255266181988 2.5966784280612503 1.7254200556457493 13.681495171887907 0.5813241283809947
0.025725638952340615 4.375509797926181 32.33695287735071 -20.457638138626617 17.163357614299443 -23.433255266181988 2.5966784280612503 1.7254200556457493 13.681495171887907 0.5813241283809947
0.025725638900145224 4.375509797926181 32.33695287735071 -20.457638138626617 17.163357604299442 -23.433255256181987 2.5966784280612503 1.7254200556457493 13.681495171887907 0.5813241283809947
0.025725638255783525 4.375509797926181 32.33695287735071 -20.457638138626617 17.163357604299442 -23.433255266181988 2.59667843806125 1.7254200556457493 13.681495171887907 0.5813241283809947
0.02572563735697079 4.375509797926181 32.33695287735071 -20.457638138626617 17.163357604299442 -23.433255266181988 2.5966784280612503 1.7254200656457492 13.681495171887907 0.5813241283809947
0.025725639071606684 4.375509797926181 32.33695287735071 -20.457638138626617 17.163357604299442 -23.433255266181988 2.5966784280612503 1.7254200556457493 13.681495181887907 0.5813241283809947
0.025725639143712793 4.375509797926181 32.33695287735071 -20.457638138626617 17.163357604299442 -23.433255266181988 2.5966784280612503 1.7254200556457493 13.681495171887907 0.5813241383809947
0.02572563644957592 4.375509799102054 32.336952878105635 -20.457638138352582 17.16335760454487 -23.433255265556067 2.596678433036107 1.7254200684442067 13.681495171178765 0.5813241260284154
0.025725636190557715 4.375509809102054 32.336952878105635 -20.457638138352582 17.16335760454487 -23.433255265556067 2.596678433036107 1.7254200684442067 13.681495171178765 0.5813241260284154
0.025725636347459457 4.375509799102054 32.336952888105635 -20.457638138352582 17.16335760454487 -23.433255265556067 2.596678433036107 1.7254200684442067 13.681495171178765 0.5813241260284154
0.025725636411246484 4.375509799102054 32.336952878105635 -20.45763812835258 17.16335760454487 -23.433255265556067 2.596678433036107 1.7254200684442067 13.681495171178765 0.5813241260284154
0.025725636416545707 4.375509799102054 32.336952878105635 -20.457638138352582 17.16335761454487 -23.433255265556067 2.596678433036107 1.7254200684442067 13.681495171178765 0.5813241260284154
0.025725636364358942 4.375509799102054 32.336952878105635 -20.457638138352582 17.16335760454487 -23.433255255556066 2.596678433036107 1.7254200684442067 13.681495171178765 0.5813241260284154
0.025725635719989252 4.375509799102054 32.336952878105635 -20.457638138352582 17.16335760454487 -23.433255265556067 2.5966784430361067 1.7254200684442067 13.681495171178765 0.5813241260284154
0.0257256348211845 4.375509799102054 32.336952878105635 -20.457638138352582 17.16335760454487 -23.433255265556067 2.596678433036107 1.7254200784442066 13.681495171178765 0.5813241260284154
0.025725636535819052 4.375509799102054 32.336952878105635 -20.457638138352582 17.16335760454487 -23.433255265556067 2.596678433036107 1.7254200684442067 13.681495181178766 0.5813241260284154
0.025725636607931385 4.375509799102054 32.336952878105635 -20.457638138352582 17.16335760454487 -23.433255265556067 2.596678433036107 1.7254200684442067 13.681495171178765 0.5813241360284155
0.029772094480155897 4.375511618534034 32.33695404620186 -20.457637714339867 17.163357984298166 -23.433254297065666 2.596686130647655 1.7254398715381951 13.68149407392314 0.5813204858750998
0.02977209486786637 4.375511628534034 32.33695404620186 -20.457637714339867 17.163357984298166 -23.433254297065666 2.596686130647655 1.7254398715381951 13.68149407392314 0.5813204858750998
0.029772094428271608 4.375511618534034 32.33695405620186 -20.457637714339867 17.163357984298166 -23.433254297065666 2.596686130647655 1.7254398715381951 13.68149407392314 0.5813204858750998
0.029772094457005207 4.375511618534034 32.33695404620186 -20.457637704339867 17.163357984298166 -23.433254297065666 2.596686130647655 1.7254398715381951 13.68149407392314 0.5813204858750998
0.029772094458863748 4.375511618534034 32.33695404620186 -20.457637714339867 17.163357994298167 -23.433254297065666 2.596686130647655 1.7254398715381951 13.68149407392314 0.5813204858750998
0.029772094431991348 4.375511618534034 32.33695404620186 -20.457637714339867 17.163357984298166 -23.433254287065665 2.596686130647655 1.7254398715381951 13.68149407392314 0.5813204858750998
0.02977209402399025 4.375511618534034 32.33695404620186 -20.457637714339867 17.163357984298166 -23.433254297065666 2.596686140647655 1.7254398715381951 13.68149407392314 0.5813204858750998
0.02977209419198606 4.375511618534034 32.33695404620186 -20.457637714339867 17.163357984298166 -23.433254297065666 2.596686130647655 1.725439881538195 13.68149407392314 0.5813204858750998
0.029772094541472553 4.375511618534034 32.33695404620186 -20.457637714339867 17.163357984298166 -23.433254297065666 2.596686130647655 1.7254398715381951 13.681494083923141 0.5813204858750998
0.02977209516287086 4.375511618534034 32.33695404620186 -20.457637714339867 17.163357984298166 -23.433254297065666 2.596686130647655 1.7254398715381951 13.68149407392314 0.5813204958750998
0.025725635815857174 4.375509799395918 32.3369528782943 -20.4576381382841 17.163357604606208 -23.43325526539964 2.596678434279379 1.725420071642684 13.681495171001544 0.5813241254404797
0.02572563555682909 4.375509809395918 32.3369528782943 -20.4576381382841 17.163357604606208 -23.43325526539964 2.596678434279379 1.725420071642684 13.681495171001544 0.5813241254404797
0.025725635713738707 4.375509799395918 32.3369528882943 -20.4576381382841 17.163357604606208 -23.43325526539964 2.596678434279379 1.725420071642684 13.681495171001544 0.5813241254404797
0.025725635777521575 4.375509799395918 32.3369528782943 -20.4576381282841 17.163357604606208 -23.43325526539964 2.596678434279379 1.725420071642684 13.681495171001544 0.5813241254404797
0.025725635782823063 4.375509799395918 32.3369528782943 -20.4576381382841 17.16335761460621 -23.43325526539964 2.596678434279379 1.725420071642684 13.681495171001544 0.5813241254404797
0.025725635730634303 4.375509799395918 32.3369528782943 -20.4576381382841 17.163357604606208 -23.43325525539964 2.596678434279379 1.725420071642684 13.681495171001544 0.5813241254404797
0.02572563508627471 4.375509799395918 32.3369528782943 -20.4576381382841 17.163357604606208 -23.43325526539964 2.596678444279379 1.725420071642684 13.681495171001544 0.5813241254404797
0.02572563418746624 4.375509799395918 32.3369528782943 -20.4576381382841 17.163357604606208 -23.43325526539964 2.596678434279379 1.725420081642684 13.681495171001544 0.5813241254404797
0.02572563590209641 4.375509799395918 32.3369528782943 -20.4576381382841 17.163357604606208 -23.43325526539964 2.596678434279379 1.725420071642684 13.681495181001544 0.5813241254404797
0.0257256359742019 4.375509799395918 32.3369528782943 -20.4576381382841 17.163357604606208 -23.43325526539964 2.596678434279379 1.725420071642684 13.681495171001544 0.5813241354404798
0.029772475262406364 4.375511000027075 32.33695364911329 -20.457637858480904 17.1633578552029 -23.433254626299217 2.596683513882441 1.7254331395737212 13.681494446929797 0.581321723327329
0.029772475649819944 4.375511010027075 32.33695364911329 -20.457637858480904 17.1633578552029 -23.433254626299217 2.596683513882441 1.7254331395737212 13.681494446929797 0.581321723327329
0.029772475210473465 4.375511000027075 32.33695365911329 -20.457637858480904 17.1633578552029 -23.433254626299217 2.596683513882441 1.7254331395737212 13.681494446929797 0.581321723327329
0.02977247523925638 4.375511000027075 32.33695364911329 -20.457637848480903 17.1633578552029 -23.433254626299217 2.596683513882441 1.7254331395737212 13.681494446929797 0.581321723327329
0.029772475241107977 4.375511000027075 32.33695364911329 -20.457637858480904 17.1633578652029 -23.433254626299217 2.596683513882441 1.7254331395737212 13.681494446929797 0.581321723327329
0.02977247521424586 4.375511000027075 32.33695364911329 -20.457637858480904 17.1633578552029 -23.433254616299216 2.596683513882441 1.7254331395737212 13.681494446929797 0.581321723327329
0.02977247480580769 4.375511000027075 32.33695364911329 -20.457637858480904 17.1633578552029 -23.433254626299217 2.596683523882441 1.7254331395737212 13.681494446929797 0.581321723327329
0.029772474973328848 4.375511000027075 32.33695364911329 -20.457637858480904 17.1633578552029 -23.433254626299217 2.596683513882441 1.7254331495737212 13.681494446929797 0.581321723327329
0.029772475323771593 4.375511000027075 32.33695364911329 -20.457637858480904 17.1633578552029 -23.433254626299217 2.596683513882441 1.7254331395737212 13.681494456929798 0.581321723327329
0.029772475945093052 4.375511000027075 32.33695364911329 -20.457637858480904 17.1633578552029 -23.433254626299217 2.596683513882441 1.7254331395737212 13.681494446929797 0.5813217333273291
0.15733087619974245 4.401568031305715 32.347207233057745 -20.453788152324556 17.166674248387775 -23.42469681140247 2.669971355825104 1.8888873140703464 13.672839885204871 0.5654990911068565
0.1573308816331786 4.4015680413057146 32.347207233057745 -20.453788152324556 17.166674248387775 -23.42469681140247 2.669971355825104 1.8888873140703464 13.672839885204871 0.5654990911068565
0.15733087669362783 4.401568031305715 32.347207243057746 -20.453788152324556 17.166674248387775 -23.42469681140247 2.669971355825104 1.8888873140703464 13.672839885204871 0.5654990911068565
0.1573308763706903 4.401568031305715 32.347207233057745 -20.453788142324555 17.166674248387775 -23.42469681140247 2.669971355825104 1.8888873140703464 13.672839885204871 0.5654990911068565
0.15733087632773185 4.401568031305715 32.347207233057745 -20.453788152324556 17.166674258387776 -23.42469681140247 2.669971355825104 1.8888873140703464 13.672839885204871 0.5654990911068565
0.15733087658536818 4.401568031305715 32.347207233057745 -20.453788152324556 17.166674248387775 -23.42469680140247 2.669971355825104 1.8888873140703464 13.672839885204871 0.5654990911068565
0.1573308796135751 4.401568031305715 32.347207233057745 -20.453788152324556 17.166674248387775 -23.42469681140247 2.669971365825104 1.8888873140703464 13.672839885204871 0.5654990911068565
0.15733088418400273 4.401568031305715 32.347207233057745 -20.453788152324556 17.166674248387775 -23.42469681140247 2.669971355825104 1.8888873240703463 13.672839885204871 0.5654990911068565
0.15733087591931177 4.401568031305715 32.347207233057745 -20.453788152324556 17.166674248387775 -23.42469681140247 2.669971355825104 1.8888873140703464 13.672839895204872 0.5654990911068565
0.15733087939923165 4.401568031305715 32.347207233057745 -20.453788152324556 17.166674248387775 -23.42469681140247 2.669971355825104 1.8888873140703464 13.672839885204871 0.5654991011068565
0.030150696153356783 4.37703375094088 32.33755148234315 -20.457413357780958 17.16355121093379 -23.43275564498809 2.600958531987401 1.7349597015366105 13.680990183550387 0.5804047866202755
0.030150696960373414 4.37703376094088 32.33755148234315 -20.457413357780958 17.16355121093379 -23.43275564498809 2.600958531987401 1.7349597015366105 13.680990183550387 0.5804047866202755
0.03015069619308485 4.37703375094088 32.33755149234315 -20.457413357780958 17.16355121093379 -23.43275564498809 2.600958531987401 1.7349597015366105 13.680990183550387 0.5804047866202755
0.030150696165061854 4.37703375094088 32.33755148234315 -20.457413347780957 17.16355121093379 -23.43275564498809 2.600958531987401 1.7349597015366105 13.680990183550387 0.5804047866202755
0.030150696160726395 4.37703375094088 32.33755148234315 -20.457413357780958 17.16355122093379 -23.43275564498809 2.600958531987401 1.7349597015366105 13.680990183550387 0.5804047866202755
0.030150696181265965 4.37703375094088 32.33755148234315 -20.457413357780958 17.16355121093379 -23.43275563498809 2.600958531987401 1.7349597015366105 13.680990183550387 0.5804047866202755
0.030150696386329945 4.37703375094088 32.33755148234315 -20.457413357780958 17.16355121093379 -23.43275564498809 2.600958541987401 1.7349597015366105 13.680990183550387 0.5804047866202755
0.03015069729343347 4.37703375094088 32.33755148234315 -20.457413357780958 17.16355121093379 -23.43275564498809 2.600958531987401 1.7349597115366104 13.680990183550387 0.5804047866202755
0.030150696148410976 4.37703375094088 32.33755148234315 -20.457413357780958 17.16355121093379 -23.43275564498809 2.600958531987401 1.7349597015366105 13.680990193550388 0.5804047866202755
0.030150696930227636 4.37703375094088 32.33755148234315 -20.457413357780958 17.16355121093379 -23.43275564498809 2.600958531987401 1.7349597015366105 13.680990183550387 0.5804047966202756
0.029747272957991344 4.375604892222469 32.336989138415134 -20.457624487121024 17.163369327494465 -23.43322498561915 2.5969392751126823 1.725995068871525 13.681464851022817 0.5812728835308679
0.029747273368862896 4.375604902222469 32.336989138415134 -20.457624487121024 17.163369327494465 -23.43322498561915 2.5969392751126823 1.725995068871525 13.681464851022817 0.5812728835308679
0.029747272911359805 4.375604892222469 32.336989148415135 -20.457624487121024 17.163369327494465 -23.43322498561915 2.5969392751126823 1.725995068871525 13.681464851022817 0.5812728835308679
0.029747272936888943 4.375604892222469 32.336989138415134 -20.457624477121023 17.163369327494465 -23.43322498561915 2.5969392751126823 1.725995068871525 13.681464851022817 0.5812728835308679
0.029747272938373592 4.375604892222469 32.336989138415134 -20.457624487121024 17.163369337494466 -23.43322498561915 2.5969392751126823 1.725995068871525 13.681464851022817 0.5812728835308679
0.02974727291423118 4.375604892222469 32.336989138415134 -20.457624487121024 17.163369327494465 -23.43322497561915 2.5969392751126823 1.725995068871525 13.681464851022817 0.5812728835308679
0.029747272541478437 4.375604892222469 32.336989138415134 -20.457624487121024 17.163369327494465 -23.43322498561915 2.5969392851126822 1.725995068871525 13.681464851022817 0.5812728835308679
0.02974727275255089 4.375604892222469 32.336989138415134 -20.457624487121024 17.163369327494465 -23.43322498561915 2.5969392751126823 1.725995078871525 13.681464851022817 0.5812728835308679
0.02974727301550448 4.375604892222469 32.336989138415134 -20.457624487121024 17.163369327494465 -23.43322498561915 2.5969392751126823 1.725995068871525 13.681464861022818 0.5812728835308679
0.02974727364569248 4.375604892222469 32.336989138415134 -20.457624487121024 17.163369327494465 -23.43322498561915 2.5969392751126823 1.725995068871525 13.681464851022817 0.581272893530868
0.025735103084060296 4.375505630793206 32.3369500729279 -20.457639154071494 17.16335669222835 -23.43325759025756 2.596660061236024 1.7253723045354163 13.681497825711729 0.5813331893812469
0.025735102823537 4.375505640793206 32.3369500729279 -20.457639154071494 17.16335669222835 -23.43325759025756 2.596660061236024 1.7253723045354163 13.681497825711729 0.5813331893812469
0.025735102981513304 4.375505630793206 32.3369500829279 -20.457639154071494 17.16335669222835 -23.43325759025756 2.596660061236024 1.7253723045354163 13.681497825711729 0.5813331893812469
0.025735103045562244 4.375505630793206 32.3369500729279 -20.457639144071493 17.16335669222835 -23.43325759025756 2.596660061236024 1.7253723045354163 13.681497825711729 0.5813331893812469
0.025735103050888063 4.375505630793206 32.3369500729279 -20.457639154071494 17.163356702228352 -23.43325759025756 2.596660061236024 1.7253723045354163 13.681497825711729 0.5813331893812469
0.02573510299847524 4.375505630793206 32.3369500729279 -20.457639154071494 17.16335669222835 -23.43325758025756 2.596660061236024 1.7253723045354163 13.681497825711729 0.5813331893812469
0.02573510235116556 4.375505630793206 32.3369500729279 -20.457639154071494 17.16335669222835 -23.43325759025756 2.596660071236024 1.7253723045354163 13.681497825711729 0.5813331893812469
0.025735101449330205 4.375505630793206 32.3369500729279 -20.457639154071494 17.16335669222835 -23.43325759025756 2.596660061236024 1.7253723145354163 13.681497825711729 0.5813331893812469
0.025735103170619892 4.375505630793206 32.3369500729279 -20.457639154071494 17.16335669222835 -23.43325759025756 2.596660061236024 1.7253723045354163 13.68149783571173 0.5813331893812469
0.02573510324240516 4.375505630793206 32.3369500729279 -20.457639154071494 17.16335669222835 -23.43325759025756 2.596660061236024 1.7253723045354163 13.681497825711729 0.581333199381247
0.029756215102207495 4.375571143336519 32.33697585614947 -20.457629473884182 17.163365031503986 -23.43323607119621 2.596844342394619 1.7257833289972482 13.681476062417048 0.5812933875199968
0.02975621550428664 4.375571153336519 32.33697585614947 -20.457629473884182 17.163365031503986 -23.43323607119621 2.596844342394619 1.7257833289972482 13.681476062417048 0.5812933875199968
0.02975621505354981 4.375571143336519 32.33697586614947 -20.457629473884182 17.163365031503986 -23.43323607119621 2.596844342394619 1.7257833289972482 13.681476062417048 0.5812933875199968
0.029756215080317575 4.375571143336519 32.33697585614947 -20.45762946388418 17.163365031503986 -23.43323607119621 2.596844342394619 1.7257833289972482 13.681476062417048 0.5812933875199968
0.029756215081947 4.375571143336519 32.33697585614947 -20.457629473884182 17.163365041503987 -23.43323607119621 2.596844342394619 1.7257833289972482 13.681476062417048 0.5812933875199968
0.029756215056758 4.375571143336519 32.33697585614947 -20.457629473884182 17.163365031503986 -23.433236061196208 2.596844342394619 1.7257833289972482 13.681476062417048 0.5812933875199968
0.029756214670646586 4.375571143336519 32.33697585614947 -20.457629473884182 17.163365031503986 -23.43323607119621 2.5968443523946187 1.7257833289972482 13.681476062417048 0.5812933875199968
0.02975621486533699 4.375571143336519 32.33697585614947 -20.457629473884182 17.163365031503986 -23.43323607119621 2.596844342394619 1.7257833389972481 13.681476062417048 0.5812933875199968
0.029756215161195372 4.375571143336519 32.33697585614947 -20.457629473884182 17.163365031503986 -23.43323607119621 2.596844342394619 1.7257833289972482 13.681476072417048 0.5812933875199968
0.029756215788031833 4.375571143336519 32.33697585614947 -20.457629473884182 17.163365031503986 -23.43323607119621 2.596844342394619 1.7257833289972482 13.681476062417048 0.5812933975199969
0.025734815901414233 4.375505855489324 32.33695016135966 -20.457639120870212 17.163356720830553 -23.43325751645109 2.5966606932869127 1.7253737142746335 13.681497751067582 0.5813330528680952
0.025734815640940933 4.375505865489324 32.33695016135966 -20.457639120870212 17.163356720830553 -23.43325751645109 2.5966606932869127 1.7253737142746335 13.681497751067582 0.5813330528680952
0.025734815798880754 4.375505855489324 32.33695017135966 -20.457639120870212 17.163356720830553 -23.43325751645109 2.5966606932869127 1.7253737142746335 13.681497751067582 0.5813330528680952
0.02573481586291564 4.375505855489324 32.33695016135966 -20.45763911087021 17.163356720830553 -23.43325751645109 2.5966606932869127 1.7253737142746335 13.681497751067582 0.5813330528680952
0.025734815868248488 4.375505855489324 32.33695016135966 -20.457639120870212 17.163356730830554 -23.43325751645109 2.5966606932869127 1.7253737142746335 13.681497751067582 0.5813330528680952
0.025734815815831837 4.375505855489324 32.33695016135966 -20.457639120870212 17.163356720830553 -23.43325750645109 2.5966606932869127 1.7253737142746335 13.681497751067582 0.5813330528680952
0.025734815168618357 4.375505855489324 32.33695016135966 -20.457639120870212 17.163356720830553 -23.43325751645109 2.5966607032869127 1.7253737142746335 13.681497751067582 0.5813330528680952
0.025734814266875638 4.375505855489324 32.33695016135966 -20.457639120870212 17.163356720830553 -23.43325751645109 2.5966606932869127 1.7253737242746334 13.681497751067582 0.5813330528680952
0.02573481598796121 4.375505855489324 32.33695016135966 -20.457639120870212 17.163356720830553 -23.43325751645109 2.5966606932869127 1.7253737142746335 13.681497761067583 0.5813330528680952
0.025734816059762484 4.375505855489324 32.33695016135966 -20.457639120870212 17.163356720830553 -23.43325751645109 2.5966606932869127 1.7253737142746335 13.681497751067582 0.5813330628680953
0.029762554810935767 4.3755489454684735 32.336967119920935 -20.457632753859432 17.163362205875018 -23.433243362582868 2.5967819016979985 1.725644059991559 13.68148343655823 0.5813068737383502
0.029762555207244763 4.3755489554684734 32.336967119920935 -20.457632753859432 17.163362205875018 -23.433243362582868 2.5967819016979985 1.725644059991559 13.68148343655823 0.5813068737383502
0.029762554761007417 4.3755489454684735 32.336967129920936 -20.457632753859432 17.163362205875018 -23.433243362582868 2.5967819016979985 1.725644059991559 13.68148343655823 0.5813068737383502
0.029762554788564793 4.3755489454684735 32.336967119920935 -20.45763274385943 17.163362205875018 -23.433243362582868 2.5967819016979985 1.725644059991559 13.68148343655823 0.5813068737383502
0.029762554790283148 4.3755489454684735 32.336967119920935 -20.457632753859432 17.16336221587502 -23.433243362582868 2.5967819016979985 1.725644059991559 13.68148343655823 0.5813068737383502
0.02976255476440626 4.3755489454684735 32.336967119920935 -20.457632753859432 17.163362205875018 -23.433243352582867 2.5967819016979985 1.725644059991559 13.68148343655823 0.5813068737383502
0.029762554369475253 4.3755489454684735 32.336967119920935 -20.457632753859432 17.163362205875018 -23.433243362582868 2.5967819116979984 1.725644059991559 13.68148343655823 0.5813068737383502
0.029762554553470367 4.3755489454684735 32.336967119920935 -20.457632753859432 17.163362205875018 -23.433243362582868 2.5967819016979985 1.725644069991559 13.68148343655823 0.5813068737383502
0.029762554870834533 4.3755489454684735 32.336967119920935 -20.457632753859432 17.163362205875018 -23.433243362582868 2.5967819016979985 1.725644059991559 13.68148344655823 0.5813068737383502
0.029762555495541007 4.3755489454684735 32.336967119920935 -20.457632753859432 17.163362205875018 -23.433243362582868 2.5967819016979985 1.725644059991559 13.68148343655823 0.5813068837383503
0.025734691395270508 4.375505952913402 32.33695019970204 -20.45763910647475 17.163356733231936 -23.43325748444997 2.5966609673324763 1.7253743255114584 13.681497718703262 0.58133299367852
0.025734691134821446 4.375505962913402 32.33695019970204 -20.45763910647475 17.163356733231936 -23.43325748444997 2.5966609673324763 1.7253743255114584 13.681497718703262 0.58133299367852
0.025734691292743615 4.375505952913402 32.33695020970204 -20.45763910647475 17.163356733231936 -23.43325748444997 2.5966609673324763 1.7253743255114584 13.681497718703262 0.58133299367852
0.025734691356780387 4.375505952913402 32.33695019970204 -20.45763909647475 17.163356733231936 -23.43325748444997 2.5966609673324763 1.7253743255114584 13.681497718703262 0.58133299367852
0.0257346913621098 4.375505952913402 32.33695019970204 -20.45763910647475 17.163356743231937 -23.43325748444997 2.5966609673324763 1.7253743255114584 13.681497718703262 0.58133299367852
0.025734691309703708 4.375505952913402 32.33695019970204 -20.45763910647475 17.163356733231936 -23.43325747444997 2.5966609673324763 1.7253743255114584 13.681497718703262 0.58133299367852
0.025734690662521664 4.375505952913402 32.33695019970204 -20.45763910647475 17.163356733231936 -23.43325748444997 2.5966609773324763 1.7253743255114584 13.681497718703262 0.58133299367852
0.02573468976081659 4.375505952913402 32.33695019970204 -20.45763910647475 17.163356733231936 -23.43325748444997 2.5966609673324763 1.7253743355114584 13.681497718703262 0.58133299367852
0.025734691481813825 4.375505952913402 32.33695019970204 -20.45763910647475 17.163356733231936 -23.43325748444997 2.5966609673324763 1.7253743255114584 13.681497728703263 0.58133299367852
0.025734691553617496 4.375505952913402 32.33695019970204 -20.45763910647475 17.163356733231936 -23.43325748444997 2.5966609673324763 1.7253743255114584 13.681497718703262 0.58133300367852
0.029766927814573158 4.375534327999749 32.33696136704651 -20.45763491374864 17.163360345176372 -23.433248164017684 2.596740784013721 1.725552350268325 13.68148829248754 0.581315754518008
0.029766928207033968 4.375534337999749 32.33696136704651 -20.45763491374864 17.163360345176372 -23.433248164017684 2.596740784013721 1.725552350268325 13.68148829248754 0.581315754518008
0.029766927763768075 4.375534327999749 32.336961377046514 -20.45763491374864 17.163360345176372 -23.433248164017684 2.596740784013721 1.725552350268325 13.68148829248754 0.581315754518008
0.02976692779184943 4.375534327999749 32.33696136704651 -20.45763490374864 17.163360345176372 -23.433248164017684 2.596740784013721 1.725552350268325 13.68148829248754 0.581315754518008
0.029766927793650512 4.375534327999749 32.33696136704651 -20.45763491374864 17.163360355176373 -23.433248164017684 2.596740784013721 1.725552350268325 13.68148829248754 0.581315754518008
0.029766927767295566 4.375534327999749 32.33696136704651 -20.45763491374864 17.163360345176372 -23.433248154017683 2.596740784013721 1.725552350268325 13.68148829248754 0.581315754518008
0.029766927366583006 4.375534327999749 32.33696136704651 -20.45763491374864 17.163360345176372 -23.433248164017684 2.596740794013721 1.725552350268325 13.68148829248754 0.581315754518008
0.029766927543492916 4.375534327999749 32.33696136704651 -20.45763491374864 17.163360345176372 -23.433248164017684 2.596740784013721 1.725552360268325 13.68148829248754 0.581315754518008
0.029766927875091494 4.375534327999749 32.33696136704651 -20.45763491374864 17.163360345176372 -23.433248164017684 2.596740784013721 1.725552350268325 13.68148830248754 0.581315754518008
0.029766928498337394 4.375534327999749 32.33696136704651 -20.45763491374864 17.163360345176372 -23.433248164017684 2.596740784013721 1.725552350268325 13.68148829248754 0.581315764518008
0.025734637327238352 4.3755059952223965 32.33695021635323 -20.457639100223137 17.163356738617566 -23.433257470552633 2.5966610863440436 1.7253745909572897 13.681497704648196 0.5813329679738743
0.025734637066791955 4.375506005222396 32.33695021635323 -20.457639100223137 17.163356738617566 -23.433257470552633 2.5966610863440436 1.7253745909572897 13.681497704648196 0.5813329679738743
0.025734637224716164 4.3755059952223965 32.33695022635323 -20.457639100223137 17.163356738617566 -23.433257470552633 2.5966610863440436 1.7253745909572897 13.681497704648196 0.5813329679738743
0.025734637288745067 4.3755059952223965 32.33695021635323 -20.457639090223136 17.163356738617566 -23.433257470552633 2.5966610863440436 1.7253745909572897 13.681497704648196 0.5813329679738743
0.02573463729407108 4.3755059952223965 32.33695021635323 -20.457639100223137 17.163356748617566 -23.433257470552633 2.5966610863440436 1.7253745909572897 13.681497704648196 0.5813329679738743
0.025734637241668707 4.3755059952223965 32.33695021635323 -20.457639100223137 17.163356738617566 -23.433257460552632 2.5966610863440436 1.7253745909572897 13.681497704648196 0.5813329679738743
0.02573463659450527 4.3755059952223965 32.33695021635323 -20.457639100223137 17.163356738617566 -23.433257470552633 2.5966610963440435 1.7253745909572897 13.681497704648196 0.5813329679738743
0.02573463569281765 4.3755059952223965 32.33695021635323 -20.457639100223137 17.163356738617566 -23.433257470552633 2.5966610863440436 1.7253746009572897 13.681497704648196 0.5813329679738743
0.025734637413778495 4.3755059952223965 32.33695021635323 -20.457639100223137 17.163356738617566 -23.433257470552633 2.5966610863440436 1.7253745909572897 13.681497714648197 0.5813329679738743
0.02573463748558357 4.3755059952223965 32.33695021635323 -20.457639100223137 17.163356738617566 -23.433257470552633 2.5966610863440436 1.7253745909572897 13.681497704648196 0.5813329779738744
0.0297698956785259 4.375524694855449 32.3369575758108 -20.45763633714997 17.163359118946378 -23.433251328239567 2.5967136868060305 1.725491912102573 13.681491492622163 0.5813216070930025
0.029769896068541128 4.375524704855449 32.3369575758108 -20.45763633714997 17.163359118946378 -23.433251328239567 2.5967136868060305 1.725491912102573 13.681491492622163 0.5813216070930025
0.029769895627153122 4.375524694855449 32.3369575858108 -20.45763633714997 17.163359118946378 -23.433251328239567 2.5967136868060305 1.725491912102573 13.681491492622163 0.5813216070930025
0.02976989565558973 4.375524694855449 32.3369575758108 -20.45763632714997 17.163359118946378 -23.433251328239567 2.5967136868060305 1.725491912102573 13.681491492622163 0.5813216070930025
0.029769895657422794 4.375524694855449 32.3369575758108 -20.45763633714997 17.16335912894638 -23.433251328239567 2.5967136868060305 1.725491912102573 13.681491492622163 0.5813216070930025
0.02976989563076321 4.375524694855449 32.3369575758108 -20.45763633714997 17.163359118946378 -23.433251318239567 2.5967136868060305 1.725491912102573 13.681491492622163 0.5813216070930025
0.029769895226267447 4.375524694855449 32.3369575758108 -20.45763633714997 17.163359118946378 -23.433251328239567 2.5967136968060305 1.725491912102573 13.681491492622163 0.5813216070930025
0.02976989539849374 4.375524694855449 32.3369575758108 -20.45763633714997 17.163359118946378 -23.433251328239567 2.5967136868060305 1.7254919221025729 13.681491492622163 0.5813216070930025
0.02976989573948814 4.375524694855449 32.3369575758108 -20.45763633714997 17.163359118946378 -23.433251328239567 2.5967136868060305 1.725491912102573 13.681491502622164 0.5813216070930025
0.029769896361742255 4.375524694855449 32.3369575758108 -20.45763633714997 17.163359118946378 -23.433251328239567 2.5967136868060305 1.725491912102573 13.681491492622163 0.5813216170930026
0.02573461382247942 4.3755060136154995 32.336950223592055 -20.457639097505357 17.163356740958875 -23.43325746451101 2.596661138082263 1.7253747063552722 13.681497698538 0.5813329567992244
0.02573461356203448 4.3755060236154995 32.336950223592055 -20.457639097505357 17.163356740958875 -23.43325746451101 2.596661138082263 1.7253747063552722 13.681497698538 0.5813329567992244
0.025734613719957115 4.3755060136154995 32.336950233592056 -20.457639097505357 17.163356740958875 -23.43325746451101 2.596661138082263 1.7253747063552722 13.681497698538 0.5813329567992244
0.025734613783987004 4.3755060136154995 32.336950223592055 -20.457639087505356 17.163356740958875 -23.43325746451101 2.596661138082263 1.7253747063552722 13.681497698538 0.5813329567992244
0.02573461378931483 4.3755060136154995 32.336950223592055 -20.457639097505357 17.163356750958876 -23.43325746451101 2.596661138082263 1.7253747063552722 13.681497698538 0.5813329567992244
0.025734613736907826 4.3755060136154995 32.336950223592055 -20.457639097505357 17.163356740958875 -23.433257454511008 2.596661138082263 1.7253747063552722 13.681497698538 0.5813329567992244
0.02573461308974652 4.3755060136154995 32.336950223592055 -20.457639097505357 17.163356740958875 -23.43325746451101 2.596661148082263 1.7253747063552722 13.681497698538 0.5813329567992244
0.02573461218807342 4.3755060136154995 32.336950223592055 -20.457639097505357 17.163356740958875 -23.43325746451101 2.596661138082263 1.7253747163552722 13.681497698538 0.5813329567992244
0.025734613909019342 4.3755060136154995 32.336950223592055 -20.457639097505357 17.163356740958875 -23.43325746451101 2.596661138082263 1.7253747063552722 13.681497708538 0.5813329567992244
0.02573461398082448 4.3755060136154995 32.336950223592055 -20.457639097505357 17.163356740958875 -23.43325746451101 2.596661138082263 1.7253747063552722 13.681497698538 0.5813329667992244
0.029771889889358825 4.375518343233866 32.33695507605643 -20.457637275670802 17.163358310430628 -23.43325341457186 2.5966958202399497 1.7254520621484908 13.681493602633548 0.581325465993118
0.029771890277724693 4.375518353233866 32.33695507605643 -20.457637275670802 17.163358310430628 -23.43325341457186 2.5966958202399497 1.7254520621484908 13.681493602633548 0.581325465993118
0.029771889837607275 4.375518343233866 32.33695508605643 -20.457637275670802 17.163358310430628 -23.43325341457186 2.5966958202399497 1.7254520621484908 13.681493602633548 0.581325465993118
0.029771889866300985 4.375518343233866 32.33695507605643 -20.4576372656708 17.163358310430628 -23.43325341457186 2.5966958202399497 1.7254520621484908 13.681493602633548 0.581325465993118
0.029771889868111422 4.375518343233866 32.33695507605643 -20.457637275670802 17.16335832043063 -23.43325341457186 2.5966958202399497 1.7254520621484908 13.681493602633548 0.581325465993118
0.0297718898413634 4.375518343233866 32.33695507605643 -20.457637275670802 17.163358310430628 -23.433253404571857 2.5966958202399497 1.7254520621484908 13.681493602633548 0.581325465993118
0.02977188943430723 4.375518343233866 32.33695507605643 -20.457637275670802 17.163358310430628 -23.43325341457186 2.5966958302399497 1.7254520621484908 13.681493602633548 0.581325465993118
0.02977188960346511 4.375518343233866 32.33695507605643 -20.457637275670802 17.163358310430628 -23.43325341457186 2.5966958202399497 1.7254520721484907 13.681493602633548 0.581325465993118
0.029771889950571142 4.375518343233866 32.33695507605643 -20.457637275670802 17.163358310430628 -23.43325341457186 2.5966958202399497 1.7254520621484908 13.681493612633549 0.581325465993118
0.02977189057225365 4.375518343233866 32.33695507605643 -20.457637275670802 17.163358310430628 -23.43325341457186 2.5966958202399497 1.7254520621484908 13.681493602633548 0.581325475993118
0.025734603597285667 4.375506021617047 32.33695022674115 -20.457639096323042 17.163356741977417 -23.43325746188272 2.596661160589931 1.7253747565568338 13.681497695879882 0.5813329519379186
0.0257346033368459 4.375506031617047 32.33695022674115 -20.457639096323042 17.163356741977417 -23.43325746188272 2.596661160589931 1.7253747565568338 13.681497695879882 0.5813329519379186
0.025734603494756092 4.375506021617047 32.33695023674115 -20.457639096323042 17.163356741977417 -23.43325746188272 2.596661160589931 1.7253747565568338 13.681497695879882 0.5813329519379186
0.025734603558793208 4.375506021617047 32.33695022674115 -20.45763908632304 17.163356741977417 -23.43325746188272 2.596661160589931 1.7253747565568338 13.681497695879882 0.5813329519379186
0.02573460356411993 4.375506021617047 32.33695022674115 -20.457639096323042 17.163356751977418 -23.43325746188272 2.596661160589931 1.7253747565568338 13.681497695879882 0.5813329519379186
0.025734603511713465 4.375506021617047 32.33695022674115 -20.457639096323042 17.163356741977417 -23.43325745188272 2.596661160589931 1.7253747565568338 13.681497695879882 0.5813329519379186
0.025734602864558313 4.375506021617047 32.33695022674115 -20.457639096323042 17.163356741977417 -23.43325746188272 2.5966611705899307 1.7253747565568338 13.681497695879882 0.5813329519379186
0.02573460196288944 4.375506021617047 32.33695022674115 -20.457639096323042 17.163356741977417 -23.43325746188272 2.596661160589931 1.7253747665568337 13.681497695879882 0.5813329519379186
0.025734603683829835 4.375506021617047 32.33695022674115 -20.457639096323042 17.163356741977417 -23.43325746188272 2.596661160589931 1.7253747565568338 13.681497705879883 0.5813329519379186
0.025734603755630713 4.375506021617047 32.33695022674115 -20.457639096323042 17.163356741977417 -23.43325746188272 2.596661160589931 1.7253747565568338 13.681497695879882 0.5813329619379186
0.029773221451954213 4.375514153884148 32.33695342728923 -20.457637894692564 17.163357777156534 -23.43325479065755 2.596684035958943 1.7254257782473275 13.681494994337301 0.5813280112143502
0.029773221839201613 4.375514163884148 32.33695342728923 -20.457637894692564 17.163357777156534 -23.43325479065755 2.596684035958943 1.7254257782473275 13.681494994337301 0.5813280112143502
0.0297732213999499 4.375514153884148 32.33695343728923 -20.457637894692564 17.163357777156534 -23.43325479065755 2.596684035958943 1.7254257782473275 13.681494994337301 0.5813280112143502
0.02977322142879627 4.375514153884148 32.33695342728923 -20.457637884692563 17.163357777156534 -23.43325479065755 2.596684035958943 1.7254257782473275 13.681494994337301 0.5813280112143502
0.02977322143066049 4.375514153884148 32.33695342728923 -20.457637894692564 17.163357787156535 -23.43325479065755 2.596684035958943 1.7254257782473275 13.681494994337301 0.5813280112143502
0.0297732214036842 4.375514153884148 32.33695342728923 -20.457637894692564 17.163357777156534 -23.43325478065755 2.596684035958943 1.7254257782473275 13.681494994337301 0.5813280112143502
0.029773220994962005 4.375514153884148 32.33695342728923 -20.457637894692564 17.163357777156534 -23.43325479065755 2.596684045958943 1.7254257782473275 13.681494994337301 0.5813280112143502
0.02977322116215136 4.375514153884148 32.33695342728923 -20.457637894692564 17.163357777156534 -23.43325479065755 2.596684035958943 1.7254257882473274 13.681494994337301 0.5813280112143502
0.029773221513339884 4.375514153884148 32.33695342728923 -20.457637894692564 17.163357777156534 -23.43325479065755 2.596684035958943 1.7254257782473275 13.681495004337302 0.5813280112143502
0.029773222134584183 4.375514153884148 32.33695342728923 -20.457637894692564 17.163357777156534 -23.43325479065755 2.596684035958943 1.7254257782473275 13.681494994337301 0.5813280212143502
0.02573459914705653 4.375506025099505 32.33695022811172 -20.45763909580847 17.163356742420707 -23.43325746073883 2.5966611703857843 1.7253747784057063 13.681497694723008 0.5813329498221667
0.02573459888661993 4.375506035099505 32.33695022811172 -20.45763909580847 17.163356742420707 -23.43325746073883 2.5966611703857843 1.7253747784057063 13.681497694723008 0.5813329498221667
0.025734599044535022 4.375506025099505 32.33695023811172 -20.45763909580847 17.163356742420707 -23.43325746073883 2.5966611703857843 1.7253747784057063 13.681497694723008 0.5813329498221667
0.025734599108568224 4.375506025099505 32.33695022811172 -20.45763908580847 17.163356742420707 -23.43325746073883 2.5966611703857843 1.7253747784057063 13.681497694723008 0.5813329498221667
0.02573459911389819 4.375506025099505 32.33695022811172 -20.45763909580847 17.163356752420707 -23.43325746073883 2.5966611703857843 1.7253747784057063 13.681497694723008 0.5813329498221667
0.025734599061496 4.375506025099505 32.33695022811172 -20.45763909580847 17.163356742420707 -23.43325745073883 2.5966611703857843 1.7253747784057063 13.681497694723008 0.5813329498221667
0.02573459841434225 4.375506025099505 32.33695022811172 -20.45763909580847 17.163356742420707 -23.43325746073883 2.596661180385784 1.7253747784057063 13.681497694723008 0.5813329498221667
0.025734597512666362 4.375506025099505 32.33695022811172 -20.45763909580847 17.163356742420707 -23.43325746073883 2.5966611703857843 1.7253747884057062 13.681497694723008 0.5813329498221667
0.025734599233599866 4.375506025099505 32.33695022811172 -20.45763909580847 17.163356742420707 -23.43325746073883 2.5966611703857843 1.7253747784057063 13.681497704723009 0.5813329498221667
0.02573459930540855 4.375506025099505 32.33695022811172 -20.45763909580847 17.163356742420707 -23.43325746073883 2.5966611703857843 1.7253747784057063 13.681497694723008 0.5813329598221667
0.025727753270431225 4.375511390097369 32.336952339568874 -20.45763830307197 17.163357425346355 -23.433255698485183 2.596676261664069 1.7254084383011763 13.681495912468442 0.5813296903410078
0.025727753011110892 4.375511400097369 32.336952339568874 -20.45763830307197 17.163357425346355 -23.433255698485183 2.596676261664069 1.7254084383011763 13.681495912468442 0.5813296903410078
0.025727753168221873 4.375511390097369 32.336952349568875 -20.45763830307197 17.163357425346355 -23.433255698485183 2.596676261664069 1.7254084383011763 13.681495912468442 0.5813296903410078
0.02572775323206245 4.375511390097369 32.336952339568874 -20.45763829307197 17.163357425346355 -23.433255698485183 2.596676261664069 1.7254084383011763 13.681495912468442 0.5813296903410078
0.02572775323737134 4.375511390097369 32.336952339568874 -20.45763830307197 17.163357435346356 -23.433255698485183 2.596676261664069 1.7254084383011763 13.681495912468442 0.5813296903410078
0.025727753185128006 4.375511390097369 32.336952339568874 -20.45763830307197 17.163357425346355 -23.433255688485183 2.596676261664069 1.7254084383011763 13.681495912468442 0.5813296903410078
0.025727752540123862 4.375511390097369 32.336952339568874 -20.45763830307197 17.163357425346355 -23.433255698485183 2.596676271664069 1.7254084383011763 13.681495912468442 0.5813296903410078
0.02572775164069522 4.375511390097369 32.336952339568874 -20.45763830307197 17.163357425346355 -23.433255698485183 2.596676261664069 1.7254084483011762 13.681495912468442 0.5813296903410078
0.025727753356738985 4.375511390097369 32.336952339568874 -20.45763830307197 17.163357425346355 -23.433255698485183 2.596676261664069 1.7254084383011763 13.681495922468443 0.5813296903410078
0.025727753428808873 4.375511390097369 32.336952339568874 -20.45763830307197 17.163357425346355 -23.433255698485183 2.596676261664069 1.7254084383011763 13.681495912468442 0.5813297003410078
0.02572543024746918 4.375513214196643 32.336953057464314 -20.457638033541564 17.163357657541074 -23.433255099318945 2.5966813926986863 1.725419882665636 13.681495306501889 0.5813285821174138
0.02572542998852402 4.375513224196643 32.336953057464314 -20.457638033541564 17.163357657541074 -23.433255099318945 2.5966813926986863 1.725419882665636 13.681495306501889 0.5813285821174138
0.025725430145366286 4.375513214196643 32.336953067464314 -20.457638033541564 17.163357657541074 -23.433255099318945 2.5966813926986863 1.725419882665636 13.681495306501889 0.5813285821174138
0.025725430209142013 4.375513214196643 32.336953057464314 -20.457638023541563 17.163357657541074 -23.433255099318945 2.5966813926986863 1.725419882665636 13.681495306501889 0.5813285821174138
0.02572543021443923 4.375513214196643 32.336953057464314 -20.457638033541564 17.163357667541074 -23.433255099318945 2.5966813926986863 1.725419882665636 13.681495306501889 0.5813285821174138
0.02572543016224904 4.375513214196643 32.336953057464314 -20.457638033541564 17.163357657541074 -23.433255089318944 2.5966813926986863 1.725419882665636 13.681495306501889 0.5813285821174138
0.025725429517977464 4.375513214196643 32.336953057464314 -20.457638033541564 17.163357657541074 -23.433255099318945 2.596681402698686 1.725419882665636 13.681495306501889 0.5813285821174138
0.025725428619318858 4.375513214196643 32.336953057464314 -20.457638033541564 17.163357657541074 -23.433255099318945 2.5966813926986863 1.725419892665636 13.681495306501889 0.5813285821174138
0.025725430333698788 4.375513214196643 32.336953057464314 -20.457638033541564 17.163357657541074 -23.433255099318945 2.5966813926986863 1.725419882665636 13.68149531650189 0.5813285821174138
0.025725430405852928 4.375513214196643 32.336953057464314 -20.457638033541564 17.163357657541074 -23.433255099318945 2.5966813926986863 1.725419882665636 13.681495306501889 0.5813285921174138
0.029773323530903565 4.3755138343903965 32.33695330154876 -20.457637941901222 17.163357736487278 -23.433254895602424 2.596683137250456 1.7254237737495524 13.681495100473262 0.5813282053213918
0.029773323918104166 4.3755138443903965 32.33695330154876 -20.457637941901222 17.163357736487278 -23.433254895602424 2.596683137250456 1.7254237737495524 13.681495100473262 0.5813282053213918
0.029773323478883448 4.3755138343903965 32.33695331154876 -20.457637941901222 17.163357736487278 -23.433254895602424 2.596683137250456 1.7254237737495524 13.681495100473262 0.5813282053213918
0.029773323507749784 4.3755138343903965 32.33695330154876 -20.45763793190122 17.163357736487278 -23.433254895602424 2.596683137250456 1.7254237737495524 13.681495100473262 0.5813282053213918
0.029773323509597105 4.3755138343903965 32.33695330154876 -20.457637941901222 17.16335774648728 -23.433254895602424 2.596683137250456 1.7254237737495524 13.681495100473262 0.5813282053213918
0.029773323482656957 4.3755138343903965 32.33695330154876 -20.457637941901222 17.163357736487278 -23.433254885602423 2.596683137250456 1.7254237737495524 13.681495100473262 0.5813282053213918
0.029773323073804706 4.3755138343903965 32.33695330154876 -20.457637941901222 17.163357736487278 -23.433254895602424 2.596683147250456 1.7254237737495524 13.681495100473262 0.5813282053213918
0.029773323240816347 4.3755138343903965 32.33695330154876 -20.457637941901222 17.163357736487278 -23.433254895602424 2.596683137250456 1.7254237837495523 13.681495100473262 0.5813282053213918
0.029773323592299054 4.3755138343903965 32.33695330154876 -20.457637941901222 17.163357736487278 -23.433254895602424 2.596683137250456 1.7254237737495524 13.681495110473262 0.5813282053213918
0.02977332421351528 4.3755138343903965 32.33695330154876 -20.457637941901222 17.163357736487278 -23.433254895602424 2.596683137250456 1.7254237737495524 13.681495100473262 0.5813282153213919
0.02572543024746918 4.375513214196643 32.336953057464314 -20.457638033541564 17.163357657541074 -23.433255099318945 2.5966813926986863 1.725419882665636 13.681495306501889 0.5813285821174138
0.02572542998852402 4.375513224196643 32.336953057464314 -20.457638033541564 17.163357657541074 -23.433255099318945 2.5966813926986863 1.725419882665636 13.681495306501889 0.5813285821174138
0.025725430145366286 4.375513214196643 32.336953067464314 -20.457638033541564 17.163357657541074 -23.433255099318945 2.5966813926986863 1.725419882665636 13.681495306501889 0.5813285821174138
0.025725430209142013 4.375513214196643 32.336953057464314 -20.457638023541563 17.163357657541074 -23.433255099318945 2.5966813926986863 1.725419882665636 13.681495306501889 0.5813285821174138
0.02572543021443923 4.375513214196643 32.336953057464314 -20.457638033541564 17.163357667541074 -23.433255099318945 2.5966813926986863 1.725419882665636 13.681495306501889 0.5813285821174138
0.02572543016224904 4.375513214196643 32.336953057464314 -20.457638033541564 17.163357657541074 -23.433255089318944 2.5966813926986863 1.725419882665636 13.681495306501889 0.5813285821174138
0.025725429517977464 4.375513214196643 32.336953057464314 -20.457638033541564 17.163357657541074 -23.433255099318945 2.596681402698686 1.725419882665636 13.681495306501889 0.5813285821174138
0.025725428619318858 4.375513214196643 32.336953057464314 -20.457638033541564 17.163357657541074 -23.433255099318945 2.5966813926986863 1.725419892665636 13.681495306501889 0.5813285821174138
0.025725430333698788 4.375513214196643 32.336953057464314 -20.457638033541564 17.163357657541074 -23.433255099318945 2.5966813926986863 1.725419882665636 13.68149531650189 0.5813285821174138
0.025725430405852928 4.375513214196643 32.336953057464314 -20.457638033541564 17.163357657541074 -23.433255099318945 2.5966813926986863 1.725419882665636 13.681495306501889 0.5813285921174138
0.030317064144779717 4.376532486236543 32.33765531680981 -20.457385156950327 17.163594182068707 -23.432663431508193 2.601275426631605 1.7373555840530972 13.680830667834867 0.5790427617279652
0.03031706503043173 4.376532496236543 32.33765531680981 -20.457385156950327 17.163594182068707 -23.432663431508193 2.601275426631605 1.7373555840530972 13.680830667834867 0.5790427617279652
0.0303170642022744 4.376532486236543 32.33765532680981 -20.457385156950327 17.163594182068707 -23.432663431508193 2.601275426631605 1.7373555840530972 13.680830667834867 0.5790427617279652
0.030317064163266447 4.376532486236543 32.33765531680981 -20.457385146950326 17.163594182068707 -23.432663431508193 2.601275426631605 1.7373555840530972 13.680830667834867 0.5790427617279652
0.030317064157684447 4.376532486236543 32.33765531680981 -20.457385156950327 17.163594192068707 -23.432663431508193 2.601275426631605 1.7373555840530972 13.680830667834867 0.5790427617279652
0.030317064187386437 4.376532486236543 32.33765531680981 -20.457385156950327 17.163594182068707 -23.43266342150819 2.601275426631605 1.7373555840530972 13.680830667834867 0.5790427617279652
0.030317064512563583 4.376532486236543 32.33765531680981 -20.457385156950327 17.163594182068707 -23.432663431508193 2.601275436631605 1.7373555840530972 13.680830667834867 0.5790427617279652
0.030317065548845255 4.376532486236543 32.33765531680981 -20.457385156950327 17.163594182068707 -23.432663431508193 2.601275426631605 1.7373555940530971 13.680830667834867 0.5790427617279652
0.030317064126758473 4.376532486236543 32.33765531680981 -20.457385156950327 17.163594182068707 -23.432663431508193 2.601275426631605 1.7373555840530972 13.680830677834868 0.5790427617279652
0.030317064935541517 4.376532486236543 32.33765531680981 -20.457385156950327 17.163594182068707 -23.432663431508193 2.601275426631605 1.7373555840530972 13.680830667834867 0.5790427717279653
0.029728691974175787 4.375590212719627 32.33700610800454 -20.457618930570757 17.16337552523347 -23.433210403157624 2.59702843825034 1.7263215373187946 13.681445097927853 0.5811559051608173
0.02972869239663644 4.375590222719627 32.33700610800454 -20.457618930570757 17.16337552523347 -23.433210403157624 2.59702843825034 1.7263215373187946 13.681445097927853 0.5811559051608173
0.029728691930271778 4.375590212719627 32.33700611800454 -20.457618930570757 17.16337552523347 -23.433210403157624 2.59702843825034 1.7263215373187946 13.681445097927853 0.5811559051608173
0.029728691954083515 4.375590212719627 32.33700610800454 -20.457618920570756 17.16337552523347 -23.433210403157624 2.59702843825034 1.7263215373187946 13.681445097927853 0.5811559051608173
0.02972869195540967 4.375590212719627 32.33700610800454 -20.457618930570757 17.16337553523347 -23.433210403157624 2.59702843825034 1.7263215373187946 13.681445097927853 0.5811559051608173
0.029728691932690933 4.375590212719627 32.33700610800454 -20.457618930570757 17.16337552523347 -23.433210393157623 2.59702843825034 1.7263215373187946 13.681445097927853 0.5811559051608173
0.029728691578449103 4.375590212719627 32.33700610800454 -20.457618930570757 17.16337552523347 -23.433210403157624 2.59702844825034 1.7263215373187946 13.681445097927853 0.5811559051608173
0.02972869181099998 4.375590212719627 32.33700610800454 -20.457618930570757 17.16337552523347 -23.433210403157624 2.59702843825034 1.7263215473187945 13.681445097927853 0.5811559051608173
0.029728692029675815 4.375590212719627 32.33700610800454 -20.457618930570757 17.16337552523347 -23.433210403157624 2.59702843825034 1.7263215373187946 13.681445107927853 0.5811559051608173
0.029728692663977978 4.375590212719627 32.33700610800454 -20.457618930570757 17.16337552523347 -23.433210403157624 2.59702843825034 1.7263215373187946 13.681445097927853 0.5811559151608173
0.029773147412901695 4.375513771711472 32.33695344158159 -20.45763789522476 17.16335778691373 -23.433254775692312 2.5966839055136575 1.7254264111783928 13.681494942962129 0.5813273318341595
0.029773147800159556 4.375513781711472 32.33695344158159 -20.45763789522476 17.16335778691373 -23.433254775692312 2.5966839055136575 1.7254264111783928 13.681494942962129 0.5813273318341595
0.029773147360887934 4.375513771711472 32.33695345158159 -20.45763789522476 17.16335778691373 -23.433254775692312 2.5966839055136575 1.7254264111783928 13.681494942962129 0.5813273318341595
0.02977314738974146 4.375513771711472 32.33695344158159 -20.45763788522476 17.16335778691373 -23.433254775692312 2.5966839055136575 1.7254264111783928 13.681494942962129 0.5813273318341595
0.02977314739159426 4.375513771711472 32.33695344158159 -20.45763789522476 17.16335779691373 -23.433254775692312 2.5966839055136575 1.7254264111783928 13.681494942962129 0.5813273318341595
0.029773147364672247 4.375513771711472 32.33695344158159 -20.45763789522476 17.16335778691373 -23.43325476569231 2.5966839055136575 1.7254264111783928 13.681494942962129 0.5813273318341595
0.029773146955942 4.375513771711472 32.33695344158159 -20.45763789522476 17.16335778691373 -23.433254775692312 2.5966839155136574 1.7254264111783928 13.681494942962129 0.5813273318341595
0.029773147123124896 4.375513771711472 32.33695344158159 -20.45763789522476 17.16335778691373 -23.433254775692312 2.5966839055136575 1.7254264211783927 13.681494942962129 0.5813273318341595
0.029773147474291398 4.375513771711472 32.33695344158159 -20.45763789522476 17.16335778691373 -23.433254775692312 2.5966839055136575 1.7254264111783928 13.68149495296213 0.5813273318341595
0.02977314809556268 4.375513771711472 32.33695344158159 -20.45763789522476 17.16335778691373 -23.433254775692312 2.5966839055136575 1.7254264111783928 13.681494942962129 0.5813273418341596
0.02572543017882587 4.37551321422628 32.336953057484735 -20.45763803353421 17.16335765754795 -23.433255099301743 2.5966813928322625 1.7254198830126792 13.681495306482564 0.5813285820509512
0.02572542991989287 4.37551322422628 32.336953057484735 -20.45763803353421 17.16335765754795 -23.433255099301743 2.5966813928322625 1.7254198830126792 13.681495306482564 0.5813285820509512
0.02572543007671988 4.37551321422628 32.336953067484735 -20.45763803353421 17.16335765754795 -23.433255099301743 2.5966813928322625 1.7254198830126792 13.681495306482564 0.5813285820509512
0.025725430140496896 4.37551321422628 32.336953057484735 -20.45763802353421 17.16335765754795 -23.433255099301743 2.5966813928322625 1.7254198830126792 13.681495306482564 0.5813285820509512
0.025725430145799994 4.37551321422628 32.336953057484735 -20.45763803353421 17.163357667547952 -23.433255099301743 2.5966813928322625 1.7254198830126792 13.681495306482564 0.5813285820509512
0.025725430093609294 4.37551321422628 32.336953057484735 -20.45763803353421 17.16335765754795 -23.433255089301742 2.5966813928322625 1.7254198830126792 13.681495306482564 0.5813285820509512
0.025725429449341034 4.37551321422628 32.336953057484735 -20.45763803353421 17.16335765754795 -23.433255099301743 2.5966814028322625 1.7254198830126792 13.681495306482564 0.5813285820509512
0.02572542855068164 4.37551321422628 32.336953057484735 -20.45763803353421 17.16335765754795 -23.433255099301743 2.5966813928322625 1.7254198930126792 13.681495306482564 0.5813285820509512
0.025725430265054517 4.37551321422628 32.336953057484735 -20.45763803353421 17.16335765754795 -23.433255099301743 2.5966813928322625 1.7254198830126792 13.681495316482565 0.5813285820509512
0.02572543033720829 4.37551321422628 32.336953057484735 -20.45763803353421 17.16335765754795 -23.433255099301743 2.5966813928322625 1.7254198830126792 13.681495306482564 0.5813285920509512
0.025725425692961993 4.375513216163108 32.33695305881917 -20.457638033053694 17.163357657997395 -23.43325509817745 2.5966814015618773 1.7254199056929802 13.681495305219613 0.5813285777074196
0.025725425434016753 4.375513226163108 32.33695305881917 -20.457638033053694 17.163357657997395 -23.43325509817745 2.5966814015618773 1.7254199056929802 13.681495305219613 0.5813285777074196
0.0257254255908572 4.375513216163108 32.33695306881917 -20.457638033053694 17.163357657997395 -23.43325509817745 2.5966814015618773 1.7254199056929802 13.681495305219613 0.5813285777074196
0.025725425654637066 4.375513216163108 32.33695305881917 -20.457638023053693 17.163357657997395 -23.43325509817745 2.5966814015618773 1.7254199056929802 13.681495305219613 0.5813285777074196
0.025725425659936792 4.375513216163108 32.33695305881917 -20.457638033053694 17.163357667997396 -23.43325509817745 2.5966814015618773 1.7254199056929802 13.681495305219613 0.5813285777074196
0.025725425607748594 4.375513216163108 32.33695305881917 -20.457638033053694 17.163357657997395 -23.43325508817745 2.5966814015618773 1.7254199056929802 13.681495305219613 0.5813285777074196
0.025725424963475914 4.375513216163108 32.33695305881917 -20.457638033053694 17.163357657997395 -23.43325509817745 2.5966814115618773 1.7254199056929802 13.681495305219613 0.5813285777074196
0.025725424064817707 4.375513216163108 32.33695305881917 -20.457638033053694 17.163357657997395 -23.43325509817745 2.5966814015618773 1.7254199156929801 13.681495305219613 0.5813285777074196
0.025725425779190146 4.375513216163108 32.33695305881917 -20.457638033053694 17.163357657997395 -23.43325509817745 2.5966814015618773 1.7254199056929802 13.681495315219614 0.5813285777074196
0.0257254258513458 4.375513216163108 32.33695305881917 -20.457638033053694 17.163357657997395 -23.43325509817745 2.5966814015618773 1.7254199056929802 13.681495305219613 0.5813285877074197
0.029773333904490707 4.37551349393729 32.33695325020038 -20.457637964139227 17.16335772245556 -23.43325493693488 2.5966826535377674 1.7254231584356865 13.68149512409087 0.5813279547707896
0.02977333429162334 4.37551350393729 32.33695325020038 -20.457637964139227 17.16335772245556 -23.43325493693488 2.5966826535377674 1.7254231584356865 13.68149512409087 0.5813279547707896
0.029773333852415915 4.37551349393729 32.33695326020038 -20.457637964139227 17.16335772245556 -23.43325493693488 2.5966826535377674 1.7254231584356865 13.68149512409087 0.5813279547707896
0.02977333388131114 4.37551349393729 32.33695325020038 -20.457637954139226 17.16335772245556 -23.43325493693488 2.5966826535377674 1.7254231584356865 13.68149512409087 0.5813279547707896
0.029773333883166567 4.37551349393729 32.33695325020038 -20.457637964139227 17.163357732455562 -23.43325493693488 2.5966826535377674 1.7254231584356865 13.68149512409087 0.5813279547707896
0.029773333856200436 4.37551349393729 32.33695325020038 -20.457637964139227 17.16335772245556 -23.43325492693488 2.5966826535377674 1.7254231584356865 13.68149512409087 0.5813279547707896
0.02977333344731521 4.37551349393729 32.33695325020038 -20.457637964139227 17.16335772245556 -23.43325493693488 2.5966826635377673 1.7254231584356865 13.68149512409087 0.5813279547707896
0.029773333614275165 4.37551349393729 32.33695325020038 -20.457637964139227 17.16335772245556 -23.43325493693488 2.5966826535377674 1.7254231684356864 13.68149512409087 0.5813279547707896
0.029773333965883164 4.37551349393729 32.33695325020038 -20.457637964139227 17.16335772245556 -23.43325493693488 2.5966826535377674 1.7254231584356865 13.681495134090872 0.5813279547707896
0.029773334587107642 4.37551349393729 32.33695325020038 -20.457637964139227 17.16335772245556 -23.43325493693488 2.5966826535377674 1.7254231584356865 13.68149512409087 0.5813279647707896
0.02572542567592143 4.375513216170464 32.33695305882424 -20.457638033051868 17.163357657999104 -23.43325509817318 2.5966814015950375 1.7254199057791337 13.681495305214815 0.5813285776909203
0.02572542541697894 4.375513226170464 32.33695305882424 -20.457638033051868 17.163357657999104 -23.43325509817318 2.5966814015950375 1.7254199057791337 13.681495305214815 0.5813285776909203
0.025725425573811037 4.375513216170464 32.33695306882424 -20.457638033051868 17.163357657999104 -23.43325509817318 2.5966814015950375 1.7254199057791337 13.681495305214815 0.5813285776909203
0.025725425637590338 4.375513216170464 32.33695305882424 -20.457638023051867 17.163357657999104 -23.43325509817318 2.5966814015950375 1.7254199057791337 13.681495305214815 0.5813285776909203
0.02572542564288859 4.375513216170464 32.33695305882424 -20.457638033051868 17.163357667999104 -23.43325509817318 2.5966814015950375 1.7254199057791337 13.681495305214815 0.5813285776909203
0.02572542559070418 4.375513216170464 32.33695305882424 -20.457638033051868 17.163357657999104 -23.43325508817318 2.5966814015950375 1.7254199057791337 13.681495305214815 0.5813285776909203
0.025725424946431447 4.375513216170464 32.33695305882424 -20.457638033051868 17.163357657999104 -23.43325509817318 2.5966814115950374 1.7254199057791337 13.681495305214815 0.5813285776909203
0.025725424047774302 4.375513216170464 32.33695305882424 -20.457638033051868 17.163357657999104 -23.43325509817318 2.5966814015950375 1.7254199157791337 13.681495305214815 0.5813285776909203
0.02572542576214729 4.375513216170464 32.33695305882424 -20.457638033051868 17.163357657999104 -23.43325509817318 2.5966814015950375 1.7254199057791337 13.681495315214816 0.5813285776909203
0.025725425834300483 4.375513216170464 32.33695305882424 -20.457638033051868 17.163357657999104 -23.43325509817318 2.5966814015950375 1.7254199057791337 13.681495305214815 0.5813285876909203
0.025725425658881456 4.375513216177821 32.33695305882931 -20.457638033050042 17.163357658000812 -23.43325509816891 2.5966814016281963 1.725419905865283 13.681495305210017 0.5813285776744217
0.025725425399942006 4.375513226177821 32.33695305882931 -20.457638033050042 17.163357658000812 -23.43325509816891 2.5966814016281963 1.725419905865283 13.681495305210017 0.5813285776744217
0.025725425556777523 4.375513216177821 32.33695306882931 -20.457638033050042 17.163357658000812 -23.43325509816891 2.5966814016281963 1.725419905865283 13.681495305210017 0.5813285776744217
0.025725425620553483 4.375513216177821 32.33695305882931 -20.45763802305004 17.163357658000812 -23.43325509816891 2.5966814016281963 1.725419905865283 13.681495305210017 0.5813285776744217
0.025725425625851284 4.375513216177821 32.33695305882931 -20.457638033050042 17.163357668000813 -23.43325509816891 2.5966814016281963 1.725419905865283 13.681495305210017 0.5813285776744217
0.02572542557366209 4.375513216177821 32.33695305882931 -20.457638033050042 17.163357658000812 -23.43325508816891 2.5966814016281963 1.725419905865283 13.681495305210017 0.5813285776744217
0.025725424929396504 4.375513216177821 32.33695305882931 -20.457638033050042 17.163357658000812 -23.43325509816891 2.596681411628196 1.725419905865283 13.681495305210017 0.5813285776744217
0.025725424030731664 4.375513216177821 32.33695305882931 -20.457638033050042 17.163357658000812 -23.43325509816891 2.5966814016281963 1.725419915865283 13.681495305210017 0.5813285776744217
0.02572542574510971 4.375513216177821 32.33695305882931 -20.457638033050042 17.163357658000812 -23.43325509816891 2.5966814016281963 1.725419905865283 13.681495315210018 0.5813285776744217
0.02572542581726267 4.375513216177821 32.33695305882931 -20.457638033050042 17.163357658000812 -23.43325509816891 2.5966814016281963 1.725419905865283 13.681495305210017 0.5813285876744217
0.02977342721287812 4.375513355057556 32.336953154514845 -20.457637998594635 17.163357690228185 -23.433255017551897 2.5966820275829816 1.7254215321504849 13.681495214650445 0.5813282662226057
0.029773427599969274 4.3755133650575555 32.336953154514845 -20.457637998594635 17.163357690228185 -23.433255017551897 2.5966820275829816 1.7254215321504849 13.681495214650445 0.5813282662226057
0.02977342716086027 4.375513355057556 32.336953164514846 -20.457637998594635 17.163357690228185 -23.433255017551897 2.5966820275829816 1.7254215321504849 13.681495214650445 0.5813282662226057
0.029773427189704046 4.375513355057556 32.336953154514845 -20.457637988594634 17.163357690228185 -23.433255017551897 2.5966820275829816 1.7254215321504849 13.681495214650445 0.5813282662226057
0.02977342719158412 4.375513355057556 32.336953154514845 -20.457637998594635 17.163357700228186 -23.433255017551897 2.5966820275829816 1.7254215321504849 13.681495214650445 0.5813282662226057
0.029773427164602073 4.375513355057556 32.336953154514845 -20.457637998594635 17.163357690228185 -23.433255007551896 2.5966820275829816 1.7254215321504849 13.681495214650445 0.5813282662226057
0.029773426755640486 4.375513355057556 32.336953154514845 -20.457637998594635 17.163357690228185 -23.433255017551897 2.5966820375829816 1.7254215321504849 13.681495214650445 0.5813282662226057
0.029773426922455774 4.375513355057556 32.336953154514845 -20.457637998594635 17.163357690228185 -23.433255017551897 2.5966820275829816 1.7254215421504848 13.681495214650445 0.5813282662226057
0.029773427274294786 4.375513355057556 32.336953154514845 -20.457637998594635 17.163357690228185 -23.433255017551897 2.5966820275829816 1.7254215321504849 13.681495224650446 0.5813282662226057
0.029773427895492144 4.375513355057556 32.336953154514845 -20.457637998594635 17.163357690228185 -23.433255017551897 2.5966820275829816 1.7254215321504849 13.681495214650445 0.5813282762226057
0.02572542565461846 4.375513216179661 32.336953058830574 -20.457638033049587 17.16335765800124 -23.43325509816784 2.5966814016364856 1.7254199058868198 13.681495305208818 0.5813285776702972
0.025725425395685467 4.3755132261796605 32.336953058830574 -20.457638033049587 17.16335765800124 -23.43325509816784 2.5966814016364856 1.7254199058868198 13.681495305208818 0.5813285776702972
0.02572542555251359 4.375513216179661 32.336953068830574 -20.457638033049587 17.16335765800124 -23.43325509816784 2.5966814016364856 1.7254199058868198 13.681495305208818 0.5813285776702972
0.025725425616296496 4.375513216179661 32.336953058830574 -20.457638023049586 17.16335765800124 -23.43325509816784 2.5966814016364856 1.7254199058868198 13.681495305208818 0.5813285776702972
0.025725425621589165 4.375513216179661 32.336953058830574 -20.457638033049587 17.16335766800124 -23.43325509816784 2.5966814016364856 1.7254199058868198 13.681495305208818 0.5813285776702972
0.025725425569406275 4.375513216179661 32.336953058830574 -20.457638033049587 17.16335765800124 -23.43325508816784 2.5966814016364856 1.7254199058868198 13.681495305208818 0.5813285776702972
0.025725424925135264 4.375513216179661 32.336953058830574 -20.457638033049587 17.16335765800124 -23.43325509816784 2.5966814116364856 1.7254199058868198 13.681495305208818 0.5813285776702972
0.02572542402646964 4.375513216179661 32.336953058830574 -20.457638033049587 17.16335765800124 -23.43325509816784 2.5966814016364856 1.7254199158868198 13.681495305208818 0.5813285776702972
0.025725425740849052 4.375513216179661 32.336953058830574 -20.457638033049587 17.16335765800124 -23.43325509816784 2.5966814016364856 1.7254199058868198 13.681495315208819 0.5813285776702972
0.025725425813009788 4.375513216179661 32.336953058830574 -20.457638033049587 17.16335765800124 -23.43325509816784 2.5966814016364856 1.7254199058868198 13.681495305208818 0.5813285876702973
0.025725425594367118 4.375513216205676 32.3369530588485 -20.457638033043132 17.163357658007275 -23.433255098152742 2.596681401753741 1.72541990619146 13.681495305191856 0.5813285776119552
0.025725425335429083 4.375513226205676 32.3369530588485 -20.457638033043132 17.163357658007275 -23.433255098152742 2.596681401753741 1.72541990619146 13.681495305191856 0.5813285776119552
0.025725425492264482 4.375513216205676 32.3369530688485 -20.457638033043132 17.163357658007275 -23.433255098152742 2.596681401753741 1.72541990619146 13.681495305191856 0.5813285776119552
0.025725425556043673 4.375513216205676 32.3369530588485 -20.45763802304313 17.163357658007275 -23.433255098152742 2.596681401753741 1.72541990619146 13.681495305191856 0.5813285776119552
0.025725425561340984 4.375513216205676 32.3369530588485 -20.457638033043132 17.163357668007276 -23.433255098152742 2.596681401753741 1.72541990619146 13.681495305191856 0.5813285776119552
0.025725425509148168 4.375513216205676 32.3369530588485 -20.457638033043132 17.163357658007275 -23.43325508815274 2.596681401753741 1.72541990619146 13.681495305191856 0.5813285776119552
0.025725424864879155 4.375513216205676 32.3369530588485 -20.457638033043132 17.163357658007275 -23.433255098152742 2.596681411753741 1.72541990619146 13.681495305191856 0.5813285776119552
0.025725423966217895 4.375513216205676 32.3369530588485 -20.457638033043132 17.163357658007275 -23.433255098152742 2.596681401753741 1.7254199161914598 13.681495305191856 0.5813285776119552
0.025725425680591885 4.375513216205676 32.3369530588485 -20.457638033043132 17.163357658007275 -23.433255098152742 2.596681401753741 1.72541990619146 13.681495315191857 0.5813285776119552
0.025725425752754414 4.375513216205676 32.3369530588485 -20.457638033043132 17.163357658007275 -23.433255098152742 2.596681401753741 1.72541990619146 13.681495305191856 0.5813285876119553
0.029773473874621884 4.375513285631616 32.33695310668167 -20.457638015818883 17.16335767411773 -23.433255057852318 2.5966817146683616 1.7254207191709723 13.68149525992115 0.5813284219172804
0.029773474261688575 4.375513295631616 32.33695310668167 -20.457638015818883 17.16335767411773 -23.433255057852318 2.5966817146683616 1.7254207191709723 13.68149525992115 0.5813284219172804
0.02977347382256696 4.375513285631616 32.33695311668167 -20.457638015818883 17.16335767411773 -23.433255057852318 2.5966817146683616 1.7254207191709723 13.68149525992115 0.5813284219172804
0.02977347385144981 4.375513285631616 32.33695310668167 -20.457638005818882 17.16335767411773 -23.433255057852318 2.5966817146683616 1.7254207191709723 13.68149525992115 0.5813284219172804
0.029773473853313623 4.375513285631616 32.33695310668167 -20.457638015818883 17.16335768411773 -23.433255057852318 2.5966817146683616 1.7254207191709723 13.68149525992115 0.5813284219172804
0.02977347382634202 4.375513285631616 32.33695310668167 -20.457638015818883 17.16335767411773 -23.433255047852317 2.5966817146683616 1.7254207191709723 13.68149525992115 0.5813284219172804
0.02977347341731574 4.375513285631616 32.33695310668167 -20.457638015818883 17.16335767411773 -23.433255057852318 2.5966817246683616 1.7254207191709723 13.68149525992115 0.5813284219172804
0.029773473584110144 4.375513285631616 32.33695310668167 -20.457638015818883 17.16335767411773 -23.433255057852318 2.5966817146683616 1.7254207291709722 13.68149525992115 0.5813284219172804
0.029773473936041413 4.375513285631616 32.33695310668167 -20.457638015818883 17.16335767411773 -23.433255057852318 2.5966817146683616 1.7254207191709723 13.68149526992115 0.5813284219172804
0.02977347455723475 4.375513285631616 32.33695310668167 -20.457638015818883 17.16335767411773 -23.433255057852318 2.5966817146683616 1.7254207191709723 13.68149525992115 0.5813284319172805
0.025725425593305165 4.375513216206135 32.33695305884881 -20.45763803304302 17.16335765800738 -23.433255098152472 2.596681401755813 1.725419906196842 13.681495305191556 0.5813285776109245
0.025725425334366885 4.375513226206135 32.33695305884881 -20.45763803304302 17.16335765800738 -23.433255098152472 2.596681401755813 1.725419906196842 13.681495305191556 0.5813285776109245
0.025725425491204046 4.375513216206135 32.336953068848814 -20.45763803304302 17.16335765800738 -23.433255098152472 2.596681401755813 1.725419906196842 13.681495305191556 0.5813285776109245
0.025725425554974413 4.375513216206135 32.33695305884881 -20.457638023043017 17.16335765800738 -23.433255098152472 2.596681401755813 1.725419906196842 13.681495305191556 0.5813285776109245
0.025725425560276315 4.375513216206135 32.33695305884881 -20.45763803304302 17.163357668007382 -23.433255098152472 2.596681401755813 1.725419906196842 13.681495305191556 0.5813285776109245
0.025725425508086007 4.375513216206135 32.33695305884881 -20.45763803304302 17.16335765800738 -23.43325508815247 2.596681401755813 1.725419906196842 13.681495305191556 0.5813285776109245
0.025725424863815113 4.375513216206135 32.33695305884881 -20.45763803304302 17.16335765800738 -23.433255098152472 2.596681411755813 1.725419906196842 13.681495305191556 0.5813285776109245
0.025725423965154568 4.375513216206135 32.33695305884881 -20.45763803304302 17.16335765800738 -23.433255098152472 2.596681401755813 1.725419916196842 13.681495305191556 0.5813285776109245
0.025725425679528027 4.375513216206135 32.33695305884881 -20.45763803304302 17.16335765800738 -23.433255098152472 2.596681401755813 1.725419906196842 13.681495315191556 0.5813285776109245
0.025725425751690293 4.375513216206135 32.33695305884881 -20.45763803304302 17.16335765800738 -23.433255098152472 2.596681401755813 1.725419906196842 13.681495305191556 0.5813285876109245
0.025725425592234508 4.3755132162065955 32.33695305884913 -20.457638033042905 17.163357658007488 -23.433255098152205 2.5966814017578845 1.725419906202224 13.681495305191255 0.5813285776098938
0.025725425333301535 4.375513226206595 32.33695305884913 -20.457638033042905 17.163357658007488 -23.433255098152205 2.5966814017578845 1.725419906202224 13.681495305191255 0.5813285776098938
0.025725425490130734 4.3755132162065955 32.336953068849134 -20.457638033042905 17.163357658007488 -23.433255098152205 2.5966814017578845 1.725419906202224 13.681495305191255 0.5813285776098938
0.02572542555390773 4.3755132162065955 32.33695305884913 -20.457638023042904 17.163357658007488 -23.433255098152205 2.5966814017578845 1.725419906202224 13.681495305191255 0.5813285776098938
0.025725425559206674 4.3755132162065955 32.33695305884913 -20.457638033042905 17.16335766800749 -23.433255098152205 2.5966814017578845 1.725419906202224 13.681495305191255 0.5813285776098938
0.025725425507013816 4.3755132162065955 32.33695305884913 -20.457638033042905 17.163357658007488 -23.433255088152205 2.5966814017578845 1.725419906202224 13.681495305191255 0.5813285776098938
0.025725424862745892 4.3755132162065955 32.33695305884913 -20.457638033042905 17.163357658007488 -23.433255098152205 2.5966814117578845 1.725419906202224 13.681495305191255 0.5813285776098938
0.02572542396408499 4.3755132162065955 32.33695305884913 -20.457638033042905 17.163357658007488 -23.433255098152205 2.5966814017578845 1.725419916202224 13.681495305191255 0.5813285776098938
0.02572542567846702 4.3755132162065955 32.33695305884913 -20.457638033042905 17.163357658007488 -23.433255098152205 2.5966814017578845 1.725419906202224 13.681495315191256 0.5813285776098938
0.0257254257506226 4.3755132162065955 32.33695305884913 -20.457638033042905 17.163357658007488 -23.433255098152205 2.5966814017578845 1.725419906202224 13.681495305191255 0.5813285876098938
0.025725345196329914 4.375513250919106 32.336953082765405 -20.457638024430892 17.16335766606261 -23.43325507800226 2.596681558213123 1.7254203126865981 13.681495282556202 0.5813284997635871
0.025725344937407416 4.375513260919106 32.336953082765405 -20.457638024430892 17.16335766606261 -23.43325507800226 2.596681558213123 1.7254203126865981 13.681495282556202 0.5813284997635871
0.025725345094233156 4.375513250919106 32.336953092765405 -20.457638024430892 17.16335766606261 -23.43325507800226 2.596681558213123 1.7254203126865981 13.681495282556202 0.5813284997635871
0.025725345158006948 4.375513250919106 32.336953082765405 -20.45763801443089 17.16335766606261 -23.43325507800226 2.596681558213123 1.7254203126865981 13.681495282556202 0.5813284997635871
0.02572534516330248 4.375513250919106 32.336953082765405 -20.457638024430892 17.16335767606261 -23.43325507800226 2.596681558213123 1.7254203126865981 13.681495282556202 0.5813284997635871
0.02572534511111469 4.375513250919106 32.336953082765405 -20.457638024430892 17.16335766606261 -23.43325506800226 2.596681558213123 1.7254203126865981 13.681495282556202 0.5813284997635871
0.025725344466878203 4.375513250919106 32.336953082765405 -20.457638024430892 17.16335766606261 -23.43325507800226 2.596681568213123 1.7254203126865981 13.681495282556202 0.5813284997635871
0.02572534356823805 4.375513250919106 32.336953082765405 -20.457638024430892 17.16335766606261 -23.43325507800226 2.596681558213123 1.725420322686598 13.681495282556202 0.5813284997635871
0.025725345282545727 4.375513250919106 32.336953082765405 -20.457638024430892 17.16335766606261 -23.43325507800226 2.596681558213123 1.7254203126865981 13.681495292556203 0.5813284997635871
0.025725345354709786 4.375513250919106 32.336953082765405 -20.457638024430892 17.16335766606261 -23.43325507800226 2.596681558213123 1.7254203126865981 13.681495282556202 0.5813285097635872
0.02572529213650307 4.3755132738293625 32.33695309855014 -20.457638018746966 17.16335767137899 -23.4332550647033 2.5966816614735806 1.7254205809662853 13.681495267617068 0.5813284483850247
0.025725291877593558 4.375513283829362 32.33695309855014 -20.457638018746966 17.16335767137899 -23.4332550647033 2.5966816614735806 1.7254205809662853 13.681495267617068 0.5813284483850247
0.025725292034407314 4.3755132738293625 32.33695310855014 -20.457638018746966 17.16335767137899 -23.4332550647033 2.5966816614735806 1.7254205809662853 13.681495267617068 0.5813284483850247
0.02572529209817936 4.3755132738293625 32.33695309855014 -20.457638008746965 17.16335767137899 -23.4332550647033 2.5966816614735806 1.7254205809662853 13.681495267617068 0.5813284483850247
0.025725292103477515 4.3755132738293625 32.33695309855014 -20.457638018746966 17.16335768137899 -23.4332550647033 2.5966816614735806 1.7254205809662853 13.681495267617068 0.5813284483850247
0.02572529205129606 4.3755132738293625 32.33695309855014 -20.457638018746966 17.16335767137899 -23.4332550547033 2.5966816614735806 1.7254205809662853 13.681495267617068 0.5813284483850247
0.025725291407068647 4.3755132738293625 32.33695309855014 -20.457638018746966 17.16335767137899 -23.4332550647033 2.5966816714735805 1.7254205809662853 13.681495267617068 0.5813284483850247
0.02572529050844933 4.3755132738293625 32.33695309855014 -20.457638018746966 17.16335767137899 -23.4332550647033 2.5966816614735806 1.7254205909662852 13.681495267617068 0.5813284483850247
0.025725292222736045 4.3755132738293625 32.33695309855014 -20.457638018746966 17.16335767137899 -23.4332550647033 2.5966816614735806 1.7254205809662853 13.681495277617069 0.5813284483850247
0.0257252922948955 4.3755132738293625 32.33695309855014 -20.457638018746966 17.16335767137899 -23.4332550647033 2.5966816614735806 1.7254205809662853 13.681495267617068 0.5813284583850248
0.025725274096441705 4.37551328161885 32.336953103916954 -20.457638016814432 17.16335767318656 -23.43325506018165 2.596681696582136 1.7254206721813787 13.681495262537762 0.5813284309163135
0.02572527383752412 4.37551329161885 32.336953103916954 -20.457638016814432 17.16335767318656 -23.43325506018165 2.596681696582136 1.7254206721813787 13.681495262537762 0.5813284309163135
0.02572527399434279 4.37551328161885 32.336953113916955 -20.457638016814432 17.16335767318656 -23.43325506018165 2.596681696582136 1.7254206721813787 13.681495262537762 0.5813284309163135
0.025725274058115994 4.37551328161885 32.336953103916954 -20.45763800681443 17.16335767318656 -23.43325506018165 2.596681696582136 1.7254206721813787 13.681495262537762 0.5813284309163135
0.02572527406341368 4.37551328161885 32.336953103916954 -20.457638016814432 17.16335768318656 -23.43325506018165 2.596681696582136 1.7254206721813787 13.681495262537762 0.5813284309163135
0.025725274011225215 4.37551328161885 32.336953103916954 -20.457638016814432 17.16335767318656 -23.43325505018165 2.596681696582136 1.7254206721813787 13.681495262537762 0.5813284309163135
0.025725273367000895 4.37551328161885 32.336953103916954 -20.457638016814432 17.16335767318656 -23.43325506018165 2.596681706582136 1.7254206721813787 13.681495262537762 0.5813284309163135
0.025725272468393536 4.37551328161885 32.336953103916954 -20.457638016814432 17.16335767318656 -23.43325506018165 2.596681696582136 1.7254206821813787 13.681495262537762 0.5813284309163135
0.025725274182661465 4.37551328161885 32.336953103916954 -20.457638016814432 17.16335767318656 -23.43325506018165 2.596681696582136 1.7254206721813787 13.681495272537763 0.5813284309163135
0.025725274254825323 4.37551328161885 32.336953103916954 -20.457638016814432 17.16335767318656 -23.43325506018165 2.596681696582136 1.7254206721813787 13.681495262537762 0.5813284409163135
0.030264305299851302 4.375386933815262 32.33799163408665 -20.457255325132422 17.16363183817758 -23.432419297462772 2.601136230381333 1.7384132332703786 13.681270726864868 0.577784558925345
0.03026430619948401 4.375386943815262 32.33799163408665 -20.457255325132422 17.16363183817758 -23.432419297462772 2.601136230381333 1.7384132332703786 13.681270726864868 0.577784558925345
0.030264305362071336 4.375386933815262 32.33799164408665 -20.457255325132422 17.16363183817758 -23.432419297462772 2.601136230381333 1.7384132332703786 13.681270726864868 0.577784558925345
0.0302643053202194 4.375386933815262 32.33799163408665 -20.45725531513242 17.16363183817758 -23.432419297462772 2.601136230381333 1.7384132332703786 13.681270726864868 0.577784558925345
0.030264305314353684 4.375386933815262 32.33799163408665 -20.457255325132422 17.16363184817758 -23.432419297462772 2.601136230381333 1.7384132332703786 13.681270726864868 0.577784558925345
0.030264305346453507 4.375386933815262 32.33799163408665 -20.457255325132422 17.16363183817758 -23.43241928746277 2.601136230381333 1.7384132332703786 13.681270726864868 0.577784558925345
0.030264305705069473 4.375386933815262 32.33799163408665 -20.457255325132422 17.16363183817758 -23.432419297462772 2.601136240381333 1.7384132332703786 13.681270726864868 0.577784558925345
0.030264306762947467 4.375386933815262 32.33799163408665 -20.457255325132422 17.16363183817758 -23.432419297462772 2.601136230381333 1.7384132432703785 13.681270726864868 0.577784558925345
0.030264305278193782 4.375386933815262 32.33799163408665 -20.457255325132422 17.16363183817758 -23.432419297462772 2.601136230381333 1.7384132332703786 13.68127073686487 0.577784558925345
0.030264306087299485 4.375386933815262 32.33799163408665 -20.457255325132422 17.16363183817758 -23.432419297462772 2.601136230381333 1.7384132332703786 13.681270726864868 0.577784568925345
0.029714550772174213 4.375503139042604 32.337036471978216 -20.457607296220537 17.16337968179491 -23.433187969287633 2.597039284505435 1.7264636506719642 13.681477237925401 0.5810439464151709
0.02971455119792596 4.375503149042604 32.337036471978216 -20.457607296220537 17.16337968179491 -23.433187969287633 2.597039284505435 1.7264636506719642 13.681477237925401 0.5810439464151709
0.029714550729217453 4.375503139042604 32.33703648197822 -20.457607296220537 17.16337968179491 -23.433187969287633 2.597039284505435 1.7264636506719642 13.681477237925401 0.5810439464151709
0.029714550752475023 4.375503139042604 32.337036471978216 -20.457607286220536 17.16337968179491 -23.433187969287633 2.597039284505435 1.7264636506719642 13.681477237925401 0.5810439464151709
0.029714550753731674 4.375503139042604 32.337036471978216 -20.457607296220537 17.163379691794912 -23.433187969287633 2.597039284505435 1.7264636506719642 13.681477237925401 0.5810439464151709
0.029714550731445605 4.375503139042604 32.337036471978216 -20.457607296220537 17.16337968179491 -23.433187959287633 2.597039284505435 1.7264636506719642 13.681477237925401 0.5810439464151709
0.029714550383652772 4.375503139042604 32.337036471978216 -20.457607296220537 17.16337968179491 -23.433187969287633 2.597039294505435 1.7264636506719642 13.681477237925401 0.5810439464151709
0.02971455062266039 4.375503139042604 32.337036471978216 -20.457607296220537 17.16337968179491 -23.433187969287633 2.597039284505435 1.726463660671964 13.681477237925401 0.5810439464151709
0.029714550826962345 4.375503139042604 32.337036471978216 -20.457607296220537 17.16337968179491 -23.433187969287633 2.597039284505435 1.7264636506719642 13.681477247925402 0.5810439464151709
0.029714551462081646 4.375503139042604 32.337036471978216 -20.457607296220537 17.16337968179491 -23.433187969287633 2.597039284505435 1.7264636506719642 13.681477237925401 0.5810439564151709
0.029772924458288517 4.375513198517277 32.336953786979805 -20.457637765110167 17.163357853510565 -23.433254510483163 2.596684626421484 1.725429217658509 13.68149511485599 0.5813261000381407
0.029772924845695978 4.375513208517277 32.336953786979805 -20.457637765110167 17.163357853510565 -23.433254510483163 2.596684626421484 1.725429217658509 13.68149511485599 0.5813261000381407
0.02977292440634599 4.375513198517277 32.336953796979806 -20.457637765110167 17.163357853510565 -23.433254510483163 2.596684626421484 1.725429217658509 13.68149511485599 0.5813261000381407
0.02977292443516128 4.375513198517277 32.336953786979805 -20.457637755110166 17.163357853510565 -23.433254510483163 2.596684626421484 1.725429217658509 13.68149511485599 0.5813261000381407
0.029772924437010566 4.375513198517277 32.336953786979805 -20.457637765110167 17.163357863510566 -23.433254510483163 2.596684626421484 1.725429217658509 13.68149511485599 0.5813261000381407
0.029772924410120867 4.375513198517277 32.336953786979805 -20.457637765110167 17.163357853510565 -23.433254500483162 2.596684626421484 1.725429217658509 13.68149511485599 0.5813261000381407
0.029772924001594883 4.375513198517277 32.336953786979805 -20.457637765110167 17.163357853510565 -23.433254510483163 2.5966846364214837 1.725429217658509 13.68149511485599 0.5813261000381407
0.02977292416894426 4.375513198517277 32.336953786979805 -20.457637765110167 17.163357853510565 -23.433254510483163 2.596684626421484 1.725429227658509 13.68149511485599 0.5813261000381407
0.02977292451967152 4.375513198517277 32.336953786979805 -20.457637765110167 17.163357853510565 -23.433254510483163 2.596684626421484 1.725429217658509 13.68149512485599 0.5813261000381407
0.02977292514102188 4.375513198517277 32.336953786979805 -20.457637765110167 17.163357853510565 -23.433254510483163 2.596684626421484 1.725429217658509 13.68149511485599 0.5813261100381407
0.025725273983792908 4.375513281613191 32.33695310396347 -20.45763801679729 17.16335767319884 -23.43325506014422 2.5966816967816504 1.7254206727633024 13.681495262527706 0.581328430757587
0.02572527372487588 4.375513291613191 32.33695310396347 -20.45763801679729 17.16335767319884 -23.43325506014422 2.5966816967816504 1.7254206727633024 13.681495262527706 0.581328430757587
0.02572527388169628 4.375513281613191 32.33695311396347 -20.45763801679729 17.16335767319884 -23.43325506014422 2.5966816967816504 1.7254206727633024 13.681495262527706 0.581328430757587
0.02572527394546768 4.375513281613191 32.33695310396347 -20.45763800679729 17.16335767319884 -23.43325506014422 2.5966816967816504 1.7254206727633024 13.681495262527706 0.581328430757587
0.02572527395076716 4.375513281613191 32.33695310396347 -20.45763801679729 17.16335768319884 -23.43325506014422 2.5966816967816504 1.7254206727633024 13.681495262527706 0.581328430757587
0.02572527389858114 4.375513281613191 32.33695310396347 -20.45763801679729 17.16335767319884 -23.43325505014422 2.5966816967816504 1.7254206727633024 13.681495262527706 0.581328430757587
0.0257252732543582 4.375513281613191 32.33695310396347 -20.45763801679729 17.16335767319884 -23.43325506014422 2.5966817067816503 1.7254206727633024 13.681495262527706 0.581328430757587
0.02572527235574863 4.375513281613191 32.33695310396347 -20.45763801679729 17.16335767319884 -23.43325506014422 2.5966816967816504 1.7254206827633023 13.681495262527706 0.581328430757587
0.025725274070018823 4.375513281613191 32.33695310396347 -20.45763801679729 17.16335767319884 -23.43325506014422 2.5966816967816504 1.7254206727633024 13.681495272527707 0.581328430757587
0.025725274142169883 4.375513281613191 32.33695310396347 -20.45763801679729 17.16335767319884 -23.43325506014422 2.5966816967816504 1.7254206727633024 13.681495262527706 0.581328440757587
0.02977347215936466 4.375513280955359 32.33695310937059 -20.457638014804804 17.163357674626283 -23.43325505579281 2.5966817199742347 1.7254207404092294 13.681495261358657 0.5813284123063746
0.02977347254640658 4.375513290955359 32.33695310937059 -20.457638014804804 17.163357674626283 -23.43325505579281 2.5966817199742347 1.7254207404092294 13.681495261358657 0.5813284123063746
0.029773472107323944 4.375513280955359 32.33695311937059 -20.457638014804804 17.163357674626283 -23.43325505579281 2.5966817199742347 1.7254207404092294 13.681495261358657 0.5813284123063746
0.02977347213618205 4.375513280955359 32.33695310937059 -20.457638004804803 17.163357674626283 -23.43325505579281 2.5966817199742347 1.7254207404092294 13.681495261358657 0.5813284123063746
0.029773472138037174 4.375513280955359 32.33695310937059 -20.457638014804804 17.163357684626284 -23.43325505579281 2.5966817199742347 1.7254207404092294 13.681495261358657 0.5813284123063746
0.02977347211104518 4.375513280955359 32.33695310937059 -20.457638014804804 17.163357674626283 -23.43325504579281 2.5966817199742347 1.7254207404092294 13.681495261358657 0.5813284123063746
0.029773471701996734 4.375513280955359 32.33695310937059 -20.457638014804804 17.163357674626283 -23.43325505579281 2.5966817299742346 1.7254207404092294 13.681495261358657 0.5813284123063746
0.02977347186880961 4.375513280955359 32.33695310937059 -20.457638014804804 17.163357674626283 -23.43325505579281 2.5966817199742347 1.7254207504092294 13.681495261358657 0.5813284123063746
0.02977347222077988 4.375513280955359 32.33695310937059 -20.457638014804804 17.163357674626283 -23.43325505579281 2.5966817199742347 1.7254207404092294 13.681495271358658 0.5813284123063746
0.029773472841957263 4.375513280955359 32.33695310937059 -20.457638014804804 17.163357674626283 -23.43325505579281 2.5966817199742347 1.7254207404092294 13.681495261358657 0.5813284223063746
0.02572527398378355 4.37551328161319 32.336953103963474 -20.45763801679729 17.163357673198842 -23.433255060144216 2.596681696781663 1.725420672763339 13.681495262527704 0.5813284307575771
0.025725273724868745 4.37551329161319 32.336953103963474 -20.45763801679729 17.163357673198842 -23.433255060144216 2.596681696781663 1.725420672763339 13.681495262527704 0.5813284307575771
0.02572527388168826 4.37551328161319 32.336953113963474 -20.45763801679729 17.163357673198842 -23.433255060144216 2.596681696781663 1.725420672763339 13.681495262527704 0.5813284307575771
0.025725273945460564 4.37551328161319 32.336953103963474 -20.45763800679729 17.163357673198842 -23.433255060144216 2.596681696781663 1.725420672763339 13.681495262527704 0.5813284307575771
0.025725273950760536 4.37551328161319 32.336953103963474 -20.45763801679729 17.163357683198843 -23.433255060144216 2.596681696781663 1.725420672763339 13.681495262527704 0.5813284307575771
0.025725273898574336 4.37551328161319 32.336953103963474 -20.45763801679729 17.163357673198842 -23.433255050144215 2.596681696781663 1.725420672763339 13.681495262527704 0.5813284307575771
0.025725273254351557 4.37551328161319 32.336953103963474 -20.45763801679729 17.163357673198842 -23.433255060144216 2.5966817067816628 1.725420672763339 13.681495262527704 0.5813284307575771
0.025725272355741666 4.37551328161319 32.336953103963474 -20.45763801679729 17.163357673198842 -23.433255060144216 2.596681696781663 1.725420682763339 13.681495262527704 0.5813284307575771
0.02572527407000884 4.37551328161319 32.336953103963474 -20.45763801679729 17.163357673198842 -23.433255060144216 2.596681696781663 1.725420672763339 13.681495272527705 0.5813284307575771
0.025725274142165033 4.37551328161319 32.336953103963474 -20.45763801679729 17.163357673198842 -23.433255060144216 2.596681696781663 1.725420672763339 13.681495262527704 0.5813284407575772
0.02572527398378042 4.37551328161319 32.336953103963474 -20.45763801679729 17.163357673198842 -23.433255060144216 2.5966816967816673 1.7254206727633525 13.681495262527704 0.5813284307575733
0.025725273724865702 4.37551329161319 32.336953103963474 -20.45763801679729 17.163357673198842 -23.433255060144216 2.5966816967816673 1.7254206727633525 13.681495262527704 0.5813284307575733
0.02572527388168631 4.37551328161319 32.336953113963474 -20.45763801679729 17.163357673198842 -23.433255060144216 2.5966816967816673 1.7254206727633525 13.681495262527704 0.5813284307575733
0.02572527394545656 4.37551328161319 32.336953103963474 -20.45763800679729 17.163357673198842 -23.433255060144216 2.5966816967816673 1.7254206727633525 13.681495262527704 0.5813284307575733
0.025725273950757285 4.37551328161319 32.336953103963474 -20.45763801679729 17.163357683198843 -23.433255060144216 2.5966816967816673 1.7254206727633525 13.681495262527704 0.5813284307575733
0.02572527389857077 4.37551328161319 32.336953103963474 -20.45763801679729 17.163357673198842 -23.433255050144215 2.5966816967816673 1.7254206727633525 13.681495262527704 0.5813284307575733
0.02572527325434731 4.37551328161319 32.336953103963474 -20.45763801679729 17.163357673198842 -23.433255060144216 2.596681706781667 1.7254206727633525 13.681495262527704 0.5813284307575733
0.02572527235573879 4.37551328161319 32.336953103963474 -20.45763801679729 17.163357673198842 -23.433255060144216 2.5966816967816673 1.7254206827633525 13.681495262527704 0.5813284307575733
0.0257252740700064 4.37551328161319 32.336953103963474 -20.45763801679729 17.163357673198842 -23.433255060144216 2.5966816967816673 1.7254206727633525 13.681495272527705 0.5813284307575733
0.02572527414216313 4.37551328161319 32.336953103963474 -20.45763801679729 17.163357673198842 -23.433255060144216 2.5966816967816673 1.7254206727633525 13.681495262527704 0.5813284407575734
0.029773474346821403 4.375513281284275 32.33695310666703 -20.457638015801045 17.16335767391256 -23.433255057968513 2.596681708377951 1.725420706586291 13.681495261943182 0.581328421531974
0.029773474733873297 4.375513291284275 32.33695310666703 -20.457638015801045 17.16335767391256 -23.433255057968513 2.596681708377951 1.725420706586291 13.681495261943182 0.581328421531974
0.029773474294756134 4.375513281284275 32.33695311666703 -20.457638015801045 17.16335767391256 -23.433255057968513 2.596681708377951 1.725420706586291 13.681495261943182 0.581328421531974
0.029773474323643138 4.375513281284275 32.33695310666703 -20.457638005801044 17.16335767391256 -23.433255057968513 2.596681708377951 1.725420706586291 13.681495261943182 0.581328421531974
0.029773474325487933 4.375513281284275 32.33695310666703 -20.457638015801045 17.16335768391256 -23.433255057968513 2.596681708377951 1.725420706586291 13.681495261943182 0.581328421531974
0.02977347429855374 4.375513281284275 32.33695310666703 -20.457638015801045 17.16335767391256 -23.43325504796851 2.596681708377951 1.725420706586291 13.681495261943182 0.581328421531974
0.02977347388951502 4.375513281284275 32.33695310666703 -20.457638015801045 17.16335767391256 -23.433255057968513 2.596681718377951 1.725420706586291 13.681495261943182 0.581328421531974
0.029773474056309916 4.375513281284275 32.33695310666703 -20.457638015801045 17.16335767391256 -23.433255057968513 2.596681708377951 1.725420716586291 13.681495261943182 0.581328421531974
0.0297734744082549 4.375513281284275 32.33695310666703 -20.457638015801045 17.16335767391256 -23.433255057968513 2.596681708377951 1.725420706586291 13.681495271943183 0.581328421531974
0.029773475029449808 4.375513281284275 32.33695310666703 -20.457638015801045 17.16335767391256 -23.433255057968513 2.596681708377951 1.725420706586291 13.681495261943182 0.581328431531974
0.025725273983778125 4.37551328161319 32.336953103963474 -20.45763801679729 17.163357673198842 -23.433255060144212 2.5966816967816704 1.7254206727633616 13.681495262527704 0.5813284307575709
0.025725273724865105 4.37551329161319 32.336953103963474 -20.45763801679729 17.163357673198842 -23.433255060144212 2.5966816967816704 1.7254206727633616 13.681495262527704 0.5813284307575709
0.02572527388168507 4.37551328161319 32.336953113963474 -20.45763801679729 17.163357673198842 -23.433255060144212 2.5966816967816704 1.7254206727633616 13.681495262527704 0.5813284307575709
0.02572527394545574 4.37551328161319 32.336953103963474 -20.45763800679729 17.163357673198842 -23.433255060144212 2.5966816967816704 1.7254206727633616 13.681495262527704 0.5813284307575709
0.025725273950753344 4.37551328161319 32.336953103963474 -20.45763801679729 17.163357683198843 -23.433255060144212 2.5966816967816704 1.7254206727633616 13.681495262527704 0.5813284307575709
0.02572527389857018 4.37551328161319 32.336953103963474 -20.45763801679729 17.163357673198842 -23.43325505014421 2.5966816967816704 1.7254206727633616 13.681495262527704 0.5813284307575709
0.025725273254344632 4.37551328161319 32.336953103963474 -20.45763801679729 17.163357673198842 -23.433255060144212 2.5966817067816703 1.7254206727633616 13.681495262527704 0.5813284307575709
0.0257252723557364 4.37551328161319 32.336953103963474 -20.45763801679729 17.163357673198842 -23.433255060144212 2.5966816967816704 1.7254206827633616 13.681495262527704 0.5813284307575709
0.02572527407000426 4.37551328161319 32.336953103963474 -20.45763801679729 17.163357673198842 -23.433255060144212 2.5966816967816704 1.7254206727633616 13.681495272527705 0.5813284307575709
0.02572527414215986 4.37551328161319 32.336953103963474 -20.45763801679729 17.163357673198842 -23.433255060144212 2.5966816967816704 1.7254206727633616 13.681495262527704 0.581328440757571
0.025725273983777715 4.37551328161319 32.336953103963474 -20.45763801679729 17.163357673198842 -23.433255060144212 2.5966816967816717 1.7254206727633652 13.681495262527704 0.5813284307575699
0.025725273724863783 4.37551329161319 32.336953103963474 -20.45763801679729 17.163357673198842 -23.433255060144212 2.5966816967816717 1.7254206727633652 13.681495262527704 0.5813284307575699
0.02572527388168427 4.37551328161319 32.336953113963474 -20.45763801679729 17.163357673198842 -23.433255060144212 2.5966816967816717 1.7254206727633652 13.681495262527704 0.5813284307575699
0.025725273945454735 4.37551328161319 32.336953103963474 -20.45763800679729 17.163357673198842 -23.433255060144212 2.5966816967816717 1.7254206727633652 13.681495262527704 0.5813284307575699
0.025725273950752362 4.37551328161319 32.336953103963474 -20.45763801679729 17.163357683198843 -23.433255060144212 2.5966816967816717 1.7254206727633652 13.681495262527704 0.5813284307575699
0.025725273898568903 4.37551328161319 32.336953103963474 -20.45763801679729 17.163357673198842 -23.43325505014421 2.5966816967816717 1.7254206727633652 13.681495262527704 0.5813284307575699
0.025725273254344445 4.37551328161319 32.336953103963474 -20.45763801679729 17.163357673198842 -23.433255060144212 2.5966817067816717 1.7254206727633652 13.681495262527704 0.5813284307575699
0.025725272355735698 4.37551328161319 32.336953103963474 -20.45763801679729 17.163357673198842 -23.433255060144212 2.5966816967816717 1.7254206827633651 13.681495262527704 0.5813284307575699
0.02572527407000458 4.37551328161319 32.336953103963474 -20.45763801679729 17.163357673198842 -23.433255060144212 2.5966816967816717 1.7254206727633652 13.681495272527705 0.5813284307575699
0.02572527414215854 4.37551328161319 32.336953103963474 -20.45763801679729 17.163357673198842 -23.433255060144212 2.5966816967816717 1.7254206727633652 13.681495262527704 0.58132844075757
0.025725270710101618 4.3755132814487325 32.33695310531525 -20.457638016299168 17.1633576735557 -23.433255059056364 2.5966817025798115 1.725420689674828 13.681495262235442 0.5813284261447719
0.025725270451189875 4.3755132914487325 32.33695310531525 -20.457638016299168 17.1633576735557 -23.433255059056364 2.5966817025798115 1.725420689674828 13.681495262235442 0.5813284261447719
0.025725270608006834 4.3755132814487325 32.336953115315254 -20.457638016299168 17.1633576735557 -23.433255059056364 2.5966817025798115 1.725420689674828 13.681495262235442 0.5813284261447719
0.025725270671781 4.3755132814487325 32.33695310531525 -20.457638006299167 17.1633576735557 -23.433255059056364 2.5966817025798115 1.725420689674828 13.681495262235442 0.5813284261447719
0.025725270677072195 4.3755132814487325 32.33695310531525 -20.457638016299168 17.163357683555702 -23.433255059056364 2.5966817025798115 1.725420689674828 13.681495262235442 0.5813284261447719
0.025725270624899092 4.3755132814487325 32.33695310531525 -20.457638016299168 17.1633576735557 -23.433255049056363 2.5966817025798115 1.725420689674828 13.681495262235442 0.5813284261447719
0.02977347498329629 4.3755132814487325 32.33695310531525 -20.457638016299168 17.1633576735557 -23.433255059056364 2.5966817125798114 1.725420689674828 13.681495262235442 0.5813284261447719
0.029773475150034322 4.3755132814487325 32.33695310531525 -20.457638016299168 17.1633576735557 -23.433255059056364 2.5966817025798115 1.725420699674828 13.681495262235442 0.5813284261447719
0.025725270796326465 4.3755132814487325 32.33695310531525 -20.457638016299168 17.1633576735557 -23.433255059056364 2.5966817025798115 1.725420689674828 13.681495272235443 0.5813284261447719
0.02572527086848924 4.3755132814487325 32.33695310531525 -20.457638016299168 17.1633576735557 -23.433255059056364 2.5966817025798115 1.725420689674828 13.681495262235442 0.5813284361447719
0.025725273983777282 4.37551328161319 32.336953103963474 -20.45763801679729 17.163357673198842 -23.433255060144212 2.596681696781674 1.7254206727633712 13.681495262527704 0.5813284307575682
0.02572527372486225 4.37551329161319 32.336953103963474 -20.45763801679729 17.163357673198842 -23.433255060144212 2.596681696781674 1.7254206727633712 13.681495262527704 0.5813284307575682
0.025725273881684264 4.37551328161319 32.336953113963474 -20.45763801679729 17.163357673198842 -23.433255060144212 2.596681696781674 1.7254206727633712 13.681495262527704 0.5813284307575682
0.02572527394545403 4.37551328161319 32.336953103963474 -20.45763800679729 17.163357673198842 -23.433255060144212 2.596681696781674 1.7254206727633712 13.681495262527704 0.5813284307575682
0.025725273950751495 4.37551328161319 32.336953103963474 -20.45763801679729 17.163357683198843 -23.433255060144212 2.596681696781674 1.7254206727633712 13.681495262527704 0.5813284307575682
0.02572527389856736 4.37551328161319 32.336953103963474 -20.45763801679729 17.163357673198842 -23.43325505014421 2.596681696781674 1.7254206727633712 13.681495262527704 0.5813284307575682
0.025725273254344094 4.37551328161319 32.336953103963474 -20.45763801679729 17.163357673198842 -23.433255060144212 2.596681706781674 1.7254206727633712 13.681495262527704 0.5813284307575682
0.025725272355735983 4.37551328161319 32.336953103963474 -20.45763801679729 17.163357673198842 -23.433255060144212 2.596681696781674 1.7254206827633711 13.681495262527704 0.5813284307575682
0.025725274070003412 4.37551328161319 32.336953103963474 -20.45763801679729 17.163357673198842 -23.433255060144212 2.596681696781674 1.7254206727633712 13.681495272527705 0.5813284307575682
0.025725274142158246 4.37551328161319 32.336953103963474 -20.45763801679729 17.163357673198842 -23.433255060144212 2.596681696781674 1.7254206727633712 13.681495262527704 0.5813284407575683
0.025725271801327998 4.375513281503552 32.33695310486466 -20.457638016465207 17.16335767343675 -23.43325505941898 2.5966817006471 1.725420684037679 13.681495262332863 0.5813284276823699
0.02572527154241581 4.375513291503552 32.33695310486466 -20.457638016465207 17.16335767343675 -23.43325505941898 2.5966817006471 1.725420684037679 13.681495262332863 0.5813284276823699
0.02572527169923073 4.375513281503552 32.33695311486466 -20.457638016465207 17.16335767343675 -23.43325505941898 2.5966817006471 1.725420684037679 13.681495262332863 0.5813284276823699
0.02572527176300177 4.375513281503552 32.33695310486466 -20.457638006465206 17.16335767343675 -23.43325505941898 2.5966817006471 1.725420684037679 13.681495262332863 0.5813284276823699
0.02572527176829997 4.375513281503552 32.33695310486466 -20.457638016465207 17.16335768343675 -23.43325505941898 2.5966817006471 1.725420684037679 13.681495262332863 0.5813284276823699
0.025725271716113978 4.375513281503552 32.33695310486466 -20.457638016465207 17.16335767343675 -23.433255049418978 2.5966817006471 1.725420684037679 13.681495262332863 0.5813284276823699
0.025725271071890723 4.375513281503552 32.33695310486466 -20.457638016465207 17.16335767343675 -23.43325505941898 2.5966817106471 1.725420684037679 13.681495262332863 0.5813284276823699
0.025725270173283243 4.375513281503552 32.33695310486466 -20.457638016465207 17.16335767343675 -23.43325505941898 2.5966817006471 1.7254206940376788 13.681495262332863 0.5813284276823699
0.025725271887551034 4.375513281503552 32.33695310486466 -20.457638016465207 17.16335767343675 -23.43325505941898 2.5966817006471 1.725420684037679 13.681495272332864 0.5813284276823699
0.02572527195971003 4.375513281503552 32.33695310486466 -20.457638016465207 17.16335767343675 -23.43325505941898 2.5966817006471 1.725420684037679 13.681495262332863 0.58132843768237
0.025725271073848047 4.375513281467006 32.33695310516506 -20.457638016354515 17.16335767351605 -23.433255059177235 2.596681701935575 1.7254206877957794 13.681495262267916 0.5813284266573043
0.025725270814932148 4.375513291467006 32.33695310516506 -20.457638016354515 17.16335767351605 -23.433255059177235 2.596681701935575 1.7254206877957794 13.681495262267916 0.5813284266573043
0.025725270971749394 4.375513281467006 32.33695311516506 -20.457638016354515 17.16335767351605 -23.433255059177235 2.596681701935575 1.7254206877957794 13.681495262267916 0.5813284266573043
0.025725271035520754 4.375513281467006 32.33695310516506 -20.457638006354514 17.16335767351605 -23.433255059177235 2.596681701935575 1.7254206877957794 13.681495262267916 0.5813284266573043
0.025725271040818034 4.375513281467006 32.33695310516506 -20.457638016354515 17.16335768351605 -23.433255059177235 2.596681701935575 1.7254206877957794 13.681495262267916 0.5813284266573043
0.025725270988631668 4.375513281467006 32.33695310516506 -20.457638016354515 17.16335767351605 -23.433255049177234 2.596681701935575 1.7254206877957794 13.681495262267916 0.5813284266573043
0.02977347510478428 4.375513281467006 32.33695310516506 -20.457638016354515 17.16335767351605 -23.433255059177235 2.5966817119355747 1.7254206877957794 13.681495262267916 0.5813284266573043
0.02977347527158889 4.375513281467006 32.33695310516506 -20.457638016354515 17.16335767351605 -23.433255059177235 2.596681701935575 1.7254206977957793 13.681495262267916 0.5813284266573043
0.025725271160068758 4.375513281467006 32.33695310516506 -20.457638016354515 17.16335767351605 -23.433255059177235 2.596681701935575 1.7254206877957794 13.681495272267917 0.5813284266573043
0.025725271232236096 4.375513281467006 32.33695310516506 -20.457638016354515 17.16335767351605 -23.433255059177235 2.596681701935575 1.7254206877957794 13.681495262267916 0.5813284366573044
0.025725270786973967 4.375513281452594 32.33695310528351 -20.457638016310863 17.16335767354732 -23.433255059081905 2.5966817024436684 1.7254206892777386 13.681495262242306 0.5813284262530827
0.025725270528059334 4.375513291452594 32.33695310528351 -20.457638016310863 17.16335767354732 -23.433255059081905 2.5966817024436684 1.7254206892777386 13.681495262242306 0.5813284262530827
0.02572527068487582 4.375513281452594 32.336953115283514 -20.457638016310863 17.16335767354732 -23.433255059081905 2.5966817024436684 1.7254206892777386 13.681495262242306 0.5813284262530827
0.025725270748647645 4.375513281452594 32.33695310528351 -20.457638006310862 17.16335767354732 -23.433255059081905 2.5966817024436684 1.7254206892777386 13.681495262242306 0.5813284262530827
0.025725270753948645 4.375513281452594 32.33695310528351 -20.457638016310863 17.16335768354732 -23.433255059081905 2.5966817024436684 1.7254206892777386 13.681495262242306 0.5813284262530827
0.025725270701761237 4.375513281452594 32.33695310528351 -20.457638016310863 17.16335767354732 -23.433255049081904 2.5966817024436684 1.7254206892777386 13.681495262242306 0.5813284262530827
0.029773475008956905 4.375513281452594 32.33695310528351 -20.457638016310863 17.16335767354732 -23.433255059081905 2.5966817124436683 1.7254206892777386 13.681495262242306 0.5813284262530827
0.02977347517575317 4.375513281452594 32.33695310528351 -20.457638016310863 17.16335767354732 -23.433255059081905 2.5966817024436684 1.7254206992777386 13.681495262242306 0.5813284262530827
0.025725270873194487 4.375513281452594 32.33695310528351 -20.457638016310863 17.16335767354732 -23.433255059081905 2.5966817024436684 1.7254206892777386 13.681495272242307 0.5813284262530827
0.025725270945358536 4.375513281452594 32.33695310528351 -20.457638016310863 17.16335767354732 -23.433255059081905 2.5966817024436684 1.7254206892777386 13.681495262242306 0.5813284362530827
0.025725270710101618 4.3755132814487325 32.33695310531525 -20.457638016299168 17.1633576735557 -23.433255059056364 2.5966817025798115 1.725420689674828 13.681495262235442 0.5813284261447719
0.025725270451189875 4.3755132914487325 32.33695310531525 -20.457638016299168 17.1633576735557 -23.433255059056364 2.5966817025798115 1.725420689674828 13.681495262235442 0.5813284261447719
0.025725270608006834 4.3755132814487325 32.336953115315254 -20.457638016299168 17.1633576735557 -23.433255059056364 2.5966817025798115 1.725420689674828 13.681495262235442 0.5813284261447719
0.025725270671781 4.3755132814487325 32.33695310531525 -20.457638006299167 17.1633576735557 -23.433255059056364 2.5966817025798115 1.725420689674828 13.681495262235442 0.5813284261447719
0.025725270677072195 4.3755132814487325 32.33695310531525 -20.457638016299168 17.163357683555702 -23.433255059056364 2.5966817025798115 1.725420689674828 13.681495262235442 0.5813284261447719
0.025725270624899092 4.3755132814487325 32.33695310531525 -20.457638016299168 17.1633576735557 -23.433255049056363 2.5966817025798115 1.725420689674828 13.681495262235442 0.5813284261447719
0.02977347498329629 4.3755132814487325 32.33695310531525 -20.457638016299168 17.1633576735557 -23.433255059056364 2.5966817125798114 1.725420689674828 13.681495262235442 0.5813284261447719
0.029773475150034322 4.3755132814487325 32.33695310531525 -20.457638016299168 17.1633576735557 -23.433255059056364 2.5966817025798115 1.725420699674828 13.681495262235442 0.5813284261447719
0.025725270796326465 4.3755132814487325 32.33695310531525 -20.457638016299168 17.1633576735557 -23.433255059056364 2.5966817025798115 1.725420689674828 13.681495272235443 0.5813284261447719
0.02572527086848924 4.3755132814487325 32.33695310531525 -20.457638016299168 17.1633576735557 -23.433255059056364 2.5966817025798115 1.725420689674828 13.681495262235442 0.5813284361447719
0.02572416416622038 4.37548625697358 32.33695563036506 -20.457637241121937 17.163358001337688 -23.43325318905465 2.5966677096282176 1.725434659131625 13.681498560595047 0.5812945869087488
0.025724163907081817 4.37548626697358 32.33695563036506 -20.457637241121937 17.163358001337688 -23.43325318905465 2.5966677096282176 1.725434659131625 13.681498560595047 0.5812945869087488
0.025724164064138366 4.37548625697358 32.33695564036506 -20.457637241121937 17.163358001337688 -23.43325318905465 2.5966677096282176 1.725434659131625 13.681498560595047 0.5812945869087488
0.02572416412790286 4.37548625697358 32.33695563036506 -20.457637231121936 17.163358001337688 -23.43325318905465 2.5966677096282176 1.725434659131625 13.681498560595047 0.5812945869087488
0.025724164133200215 4.37548625697358 32.33695563036506 -20.457637241121937 17.16335801133769 -23.43325318905465 2.5966677096282176 1.725434659131625 13.681498560595047 0.5812945869087488
0.02572416408103048 4.37548625697358 32.33695563036506 -20.457637241121937 17.163358001337688 -23.43325317905465 2.5966677096282176 1.725434659131625 13.681498560595047 0.5812945869087488
0.025724163436988447 4.37548625697358 32.33695563036506 -20.457637241121937 17.163358001337688 -23.43325318905465 2.5966677196282175 1.725434659131625 13.681498560595047 0.5812945869087488
0.025724162538113354 4.37548625697358 32.33695563036506 -20.457637241121937 17.163358001337688 -23.43325318905465 2.5966677096282176 1.725434669131625 13.681498560595047 0.5812945869087488
0.02572416425242313 4.37548625697358 32.33695563036506 -20.457637241121937 17.163358001337688 -23.43325318905465 2.5966677096282176 1.725434659131625 13.681498570595048 0.5812945869087488
0.02572416432428715 4.37548625697358 32.33695563036506 -20.457637241121937 17.163358001337688 -23.43325318905465 2.5966677096282176 1.725434659131625 13.681498560595047 0.5812945969087489
0.025724902207640697 4.375504285223656 32.33695394588353 -20.457637758249057 17.163357782671625 -23.433254436548204 2.596677044441538 1.725425339991877 13.681496360232174 0.5813171613419602
0.025724901948655086 4.375504295223656 32.33695394588353 -20.457637758249057 17.163357782671625 -23.433254436548204 2.596677044441538 1.725425339991877 13.681496360232174 0.5813171613419602
0.025724902105546135 4.375504285223656 32.33695395588353 -20.457637758249057 17.163357782671625 -23.433254436548204 2.596677044441538 1.725425339991877 13.681496360232174 0.5813171613419602
0.025724902169319427 4.375504285223656 32.33695394588353 -20.457637748249056 17.163357782671625 -23.433254436548204 2.596677044441538 1.725425339991877 13.681496360232174 0.5813171613419602
0.025724902174613592 4.375504285223656 32.33695394588353 -20.457637758249057 17.163357792671626 -23.433254436548204 2.596677044441538 1.725425339991877 13.681496360232174 0.5813171613419602
0.02572490212243851 4.375504285223656 32.33695394588353 -20.457637758249057 17.163357782671625 -23.433254426548203 2.596677044441538 1.725425339991877 13.681496360232174 0.5813171613419602
0.025724901478272836 4.375504285223656 32.33695394588353 -20.457637758249057 17.163357782671625 -23.433254436548204 2.596677054441538 1.725425339991877 13.681496360232174 0.5813171613419602
0.025724900579566716 4.375504285223656 32.33695394588353 -20.457637758249057 17.163357782671625 -23.433254436548204 2.596677044441538 1.725425349991877 13.681496360232174 0.5813171613419602
0.025724902293852266 4.375504285223656 32.33695394588353 -20.457637758249057 17.163357782671625 -23.433254436548204 2.596677044441538 1.725425339991877 13.681496370232175 0.5813171613419602
0.025724902365922286 4.375504285223656 32.33695394588353 -20.457637758249057 17.163357782671625 -23.433254436548204 2.596677044441538 1.725425339991877 13.681496360232174 0.5813171713419603
0.02572514802280656 4.375510286679412 32.33695338513352 -20.45763793039641 17.163357709879495 -23.43325485182852 2.5966801519239007 1.7254222377271178 13.681495627749522 0.5813246761845862
0.025725147763866058 4.375510296679412 32.33695338513352 -20.45763793039641 17.163357709879495 -23.43325485182852 2.5966801519239007 1.7254222377271178 13.681495627749522 0.5813246761845862
0.025725147920713776 4.375510286679412 32.33695339513352 -20.45763793039641 17.163357709879495 -23.43325485182852 2.5966801519239007 1.7254222377271178 13.681495627749522 0.5813246761845862
0.025725147984480227 4.375510286679412 32.33695338513352 -20.457637920396408 17.163357709879495 -23.43325485182852 2.5966801519239007 1.7254222377271178 13.681495627749522 0.5813246761845862
0.025725147989781465 4.375510286679412 32.33695338513352 -20.45763793039641 17.163357719879496 -23.43325485182852 2.5966801519239007 1.7254222377271178 13.681495627749522 0.5813246761845862
0.02572514793759949 4.375510286679412 32.33695338513352 -20.45763793039641 17.163357709879495 -23.433254841828518 2.5966801519239007 1.7254222377271178 13.681495627749522 0.5813246761845862
0.025725147293400145 4.375510286679412 32.33695338513352 -20.45763793039641 17.163357709879495 -23.43325485182852 2.5966801619239006 1.7254222377271178 13.681495627749522 0.5813246761845862
0.025725146394756145 4.375510286679412 32.33695338513352 -20.45763793039641 17.163357709879495 -23.43325485182852 2.5966801519239007 1.7254222477271177 13.681495627749522 0.5813246761845862
0.02572514810902434 4.375510286679412 32.33695338513352 -20.45763793039641 17.163357709879495 -23.43325485182852 2.5966801519239007 1.7254222377271178 13.681495637749522 0.5813246761845862
0.02572514818115432 4.375510286679412 32.33695338513352 -20.45763793039641 17.163357709879495 -23.43325485182852 2.5966801519239007 1.7254222377271178 13.681495627749522 0.5813246861845862
0.025725229866750056 4.375512284514646 32.33695319846445 -20.457637987702846 17.163357685647593 -23.43325499007192 2.5966811863792065 1.7254212050087088 13.681495383912074 0.5813271778138546
0.02572522960783288 4.375512294514646 32.33695319846445 -20.457637987702846 17.163357685647593 -23.43325499007192 2.5966811863792065 1.7254212050087088 13.681495383912074 0.5813271778138546
0.02572522976464903 4.375512284514646 32.33695320846445 -20.457637987702846 17.163357685647593 -23.43325499007192 2.5966811863792065 1.7254212050087088 13.681495383912074 0.5813271778138546
0.025725229828424755 4.375512284514646 32.33695319846445 -20.457637977702845 17.163357685647593 -23.43325499007192 2.5966811863792065 1.7254212050087088 13.681495383912074 0.5813271778138546
0.02572522983372241 4.375512284514646 32.33695319846445 -20.457637987702846 17.163357695647594 -23.43325499007192 2.5966811863792065 1.7254212050087088 13.681495383912074 0.5813271778138546
0.025725229781540387 4.375512284514646 32.33695319846445 -20.457637987702846 17.163357685647593 -23.43325498007192 2.5966811863792065 1.7254212050087088 13.681495383912074 0.5813271778138546
0.02572522913732239 4.375512284514646 32.33695319846445 -20.457637987702846 17.163357685647593 -23.43325499007192 2.5966811963792065 1.7254212050087088 13.681495383912074 0.5813271778138546
0.025725228238710113 4.375512284514646 32.33695319846445 -20.457637987702846 17.163357685647593 -23.43325499007192 2.5966811863792065 1.7254212150087087 13.681495383912074 0.5813271778138546
0.02572522995297661 4.375512284514646 32.33695319846445 -20.457637987702846 17.163357685647593 -23.43325499007192 2.5966811863792065 1.7254212050087088 13.681495393912074 0.5813271778138546
0.025725230025124106 4.375512284514646 32.33695319846445 -20.457637987702846 17.163357685647593 -23.43325499007192 2.5966811863792065 1.7254212050087088 13.681495383912074 0.5813271878138546
0.025725257113494278 4.375512949577569 32.33695313632386 -20.457638006779685 17.163357677580994 -23.43325503609201 2.5966815307408733 1.725420861225241 13.681495302740593 0.5813280105856703
0.025725256854579277 4.375512959577569 32.33695313632386 -20.457638006779685 17.163357677580994 -23.43325503609201 2.5966815307408733 1.725420861225241 13.681495302740593 0.5813280105856703
0.02572525701140063 4.375512949577569 32.33695314632386 -20.457638006779685 17.163357677580994 -23.43325503609201 2.5966815307408733 1.725420861225241 13.681495302740593 0.5813280105856703
0.025725257075173407 4.375512949577569 32.33695313632386 -20.457637996779685 17.163357677580994 -23.43325503609201 2.5966815307408733 1.725420861225241 13.681495302740593 0.5813280105856703
0.025725257080471207 4.375512949577569 32.33695313632386 -20.457638006779685 17.163357687580994 -23.43325503609201 2.5966815307408733 1.725420861225241 13.681495302740593 0.5813280105856703
0.025725257028282655 4.375512949577569 32.33695313632386 -20.457638006779685 17.163357677580994 -23.43325502609201 2.5966815307408733 1.725420861225241 13.681495302740593 0.5813280105856703
0.025725256384067207 4.375512949577569 32.33695313632386 -20.457638006779685 17.163357677580994 -23.43325503609201 2.596681540740873 1.725420861225241 13.681495302740593 0.5813280105856703
0.02572525548545078 4.375512949577569 32.33695313632386 -20.457638006779685 17.163357677580994 -23.43325503609201 2.5966815307408733 1.725420871225241 13.681495302740593 0.5813280105856703
0.025725257199714618 4.375512949577569 32.33695313632386 -20.457638006779685 17.163357677580994 -23.43325503609201 2.5966815307408733 1.725420861225241 13.681495312740594 0.5813280105856703
0.0257252572718748 4.375512949577569 32.33695313632386 -20.457638006779685 17.163357677580994 -23.43325503609201 2.5966815307408733 1.725420861225241 13.681495302740593 0.5813280205856703
0.02572526618388538 4.3755131709715505 32.33695311563776 -20.45763801313021 17.16335767489569 -23.43325505141172 2.5966816453760413 1.7254207467825506 13.681495275719273 0.5813282878085625
0.02572526592496657 4.37551318097155 32.33695311563776 -20.45763801313021 17.16335767489569 -23.43325505141172 2.5966816453760413 1.7254207467825506 13.681495275719273 0.5813282878085625
0.025725266081787247 4.3755131709715505 32.33695312563776 -20.45763801313021 17.16335767489569 -23.43325505141172 2.5966816453760413 1.7254207467825506 13.681495275719273 0.5813282878085625
0.025725266145561067 4.3755131709715505 32.33695311563776 -20.45763800313021 17.16335767489569 -23.43325505141172 2.5966816453760413 1.7254207467825506 13.681495275719273 0.5813282878085625
0.025725266150854985 4.3755131709715505 32.33695311563776 -20.45763801313021 17.16335768489569 -23.43325505141172 2.5966816453760413 1.7254207467825506 13.681495275719273 0.5813282878085625
0.025725266098674253 4.3755131709715505 32.33695311563776 -20.45763801313021 17.16335767489569 -23.43325504141172 2.5966816453760413 1.7254207467825506 13.681495275719273 0.5813282878085625
0.02572526545445508 4.3755131709715505 32.33695311563776 -20.45763801313021 17.16335767489569 -23.43325505141172 2.5966816553760412 1.7254207467825506 13.681495275719273 0.5813282878085625
0.025725264555849992 4.3755131709715505 32.33695311563776 -20.45763801313021 17.16335767489569 -23.43325505141172 2.5966816453760413 1.7254207567825506 13.681495275719273 0.5813282878085625
0.025725266270098628 4.3755131709715505 32.33695311563776 -20.45763801313021 17.16335767489569 -23.43325505141172 2.5966816453760413 1.7254207467825506 13.681495285719274 0.5813282878085625
0.025725266342273623 4.3755131709715505 32.33695311563776 -20.45763801313021 17.16335767489569 -23.43325505141172 2.5966816453760413 1.7254207467825506 13.681495275719273 0.5813282978085625
0.025725269203361493 4.375513244671787 32.33695310875153 -20.45763801524425 17.163357674001773 -23.433255056511523 2.5966816835371467 1.7254207086855196 13.681495266724099 0.5813283800937847
0.02572526894444954 4.3755132546717865 32.33695310875153 -20.45763801524425 17.163357674001773 -23.433255056511523 2.5966816835371467 1.7254207086855196 13.681495266724099 0.5813283800937847
0.02572526910126699 4.375513244671787 32.33695311875153 -20.45763801524425 17.163357674001773 -23.433255056511523 2.5966816835371467 1.7254207086855196 13.681495266724099 0.5813283800937847
0.02572526916503432 4.375513244671787 32.33695310875153 -20.45763800524425 17.163357674001773 -23.433255056511523 2.5966816835371467 1.7254207086855196 13.681495266724099 0.5813283800937847
0.025725269170337083 4.375513244671787 32.33695310875153 -20.45763801524425 17.163357684001774 -23.433255056511523 2.5966816835371467 1.7254207086855196 13.681495266724099 0.5813283800937847
0.025725269118156945 4.375513244671787 32.33695310875153 -20.45763801524425 17.163357674001773 -23.433255046511523 2.5966816835371467 1.7254207086855196 13.681495266724099 0.5813283800937847
0.025725268473924187 4.375513244671787 32.33695310875153 -20.45763801524425 17.163357674001773 -23.433255056511523 2.5966816935371466 1.7254207086855196 13.681495266724099 0.5813283800937847
0.029773470895645072 4.375513244671787 32.33695310875153 -20.45763801524425 17.163357674001773 -23.433255056511523 2.5966816835371467 1.7254207186855195 13.681495266724099 0.5813283800937847
0.025725269289585503 4.375513244671787 32.33695310875153 -20.45763801524425 17.163357674001773 -23.433255056511523 2.5966816835371467 1.7254207086855196 13.6814952767241 0.5813283800937847
0.02572526936174621 4.375513244671787 32.33695310875153 -20.45763801524425 17.163357674001773 -23.433255056511523 2.5966816835371467 1.7254207086855196 13.681495266724099 0.5813283900937848
0.02572526983170937 4.375513260008808 32.33695310731851 -20.45763801568418 17.16335767381575 -23.433255057572794 2.596681691478474 1.725420700757526 13.681495264852202 0.5813283992983429
0.025725269572800406 4.375513270008808 32.33695310731851 -20.45763801568418 17.16335767381575 -23.433255057572794 2.596681691478474 1.725420700757526 13.681495264852202 0.5813283992983429
0.025725269729615606 4.375513260008808 32.33695311731851 -20.45763801568418 17.16335767381575 -23.433255057572794 2.596681691478474 1.725420700757526 13.681495264852202 0.5813283992983429
0.02572526979338695 4.375513260008808 32.33695310731851 -20.457638005684178 17.16335767381575 -23.433255057572794 2.596681691478474 1.725420700757526 13.681495264852202 0.5813283992983429
0.025725269798682268 4.375513260008808 32.33695310731851 -20.45763801568418 17.16335768381575 -23.433255057572794 2.596681691478474 1.725420700757526 13.681495264852202 0.5813283992983429
0.025725269746504603 4.375513260008808 32.33695310731851 -20.45763801568418 17.16335767381575 -23.433255047572793 2.596681691478474 1.725420700757526 13.681495264852202 0.5813283992983429
0.029773472503117637 4.375513260008808 32.33695310731851 -20.45763801568418 17.16335767381575 -23.433255057572794 2.5966817014784738 1.725420700757526 13.681495264852202 0.5813283992983429
0.029773472669864055 4.375513260008808 32.33695310731851 -20.45763801568418 17.16335767381575 -23.433255057572794 2.596681691478474 1.725420710757526 13.681495264852202 0.5813283992983429
0.025725269917939584 4.375513260008808 32.33695310731851 -20.45763801568418 17.16335767381575 -23.433255057572794 2.596681691478474 1.725420700757526 13.681495274852203 0.5813283992983429
0.02572526999009651 4.375513260008808 32.33695310731851 -20.45763801568418 17.16335767381575 -23.433255057572794 2.596681691478474 1.725420700757526 13.681495264852202 0.581328409298343
0.025725270524700382 4.375513276923409 32.33695310573808 -20.457638016169362 17.16335767361059 -23.433255058743228 2.596681700236653 1.7254206920140522 13.681495262787761 0.5813284204782985
0.025725270265789493 4.375513286923409 32.33695310573808 -20.457638016169362 17.16335767361059 -23.433255058743228 2.596681700236653 1.7254206920140522 13.681495262787761 0.5813284204782985
0.02572527042261024 4.375513276923409 32.33695311573808 -20.457638016169362 17.16335767361059 -23.433255058743228 2.596681700236653 1.7254206920140522 13.681495262787761 0.5813284204782985
0.02572527048637755 4.375513276923409 32.33695310573808 -20.45763800616936 17.16335767361059 -23.433255058743228 2.596681700236653 1.7254206920140522 13.681495262787761 0.5813284204782985
0.02572527049167897 4.375513276923409 32.33695310573808 -20.457638016169362 17.16335768361059 -23.433255058743228 2.596681700236653 1.7254206920140522 13.681495262787761 0.5813284204782985
0.025725270439494775 4.375513276923409 32.33695310573808 -20.457638016169362 17.16335767361059 -23.433255048743227 2.596681700236653 1.7254206920140522 13.681495262787761 0.5813284204782985
0.0297734744597658 4.375513276923409 32.33695310573808 -20.457638016169362 17.16335767361059 -23.433255058743228 2.596681710236653 1.7254206920140522 13.681495262787761 0.5813284204782985
0.0297734746265336 4.375513276923409 32.33695310573808 -20.457638016169362 17.16335767361059 -23.433255058743228 2.596681700236653 1.7254207020140522 13.681495262787761 0.5813284204782985
0.02572527061092146 4.375513276923409 32.33695310573808 -20.457638016169362 17.16335767361059 -23.433255058743228 2.596681700236653 1.7254206920140522 13.681495272787762 0.5813284204782985
0.02572527068308852 4.375513276923409 32.33695310573808 -20.457638016169362 17.16335767361059 -23.433255058743228 2.596681700236653 1.7254206920140522 13.681495262787761 0.5813284304782985
0.02572527067097533 4.375513280493573 32.3369531054045 -20.45763801627177 17.163357673567287 -23.43325505899027 2.5966817020852413 1.7254206901685678 13.681495262352021 0.5813284249487499
0.02572527041205939 4.375513290493573 32.3369531054045 -20.45763801627177 17.163357673567287 -23.43325505899027 2.5966817020852413 1.7254206901685678 13.681495262352021 0.5813284249487499
0.025725270568877592 4.375513280493573 32.3369531154045 -20.45763801627177 17.163357673567287 -23.43325505899027 2.5966817020852413 1.7254206901685678 13.681495262352021 0.5813284249487499
0.025725270632644424 4.375513280493573 32.3369531054045 -20.457638006271768 17.163357673567287 -23.43325505899027 2.5966817020852413 1.7254206901685678 13.681495262352021 0.5813284249487499
0.025725270637948203 4.375513280493573 32.3369531054045 -20.45763801627177 17.163357683567288 -23.43325505899027 2.5966817020852413 1.7254206901685678 13.681495262352021 0.5813284249487499
0.025725270585764452 4.375513280493573 32.3369531054045 -20.45763801627177 17.163357673567287 -23.43325504899027 2.5966817020852413 1.7254206901685678 13.681495262352021 0.5813284249487499
0.029773474872778705 4.375513280493573 32.3369531054045 -20.45763801627177 17.163357673567287 -23.43325505899027 2.5966817120852412 1.7254206901685678 13.681495262352021 0.5813284249487499
0.029773475039559776 4.375513280493573 32.3369531054045 -20.45763801627177 17.163357673567287 -23.43325505899027 2.5966817020852413 1.7254207001685677 13.681495262352021 0.5813284249487499
0.025725270757192505 4.375513280493573 32.3369531054045 -20.45763801627177 17.163357673567287 -23.43325505899027 2.5966817020852413 1.7254206901685678 13.681495272352022 0.5813284249487499
0.025725270829354538 4.375513280493573 32.3369531054045 -20.45763801627177 17.163357673567287 -23.43325505899027 2.5966817020852413 1.7254206901685678 13.681495262352021 0.58132843494875
0.02572527070183819 4.375513281247128 32.33695310533409 -20.457638016293384 17.163357673558146 -23.433255059042413 2.5966817024754225 1.7254206897790416 13.681495262260048 0.5813284258923277
0.025725270442934024 4.3755132912471275 32.33695310533409 -20.457638016293384 17.163357673558146 -23.433255059042413 2.5966817024754225 1.7254206897790416 13.681495262260048 0.5813284258923277
0.025725270599743794 4.375513281247128 32.33695311533409 -20.457638016293384 17.163357673558146 -23.433255059042413 2.5966817024754225 1.7254206897790416 13.681495262260048 0.5813284258923277
0.025725270663514592 4.375513281247128 32.33695310533409 -20.457638006293383 17.163357673558146 -23.433255059042413 2.5966817024754225 1.7254206897790416 13.681495262260048 0.5813284258923277
0.025725270668812063 4.375513281247128 32.33695310533409 -20.457638016293384 17.163357683558147 -23.433255059042413 2.5966817024754225 1.7254206897790416 13.681495262260048 0.5813284258923277
0.02572527061662853 4.375513281247128 32.33695310533409 -20.457638016293384 17.163357673558146 -23.433255049042412 2.5966817024754225 1.7254206897790416 13.681495262260048 0.5813284258923277
0.029773474959940337 4.375513281247128 32.33695310533409 -20.457638016293384 17.163357673558146 -23.433255059042413 2.5966817124754225 1.7254206897790416 13.681495262260048 0.5813284258923277
0.029773475126734592 4.375513281247128 32.33695310533409 -20.457638016293384 17.163357673558146 -23.433255059042413 2.5966817024754225 1.7254206997790416 13.681495262260048 0.5813284258923277
0.02572527078806498 4.375513281247128 32.33695310533409 -20.457638016293384 17.163357673558146 -23.433255059042413 2.5966817024754225 1.7254206897790416 13.68149527226005 0.5813284258923277
0.025725270860230853 4.375513281247128 32.33695310533409 -20.457638016293384 17.163357673558146 -23.433255059042413 2.5966817024754225 1.7254206897790416 13.681495262260048 0.5813284358923277
0.02572527070836033 4.37551328140618 32.33695310531923 -20.457638016297945 17.163357673556217 -23.43325505905342 2.596681702557778 1.7254206896968245 13.681495262240636 0.5813284260914885
0.025725270449446558 4.37551329140618 32.33695310531923 -20.457638016297945 17.163357673556217 -23.43325505905342 2.596681702557778 1.7254206896968245 13.681495262240636 0.5813284260914885
0.025725270606264936 4.37551328140618 32.33695311531923 -20.457638016297945 17.163357673556217 -23.43325505905342 2.596681702557778 1.7254206896968245 13.681495262240636 0.5813284260914885
0.02572527067003494 4.37551328140618 32.33695310531923 -20.457638006297945 17.163357673556217 -23.43325505905342 2.596681702557778 1.7254206896968245 13.681495262240636 0.5813284260914885
0.02572527067533427 4.37551328140618 32.33695310531923 -20.457638016297945 17.163357683556217 -23.43325505905342 2.596681702557778 1.7254206896968245 13.681495262240636 0.5813284260914885
0.025725270623153475 4.37551328140618 32.33695310531923 -20.457638016297945 17.163357673556217 -23.433255049053418 2.596681702557778 1.7254206896968245 13.681495262240636 0.5813284260914885
0.029773474978337006 4.37551328140618 32.33695310531923 -20.457638016297945 17.163357673556217 -23.43325505905342 2.596681712557778 1.7254206896968245 13.681495262240636 0.5813284260914885
0.02977347514513355 4.37551328140618 32.33695310531923 -20.457638016297945 17.163357673556217 -23.43325505905342 2.596681702557778 1.7254206996968244 13.681495262240636 0.5813284260914885
0.025725270794584545 4.37551328140618 32.33695310531923 -20.457638016297945 17.163357673556217 -23.43325505905342 2.596681702557778 1.7254206896968245 13.681495272240637 0.5813284260914885
0.025725270866743054 4.37551328140618 32.33695310531923 -20.457638016297945 17.163357673556217 -23.43325505905342 2.596681702557778 1.7254206896968245 13.681495262240636 0.5813284360914885
0.025725270709733124 4.375513281439751 32.33695310531609 -20.457638016298908 17.16335767355581 -23.433255059055742 2.596681702575161 1.7254206896794708 13.681495262236538 0.5813284261335253
0.025725270450825104 4.375513291439751 32.33695310531609 -20.457638016298908 17.16335767355581 -23.433255059055742 2.596681702575161 1.7254206896794708 13.681495262236538 0.5813284261335253
0.025725270607635558 4.375513281439751 32.33695311531609 -20.457638016298908 17.16335767355581 -23.433255059055742 2.596681702575161 1.7254206896794708 13.681495262236538 0.5813284261335253
0.0257252706714084 4.375513281439751 32.33695310531609 -20.457638006298907 17.16335767355581 -23.433255059055742 2.596681702575161 1.7254206896794708 13.681495262236538 0.5813284261335253
0.025725270676707674 4.375513281439751 32.33695310531609 -20.457638016298908 17.163357683555812 -23.433255059055742 2.596681702575161 1.7254206896794708 13.681495262236538 0.5813284261335253
0.025725270624528406 4.375513281439751 32.33695310531609 -20.457638016298908 17.16335767355581 -23.43325504905574 2.596681702575161 1.7254206896794708 13.681495262236538 0.5813284261335253
0.029773474982203684 4.375513281439751 32.33695310531609 -20.457638016298908 17.16335767355581 -23.433255059055742 2.596681712575161 1.7254206896794708 13.681495262236538 0.5813284261335253
0.029773475148999497 4.375513281439751 32.33695310531609 -20.457638016298908 17.16335767355581 -23.433255059055742 2.596681702575161 1.7254206996794708 13.681495262236538 0.5813284261335253
0.025725270795955914 4.375513281439751 32.33695310531609 -20.457638016298908 17.16335767355581 -23.433255059055742 2.596681702575161 1.7254206896794708 13.681495272236539 0.5813284261335253
0.025725270868119404 4.375513281439751 32.33695310531609 -20.457638016298908 17.16335767355581 -23.433255059055742 2.596681702575161 1.7254206896794708 13.681495262236538 0.5813284361335254
0.025725270710024187 4.375513281446837 32.33695310531543 -20.457638016299114 17.163357673555723 -23.433255059056233 2.59668170257883 1.725420689675808 13.681495262235673 0.5813284261423981
0.025725270451112347 4.375513291446837 32.33695310531543 -20.457638016299114 17.163357673555723 -23.433255059056233 2.59668170257883 1.725420689675808 13.681495262235673 0.5813284261423981
0.025725270607927942 4.375513281446837 32.33695311531543 -20.457638016299114 17.163357673555723 -23.433255059056233 2.59668170257883 1.725420689675808 13.681495262235673 0.5813284261423981
0.025725270671699364 4.375513281446837 32.33695310531543 -20.457638006299113 17.163357673555723 -23.433255059056233 2.59668170257883 1.725420689675808 13.681495262235673 0.5813284261423981
0.025725270676997276 4.375513281446837 32.33695310531543 -20.457638016299114 17.163357683555724 -23.433255059056233 2.59668170257883 1.725420689675808 13.681495262235673 0.5813284261423981
0.02572527062481491 4.375513281446837 32.33695310531543 -20.457638016299114 17.163357673555723 -23.433255049056232 2.59668170257883 1.725420689675808 13.681495262235673 0.5813284261423981
0.029773474983053595 4.375513281446837 32.33695310531543 -20.457638016299114 17.163357673555723 -23.433255059056233 2.59668171257883 1.725420689675808 13.681495262235673 0.5813284261423981
0.029773475149838486 4.375513281446837 32.33695310531543 -20.457638016299114 17.163357673555723 -23.433255059056233 2.59668170257883 1.725420699675808 13.681495262235673 0.5813284261423981
0.025725270796250577 4.375513281446837 32.33695310531543 -20.457638016299114 17.163357673555723 -23.433255059056233 2.59668170257883 1.725420689675808 13.681495272235674 0.5813284261423981
0.0257252708684114 4.375513281446837 32.33695310531543 -20.457638016299114 17.163357673555723 -23.433255059056233 2.59668170257883 1.725420689675808 13.681495262235673 0.5813284361423982
0.025725270710086897 4.375513281448332 32.33695310531529 -20.457638016299157 17.163357673555705 -23.433255059056336 2.596681702579604 1.725420689675035 13.68149526223549 0.5813284261442708
0.02572527045117651 4.375513291448332 32.33695310531529 -20.457638016299157 17.163357673555705 -23.433255059056336 2.596681702579604 1.725420689675035 13.68149526223549 0.5813284261442708
0.025725270607989976 4.375513281448332 32.33695311531529 -20.457638016299157 17.163357673555705 -23.433255059056336 2.596681702579604 1.725420689675035 13.68149526223549 0.5813284261442708
0.02572527067176066 4.375513281448332 32.33695310531529 -20.457638006299156 17.163357673555705 -23.433255059056336 2.596681702579604 1.725420689675035 13.68149526223549 0.5813284261442708
0.025725270677057772 4.375513281448332 32.33695310531529 -20.457638016299157 17.163357683555706 -23.433255059056336 2.596681702579604 1.725420689675035 13.68149526223549 0.5813284261442708
0.025725270624880014 4.375513281448332 32.33695310531529 -20.457638016299157 17.163357673555705 -23.433255049056335 2.596681702579604 1.725420689675035 13.68149526223549 0.5813284261442708
0.02977347498325842 4.375513281448332 32.33695310531529 -20.457638016299157 17.163357673555705 -23.433255059056336 2.596681712579604 1.725420689675035 13.68149526223549 0.5813284261442708
0.029773475149986864 4.375513281448332 32.33695310531529 -20.457638016299157 17.163357673555705 -23.433255059056336 2.596681702579604 1.725420699675035 13.68149526223549 0.5813284261442708
0.025725270796313048 4.375513281448332 32.33695310531529 -20.457638016299157 17.163357673555705 -23.433255059056336 2.596681702579604 1.725420689675035 13.681495272235491 0.5813284261442708
0.025725270868469527 4.375513281448332 32.33695310531529 -20.457638016299157 17.163357673555705 -23.433255059056336 2.596681702579604 1.725420689675035 13.68149526223549 0.5813284361442709
0.025725270710100608 4.375513281448648 32.33695310531526 -20.457638016299164 17.1633576735557 -23.433255059056357 2.596681702579768 1.7254206896748718 13.681495262235453 0.5813284261446661
0.02572527045118768 4.375513291448648 32.33695310531526 -20.457638016299164 17.1633576735557 -23.433255059056357 2.596681702579768 1.7254206896748718 13.681495262235453 0.5813284261446661
0.02572527060800491 4.375513281448648 32.33695311531526 -20.457638016299164 17.1633576735557 -23.433255059056357 2.596681702579768 1.7254206896748718 13.681495262235453 0.5813284261446661
0.025725270671776997 4.375513281448648 32.33695310531526 -20.457638006299163 17.1633576735557 -23.433255059056357 2.596681702579768 1.7254206896748718 13.681495262235453 0.5813284261446661
0.02572527067706958 4.375513281448648 32.33695310531526 -20.457638016299164 17.163357683555702 -23.433255059056357 2.596681702579768 1.7254206896748718 13.681495262235453 0.5813284261446661
0.02572527062489889 4.375513281448648 32.33695310531526 -20.457638016299164 17.1633576735557 -23.433255049056356 2.596681702579768 1.7254206896748718 13.681495262235453 0.5813284261446661
0.029773474983288434 4.375513281448648 32.33695310531526 -20.457638016299164 17.1633576735557 -23.433255059056357 2.596681712579768 1.7254206896748718 13.681495262235453 0.5813284261446661
0.029773475150025656 4.375513281448648 32.33695310531526 -20.457638016299164 17.1633576735557 -23.433255059056357 2.596681702579768 1.7254206996748718 13.681495262235453 0.5813284261446661
0.025725270796322627 4.375513281448648 32.33695310531526 -20.457638016299164 17.1633576735557 -23.433255059056357 2.596681702579768 1.7254206896748718 13.681495272235454 0.5813284261446661
0.02572527086848573 4.375513281448648 32.33695310531526 -20.457638016299164 17.1633576735557 -23.433255059056357 2.596681702579768 1.7254206896748718 13.681495262235453 0.5813284361446661
0.02572527071010202 4.375513281448715 32.33695310531525 -20.457638016299168 17.1633576735557 -23.433255059056364 2.596681702579802 1.7254206896748372 13.681495262235444 0.5813284261447496
0.02572527045118799 4.375513291448715 32.33695310531525 -20.457638016299168 17.1633576735557 -23.433255059056364 2.596681702579802 1.7254206896748372 13.681495262235444 0.5813284261447496
0.025725270608009228 4.375513281448715 32.336953115315254 -20.457638016299168 17.1633576735557 -23.433255059056364 2.596681702579802 1.7254206896748372 13.681495262235444 0.5813284261447496
0.025725270671779273 4.375513281448715 32.33695310531525 -20.457638006299167 17.1633576735557 -23.433255059056364 2.596681702579802 1.7254206896748372 13.681495262235444 0.5813284261447496
0.02572527067707196 4.375513281448715 32.33695310531525 -20.457638016299168 17.163357683555702 -23.433255059056364 2.596681702579802 1.7254206896748372 13.681495262235444 0.5813284261447496
0.025725270624899762 4.375513281448715 32.33695310531525 -20.457638016299168 17.1633576735557 -23.433255049056363 2.596681702579802 1.7254206896748372 13.681495262235444 0.5813284261447496
0.029773474983302226 4.375513281448715 32.33695310531525 -20.457638016299168 17.1633576735557 -23.433255059056364 2.596681712579802 1.7254206896748372 13.681495262235444 0.5813284261447496
0.029773475150032112 4.375513281448715 32.33695310531525 -20.457638016299168 17.1633576735557 -23.433255059056364 2.596681702579802 1.7254206996748371 13.681495262235444 0.5813284261447496
0.02572527079632557 4.375513281448715 32.33695310531525 -20.457638016299168 17.1633576735557 -23.433255059056364 2.596681702579802 1.7254206896748372 13.681495272235445 0.5813284261447496
0.02572527086848897 4.375513281448715 32.33695310531525 -20.457638016299168 17.1633576735557 -23.433255059056364 2.596681702579802 1.7254206896748372 13.681495262235444 0.5813284361447496
0.025725270710102246 4.375513281448729 32.33695310531525 -20.457638016299168 17.1633576735557 -23.433255059056364 2.5966817025798097 1.72542068967483 13.681495262235442 0.5813284261447672
0.025725270451188883 4.375513291448729 32.33695310531525 -20.457638016299168 17.1633576735557 -23.433255059056364 2.5966817025798097 1.72542068967483 13.681495262235442 0.5813284261447672
0.025725270608007247 4.375513281448729 32.336953115315254 -20.457638016299168 17.1633576735557 -23.433255059056364 2.5966817025798097 1.72542068967483 13.681495262235442 0.5813284261447672
0.025725270671780306 4.375513281448729 32.33695310531525 -20.457638006299167 17.1633576735557 -23.433255059056364 2.5966817025798097 1.72542068967483 13.681495262235442 0.5813284261447672
0.025725270677073846 4.375513281448729 32.33695310531525 -20.457638016299168 17.163357683555702 -23.433255059056364 2.5966817025798097 1.72542068967483 13.681495262235442 0.5813284261447672
0.025725270624896768 4.375513281448729 32.33695310531525 -20.457638016299168 17.1633576735557 -23.433255049056363 2.5966817025798097 1.72542068967483 13.681495262235442 0.5813284261447672
0.029773474983296598 4.375513281448729 32.33695310531525 -20.457638016299168 17.1633576735557 -23.433255059056364 2.5966817125798096 1.72542068967483 13.681495262235442 0.5813284261447672
0.029773475150037 4.375513281448729 32.33695310531525 -20.457638016299168 17.1633576735557 -23.433255059056364 2.5966817025798097 1.72542069967483 13.681495262235442 0.5813284261447672
0.025725270796325934 4.375513281448729 32.33695310531525 -20.457638016299168 17.1633576735557 -23.433255059056364 2.5966817025798097 1.72542068967483 13.681495272235443 0.5813284261447672
0.025725270868489154 4.375513281448729 32.33695310531525 -20.457638016299168 17.1633576735557 -23.433255059056364 2.5966817025798097 1.72542068967483 13.681495262235442 0.5813284361447673
0.025725270710101274 4.375513281448732 32.33695310531525 -20.457638016299168 17.1633576735557 -23.433255059056364 2.596681702579811 1.7254206896748285 13.681495262235442 0.5813284261447709
0.025725270451189275 4.375513291448732 32.33695310531525 -20.457638016299168 17.1633576735557 -23.433255059056364 2.596681702579811 1.7254206896748285 13.681495262235442 0.5813284261447709
0.025725270608007056 4.375513281448732 32.336953115315254 -20.457638016299168 17.1633576735557 -23.433255059056364 2.596681702579811 1.7254206896748285 13.681495262235442 0.5813284261447709
0.025725270671781125 4.375513281448732 32.33695310531525 -20.457638006299167 17.1633576735557 -23.433255059056364 2.596681702579811 1.7254206896748285 13.681495262235442 0.5813284261447709
0.02572527067707221 4.375513281448732 32.33695310531525 -20.457638016299168 17.163357683555702 -23.433255059056364 2.596681702579811 1.7254206896748285 13.681495262235442 0.5813284261447709
0.02572527062489959 4.375513281448732 32.33695310531525 -20.457638016299168 17.1633576735557 -23.433255049056363 2.596681702579811 1.7254206896748285 13.681495262235442 0.5813284261447709
0.02977347498329699 4.375513281448732 32.33695310531525 -20.457638016299168 17.1633576735557 -23.433255059056364 2.596681712579811 1.7254206896748285 13.681495262235442 0.5813284261447709
0.029773475150034298 4.375513281448732 32.33695310531525 -20.457638016299168 17.1633576735557 -23.433255059056364 2.596681702579811 1.7254206996748285 13.681495262235442 0.5813284261447709
0.025725270796326194 4.375513281448732 32.33695310531525 -20.457638016299168 17.1633576735557 -23.433255059056364 2.596681702579811 1.7254206896748285 13.681495272235443 0.5813284261447709
0.0257252708684896 4.375513281448732 32.33695310531525 -20.457638016299168 17.1633576735557 -23.433255059056364 2.596681702579811 1.7254206896748285 13.681495262235442 0.5813284361447709
0.025725270710101753 4.375513281448731 32.33695310531525 -20.457638016299168 17.1633576735557 -23.433255059056364 2.5966817025798106 1.7254206896748288 13.681495262235442 0.5813284261447701
0.025725270451189827 4.375513291448731 32.33695310531525 -20.457638016299168 17.1633576735557 -23.433255059056364 2.5966817025798106 1.7254206896748288 13.681495262235442 0.5813284261447701
0.025725270608006893 4.375513281448731 32.336953115315254 -20.457638016299168 17.1633576735557 -23.433255059056364 2.5966817025798106 1.7254206896748288 13.681495262235442 0.5813284261447701
0.025725270671780234 4.375513281448731 32.33695310531525 -20.457638006299167 17.1633576735557 -23.433255059056364 2.5966817025798106 1.7254206896748288 13.681495262235442 0.5813284261447701
0.025725270677073038 4.375513281448731 32.33695310531525 -20.457638016299168 17.163357683555702 -23.433255059056364 2.5966817025798106 1.7254206896748288 13.681495262235442 0.5813284261447701
0.025725270624898294 4.375513281448731 32.33695310531525 -20.457638016299168 17.1633576735557 -23.433255049056363 2.5966817025798106 1.7254206896748288 13.681495262235442 0.5813284261447701
0.029773474983296667 4.375513281448731 32.33695310531525 -20.457638016299168 17.1633576735557 -23.433255059056364 2.5966817125798105 1.7254206896748288 13.681495262235442 0.5813284261447701
0.029773475150037355 4.375513281448731 32.33695310531525 -20.457638016299168 17.1633576735557 -23.433255059056364 2.5966817025798106 1.7254206996748287 13.681495262235442 0.5813284261447701
0.02572527079632619 4.375513281448731 32.33695310531525 -20.457638016299168 17.1633576735557 -23.433255059056364 2.5966817025798106 1.7254206896748288 13.681495272235443 0.5813284261447701
0.025725270868489507 4.375513281448731 32.33695310531525 -20.457638016299168 17.1633576735557 -23.433255059056364 2.5966817025798106 1.7254206896748288 13.681495262235442 0.5813284361447701
nan 4.40140445588007 32.347162582872095 -20.453805954864983 17.166660615577083 -23.42473480720229 -404817.833098049 -404818.7210328653 13.672872778278164 0.565489663978157
nan 4.40140446588007 32.347162582872095 -20.453805954864983 17.166660615577083 -23.42473480720229 -404817.833098049 -404818.7210328653 13.672872778278164 0.565489663978157
nan 4.40140445588007 32.347162592872095 -20.453805954864983 17.166660615577083 -23.42473480720229 -404817.833098049 -404818.7210328653 13.672872778278164 0.565489663978157
nan 4.40140445588007 32.347162582872095 -20.453805944864982 17.166660615577083 -23.42473480720229 -404817.833098049 -404818.7210328653 13.672872778278164 0.565489663978157
nan 4.40140445588007 32.347162582872095 -20.453805954864983 17.166660625577084 -23.42473480720229 -404817.833098049 -404818.7210328653 13.672872778278164 0.565489663978157
nan 4.40140445588007 32.347162582872095 -20.453805954864983 17.166660615577083 -23.42473479720229 -404817.833098049 -404818.7210328653 13.672872778278164 0.565489663978157
nan 4.40140445588007 32.347162582872095 -20.453805954864983 17.166660615577083 -23.42473480720229 -404817.833098039 -404818.7210328653 13.672872778278164 0.565489663978157
nan 4.40140445588007 32.347162582872095 -20.453805954864983 17.166660615577083 -23.42473480720229 -404817.833098049 -404818.7210328553 13.672872778278164 0.565489663978157
nan 4.40140445588007 32.347162582872095 -20.453805954864983 17.166660615577083 -23.42473480720229 -404817.833098049 -404818.7210328653 13.672872788278164 0.565489663978157
nan 4.40140445588007 32.347162582872095 -20.453805954864983 17.166660615577083 -23.42473480720229 -404817.833098049 -404818.7210328653 13.672872778278164 0.5654896739781571
nan 4.50496915360542 32.38800049309946 -20.438477709128243 17.17987238366261 -23.390653799786 -2024099.5522170553 -2024100.5068470852 13.63838284244905 0.5021346153116977
nan 4.50496916360542 32.38800049309946 -20.438477709128243 17.17987238366261 -23.390653799786 -2024099.5522170553 -2024100.5068470852 13.63838284244905 0.5021346153116977
nan 4.50496915360542 32.38800050309946 -20.438477709128243 17.17987238366261 -23.390653799786 -2024099.5522170553 -2024100.5068470852 13.63838284244905 0.5021346153116977
nan 4.50496915360542 32.38800049309946 -20.438477699128242 17.17987238366261 -23.390653799786 -2024099.5522170553 -2024100.5068470852 13.63838284244905 0.5021346153116977
nan 4.50496915360542 32.38800049309946 -20.438477709128243 17.17987239366261 -23.390653799786 -2024099.5522170553 -2024100.5068470852 13.63838284244905 0.5021346153116977
nan 4.50496915360542 32.38800049309946 -20.438477709128243 17.17987238366261 -23.390653789786 -2024099.5522170553 -2024100.5068470852 13.63838284244905 0.5021346153116977
nan 4.50496915360542 32.38800049309946 -20.438477709128243 17.17987238366261 -23.390653799786 -2024099.5522170453 -2024100.5068470852 13.63838284244905 0.5021346153116977
nan 4.50496915360542 32.38800049309946 -20.438477709128243 17.17987238366261 -23.390653799786 -2024099.5522170553 -2024100.5068470752 13.63838284244905 0.5021346153116977
nan 4.50496915360542 32.38800049309946 -20.438477709128243 17.17987238366261 -23.390653799786 -2024099.5522170553 -2024100.5068470852 13.63838285244905 0.5021346153116977
nan 4.50496915360542 32.38800049309946 -20.438477709128243 17.17987238366261 -23.390653799786 -2024099.5522170553 -2024100.5068470852 13.63838284244905 0.5021346253116977
nan 4.91922794450682 32.55135213400893 -20.377164726181284 17.232719456004713 -23.25432977012084 -8501226.42869308 -8501227.650103966 13.500423099132592 0.24871442064586025
nan 4.91922795450682 32.55135213400893 -20.377164726181284 17.232719456004713 -23.25432977012084 -8501226.42869308 -8501227.650103966 13.500423099132592 0.24871442064586025
nan 4.91922794450682 32.55135214400893 -20.377164726181284 17.232719456004713 -23.25432977012084 -8501226.42869308 -8501227.650103966 13.500423099132592 0.24871442064586025
nan 4.91922794450682 32.55135213400893 -20.377164716181284 17.232719456004713 -23.25432977012084 -8501226.42869308 -8501227.650103966 13.500423099132592 0.24871442064586025
nan 4.91922794450682 32.55135213400893 -20.377164726181284 17.232719466004713 -23.25432977012084 -8501226.42869308 -8501227.650103966 13.500423099132592 0.24871442064586025
nan 4.91922794450682 32.55135213400893 -20.377164726181284 17.232719456004713 -23.25432976012084 -8501226.42869308 -8501227.650103966 13.500423099132592 0.24871442064586025
nan 4.91922794450682 32.55135213400893 -20.377164726181284 17.232719456004713 -23.25432977012084 -8501226.428693071 -8501227.650103966 13.500423099132592 0.24871442064586025
nan 4.91922794450682 32.55135213400893 -20.377164726181284 17.232719456004713 -23.25432977012084 -8501226.42869308 -8501227.650103956 13.500423099132592 0.24871442064586025
nan 4.91922794450682 32.55135213400893 -20.377164726181284 17.232719456004713 -23.25432977012084 -8501226.42869308 -8501227.650103966 13.500423109132592 0.24871442064586025
nan 4.91922794450682 32.55135213400893 -20.377164726181284 17.232719456004713 -23.25432977012084 -8501226.42869308 -8501227.650103966 13.500423099132592 0.24871443064586024
nan 6.5762631081124185 33.2047586976468 -20.13191279439345 17.444107745373127 -22.709033651460196 -34409733.93459719 -34409736.22313148 12.94858412586676 -0.7649663580174894
nan 6.5762631181124185 33.2047586976468 -20.13191279439345 17.444107745373127 -22.709033651460196 -34409733.93459719 -34409736.22313148 12.94858412586676 -0.7649663580174894
nan 6.5762631081124185 33.2047587076468 -20.13191279439345 17.444107745373127 -22.709033651460196 -34409733.93459719 -34409736.22313148 12.94858412586676 -0.7649663580174894
nan 6.5762631081124185 33.2047586976468 -20.13191278439345 17.444107745373127 -22.709033651460196 -34409733.93459719 -34409736.22313148 12.94858412586676 -0.7649663580174894
nan 6.5762631081124185 33.2047586976468 -20.13191279439345 17.44410775537313 -22.709033651460196 -34409733.93459719 -34409736.22313148 12.94858412586676 -0.7649663580174894
nan 6.5762631081124185 33.2047586976468 -20.13191279439345 17.444107745373127 -22.709033641460195 -34409733.93459719 -34409736.22313148 12.94858412586676 -0.7649663580174894
nan 6.5762631081124185 33.2047586976468 -20.13191279439345 17.444107745373127 -22.709033651460196 -34409733.93459718 -34409736.22313148 12.94858412586676 -0.7649663580174894
nan 6.5762631081124185 33.2047586976468 -20.13191279439345 17.444107745373127 -22.709033651460196 -34409733.93459719 -34409736.22313147 12.94858412586676 -0.7649663580174894
nan 6.5762631081124185 33.2047586976468 -20.13191279439345 17.444107745373127 -22.709033651460196 -34409733.93459719 -34409736.22313148 12.948584135866762 -0.7649663580174894
nan 6.5762631081124185 33.2047586976468 -20.13191279439345 17.444107745373127 -22.709033651460196 -34409733.93459719 -34409736.22313148 12.94858412586676 -0.7649663480174893
3171.8565644131063 13.204403762534813 35.81838495219829 -19.150905067242114 18.289660902846787 -20.527849176817618 -138043763.95821357 -138043770.51524156 10.741228232803438 -4.8196894726708885
3171.856578823469 13.204403772534814 35.81838495219829 -19.150905067242114 18.289660902846787 -20.527849176817618 -138043763.95821357 -138043770.51524156 10.741228232803438 -4.8196894726708885
3171.8565644131063 13.204403762534813 35.818384962198294 -19.150905067242114 18.289660902846787 -20.527849176817618 -138043763.95821357 -138043770.51524156 10.741228232803438 -4.8196894726708885
3171.8565644131063 13.204403762534813 35.81838495219829 -19.150905057242113 18.289660902846787 -20.527849176817618 -138043763.95821357 -138043770.51524156 10.741228232803438 -4.8196894726708885
3171.8565644131063 13.204403762534813 35.81838495219829 -19.150905067242114 18.289660912846788 -20.527849176817618 -138043763.95821357 -138043770.51524156 10.741228232803438 -4.8196894726708885
3171.8565644131063 13.204403762534813 35.81838495219829 -19.150905067242114 18.289660902846787 -20.527849166817617 -138043763.95821357 -138043770.51524156 10.741228232803438 -4.8196894726708885
3171.8565644131063 13.204403762534813 35.81838495219829 -19.150905067242114 18.289660902846787 -20.527849176817618 -138043766.01522595 -138043770.51524156 10.741228232803438 -4.8196894726708885
3171.8565644131063 13.204403762534813 35.81838495219829 -19.150905067242114 18.289660902846787 -20.527849176817618 -138043763.95821357 -138043772.57225403 10.741228232803438 -4.8196894726708885
3171.856567364733 13.204403762534813 35.81838495219829 -19.150905067242114 18.289660902846787 -20.527849176817618 -138043763.95821357 -138043770.51524156 10.74122824280344 -4.8196894726708885
3171.8565578314074 13.204403762534813 35.81838495219829 -19.150905067242114 18.289660902846787 -20.527849176817618 -138043763.95821357 -138043770.51524156 10.741228232803438 -4.819689462670889
1824891.3934802867 39.7169663802244 46.27288997040426 -15.226874158636768 21.671873532741426 -11.803111278247307 -552579884.0526792 -552579907.6836818 1.911804660550148 -21.038581931284483
1824891.3962371843 39.7169663902244 46.27288997040426 -15.226874158636768 21.671873532741426 -11.803111278247307 -552579884.0526792 -552579907.6836818 1.911804660550148 -21.038581931284483
1824891.3934802867 39.7169663802244 46.27288998040426 -15.226874158636768 21.671873532741426 -11.803111278247307 -552579884.0526792 -552579907.6836818 1.911804660550148 -21.038581931284483
1824891.3934802867 39.7169663802244 46.27288997040426 -15.226874148636767 21.671873532741426 -11.803111278247307 -552579884.0526792 -552579907.6836818 1.911804660550148 -21.038581931284483
1824891.3934802867 39.7169663802244 46.27288997040426 -15.226874158636768 21.671873542741427 -11.803111278247307 -552579884.0526792 -552579907.6836818 1.911804660550148 -21.038581931284483
1824891.3934802867 39.7169663802244 46.27288997040426 -15.226874158636768 21.671873532741426 -11.803111268247306 -552579884.0526792 -552579907.6836818 1.911804660550148 -21.038581931284483
1824891.3934802867 39.7169663802244 46.27288997040426 -15.226874158636768 21.671873532741426 -11.803111278247307 -552579892.2867612 -552579907.6836818 1.911804660550148 -21.038581931284483
1824891.3934802867 39.7169663802244 46.27288997040426 -15.226874158636768 21.671873532741426 -11.803111278247307 -552579884.0526792 -552579915.9177641 1.911804660550148 -21.038581931284483
1824891.4030273524 39.7169663802244 46.27288997040426 -15.226874158636768 21.671873532741426 -11.803111278247307 -552579884.0526792 -552579907.6836818 1.911804670550148 -21.038581931284483
1824891.392612586 39.7169663802244 46.27288997040426 -15.226874158636768 21.671873532741426 -11.803111278247307 -552579884.0526792 -552579907.6836818 1.911804660550148 -21.038581921284482
3171.8565644131063 13.204403762534813 35.81838495219829 -19.150905067242114 18.289660902846787 -20.527849176817618 -138043763.95821357 -138043770.51524156 10.741228232803438 -4.8196894726708885
3171.856578823469 13.204403772534814 35.81838495219829 -19.150905067242114 18.289660902846787 -20.527849176817618 -138043763.95821357 -138043770.51524156 10.741228232803438 -4.8196894726708885
3171.8565644131063 13.204403762534813 35.818384962198294 -19.150905067242114 18.289660902846787 -20.527849176817618 -138043763.95821357 -138043770.51524156 10.741228232803438 -4.8196894726708885
3171.8565644131063 13.204403762534813 35.81838495219829 -19.150905057242113 18.289660902846787 -20.527849176817618 -138043763.95821357 -138043770.51524156 10.741228232803438 -4.8196894726708885
3171.8565644131063 13.204403762534813 35.81838495219829 -19.150905067242114 18.289660912846788 -20.527849176817618 -138043763.95821357 -138043770.51524156 10.741228232803438 -4.8196894726708885
3171.8565644131063 13.204403762534813 35.81838495219829 -19.150905067242114 18.289660902846787 -20.527849166817617 -138043763.95821357 -138043770.51524156 10.741228232803438 -4.8196894726708885
3171.8565644131063 13.204403762534813 35.81838495219829 -19.150905067242114 18.289660902846787 -20.527849176817618 -138043766.01522595 -138043770.51524156 10.741228232803438 -4.8196894726708885
3171.8565644131063 13.204403762534813 35.81838495219829 -19.150905067242114 18.289660902846787 -20.527849176817618 -138043763.95821357 -138043772.57225403 10.741228232803438 -4.8196894726708885
3171.856567364733 13.204403762534813 35.81838495219829 -19.150905067242114 18.289660902846787 -20.527849176817618 -138043763.95821357 -138043770.51524156 10.74122824280344 -4.8196894726708885
3171.8565578314074 13.204403762534813 35.81838495219829 -19.150905067242114 18.289660902846787 -20.527849176817618 -138043763.95821357 -138043770.51524156 10.741228232803438 -4.819689462670889
0.5691896268185886 4.728912880179687 32.40993806452906 -20.42597835994438 17.187123897218854 -23.370339868938927 3.150121192047732 1.6724670937654809 13.646628785353208 0.7907544823937784
0.5691896406952422 4.728912890179687 32.40993806452906 -20.42597835994438 17.187123897218854 -23.370339868938927 3.150121192047732 1.6724670937654809 13.646628785353208 0.7907544823937784
0.5691896282407549 4.728912880179687 32.40993807452906 -20.42597835994438 17.187123897218854 -23.370339868938927 3.150121192047732 1.6724670937654809 13.646628785353208 0.7907544823937784
0.5691896272742943 4.728912880179687 32.40993806452906 -20.42597834994438 17.187123897218854 -23.370339868938927 3.150121192047732 1.6724670937654809 13.646628785353208 0.7907544823937784
0.5691896271319656 4.728912880179687 32.40993806452906 -20.42597835994438 17.187123907218854 -23.370339868938927 3.150121192047732 1.6724670937654809 13.646628785353208 0.7907544823937784
0.5691896278829782 4.728912880179687 32.40993806452906 -20.42597835994438 17.187123897218854 -23.370339858938927 3.150121192047732 1.6724670937654809 13.646628785353208 0.7907544823937784
0.5691896349317267 4.728912880179687 32.40993806452906 -20.42597835994438 17.187123897218854 -23.370339868938927 3.150121202047732 1.6724670937654809 13.646628785353208 0.7907544823937784
0.5691896526439312 4.728912880179687 32.40993806452906 -20.42597835994438 17.187123897218854 -23.370339868938927 3.150121192047732 1.6724671037654808 13.646628785353208 0.7907544823937784
0.5691896259494363 4.728912880179687 32.40993806452906 -20.42597835994438 17.187123897218854 -23.370339868938927 3.150121192047732 1.6724670937654809 13.646628795353209 0.7907544823937784
0.5691896336908635 4.728912880179687 32.40993806452906 -20.42597835994438 17.187123897218854 -23.370339868938927 3.150121192047732 1.6724670937654809 13.646628785353208 0.7907544923937785
0.6152345164511605 4.28490890215391 32.36443376321514 -20.440559333813923 17.177096939549592 -23.40439657869315 2.8905293861702104 0.846147208225781 13.674438591519113 0.5708659250180736
0.6152345257398331 4.28490891215391 32.36443376321514 -20.440559333813923 17.177096939549592 -23.40439657869315 2.8905293861702104 0.846147208225781 13.674438591519113 0.5708659250180736
0.6152345161390786 4.28490890215391 32.36443377321514 -20.440559333813923 17.177096939549592 -23.40439657869315 2.8905293861702104 0.846147208225781 13.674438591519113 0.5708659250180736
0.6152345162914725 4.28490890215391 32.36443376321514 -20.440559323813922 17.177096939549592 -23.40439657869315 2.8905293861702104 0.846147208225781 13.674438591519113 0.5708659250180736
0.5691896268185886 4.728912880179687 32.40993806452906 -20.42597835994438 17.187123897218854 -23.370339868938927 3.150121192047732 1.6724670937654809 13.646628785353208 0.7907544823937784
0.5691896406952422 4.728912890179687 32.40993806452906 -20.42597835994438 17.187123897218854 -23.370339868938927 3.150121192047732 1.6724670937654809 13.646628785353208 0.7907544823937784
